TaxaID_orig,modified_BCG,OTU_BCG,Notes,OTU_MMI,OTU_MMI_genus,OTU_bcgTaxaTolAnal
ABLABESMYIA,FALSE,ABLABESMYIA,,ABLABESMYIA,ABLABESMYIA,ABLABESMYIA
ACENTRELLA,FALSE,ACENTRELLA,,ACENTRELLA,ACENTRELLA,ACENTRELLA
ACERPENNA,FALSE,ACERPENNA,,ACERPENNA,ACERPENNA,ACERPENNA
ACERPENNA PYGMAEA,FALSE,ACERPENNA PYGMAEA,,ACERPENNA PYGMAEA,ACERPENNA,ACERPENNA PYGMAEA
ACILIUS,FALSE,ACILIUS,,ACILIUS,ACILIUS,ACILIUS
ACRONEURIA,FALSE,ACRONEURIA,,ACRONEURIA,ACRONEURIA,ACRONEURIA
ACRONEURIA ABNORMIS,FALSE,ACRONEURIA ABNORMIS,,ACRONEURIA ABNORMIS,ACRONEURIA,ACRONEURIA ABNORMIS
ACRONEURIA EVOLUTA,FALSE,ACRONEURIA EVOLUTA,,ACRONEURIA EVOLUTA,ACRONEURIA,ACRONEURIA EVOLUTA
ACRONEURIA PERPLEXA,FALSE,ACRONEURIA PERPLEXA,,ACRONEURIA PERPLEXA,ACRONEURIA,ACRONEURIA PERPLEXA
AEDES,FALSE,AEDES,,AEDES,AEDES,AEDES
AESHNA,FALSE,AESHNA,,AESHNA,AESHNA,AESHNA
AESHNA UMBROSA,FALSE,AESHNA UMBROSA,,AESHNA UMBROSA,AESHNA,AESHNA UMBROSA
AESHNIDAE,FALSE,AESHNIDAE,,AESHNIDAE,AESHNIDAE,AESHNIDAE
AGABUS,FALSE,AGABUS,,AGABUS,AGABUS,AGABUS
AGABUS DISINTEGRATUS,FALSE,AGABUS DISINTEGRATUS,,AGABUS DISINTEGRATUS,AGABUS,AGABUS DISINTEGRATUS
AGAPETUS,FALSE,AGAPETUS,,AGAPETUS,AGAPETUS,AGAPETUS
AGNETINA,FALSE,AGNETINA,,AGNETINA,AGNETINA,AGNETINA
AGNETINA FLAVESCENS,FALSE,AGNETINA FLAVESCENS,,AGNETINA FLAVESCENS,AGNETINA,AGNETINA FLAVESCENS
ALLOCAPNIA,FALSE,ALLOCAPNIA,,ALLOCAPNIA,ALLOCAPNIA,ALLOCAPNIA
ALLOCAPNIA VIVIPARA,FALSE,ALLOCAPNIA VIVIPARA,,ALLOCAPNIA VIVIPARA,ALLOCAPNIA,ALLOCAPNIA VIVIPARA
ALOTANYPUS,FALSE,ALOTANYPUS,,ALOTANYPUS,ALOTANYPUS,ALOTANYPUS
AMERCAENIS,FALSE,AMERCAENIS,,AMERCAENIS,AMERCAENIS,AMERCAENIS
AMERCAENIS RIDENS,FALSE,AMERCAENIS RIDENS,,AMERCAENIS RIDENS,AMERCAENIS,AMERCAENIS RIDENS
AMERCAENIS/CAENIS,FALSE,AMERCAENIS/CAENIS,,AMERCAENIS/CAENIS,AMERCAENIS/CAENIS,
AMNICOLA,FALSE,AMNICOLA,,AMNICOLA,AMNICOLA,AMNICOLA
AMNICOLA LIMOSA,FALSE,AMNICOLA LIMOSA,,AMNICOLA LIMOSA,AMNICOLA,AMNICOLA LIMOSA
AMPHINEMURA,FALSE,AMPHINEMURA,,AMPHINEMURA,AMPHINEMURA,AMPHINEMURA
AMPHINEMURA VARSHAVA,FALSE,AMPHINEMURA VARSHAVA,,AMPHINEMURA VARSHAVA,AMPHINEMURA,AMPHINEMURA VARSHAVA
AMPHIPODA,FALSE,AMPHIPODA,,AMPHIPODA,AMPHIPODA,AMPHIPODA
ANACAENA,FALSE,ANACAENA,,ANACAENA,ANACAENA,ANACAENA
ANAX,FALSE,ANAX,,ANAX,ANAX,ANAX
ANAX JUNIUS,FALSE,ANAX JUNIUS,,ANAX JUNIUS,ANAX,ANAX JUNIUS
ANCYLIDAE,FALSE,ANCYLIDAE,,ANCYLIDAE,ANCYLIDAE,ANCYLIDAE
ANCYRONYX,FALSE,ANCYRONYX,,ANCYRONYX,ANCYRONYX,ANCYRONYX
ANCYRONYX VARIEGATUS,FALSE,ANCYRONYX VARIEGATUS,,ANCYRONYX VARIEGATUS,ANCYRONYX,ANCYRONYX VARIEGATUS
ANOPHELES,FALSE,ANOPHELES,,ANOPHELES,ANOPHELES,ANOPHELES
ANTHOMYIIDAE,FALSE,ANTHOMYIIDAE,,ANTHOMYIIDAE,ANTHOMYIIDAE,ANTHOMYIIDAE
ANTHOPOTAMUS,FALSE,ANTHOPOTAMUS,,ANTHOPOTAMUS,ANTHOPOTAMUS,ANTHOPOTAMUS
ANTHOPOTAMUS MYOPS,FALSE,ANTHOPOTAMUS MYOPS,,ANTHOPOTAMUS MYOPS,ANTHOPOTAMUS,ANTHOPOTAMUS MYOPS
APOBAETIS,FALSE,APOBAETIS,,APOBAETIS,APOBAETIS,APOBAETIS
APSECTROTANYPUS,FALSE,APSECTROTANYPUS,,APSECTROTANYPUS,APSECTROTANYPUS,APSECTROTANYPUS
AQUARIUS,FALSE,AQUARIUS,,AQUARIUS,AQUARIUS,AQUARIUS
AQUARIUS NEBULARIS,FALSE,AQUARIUS NEBULARIS,,AQUARIUS NEBULARIS,AQUARIUS,AQUARIUS NEBULARIS
ARACHNIDA,FALSE,ARACHNIDA,,ARACHNIDA,ARACHNIDA,ARACHNIDA
ARCHILESTES,FALSE,ARCHILESTES,,ARCHILESTES,ARCHILESTES,ARCHILESTES
ARCHILESTES GRANDIS,FALSE,ARCHILESTES GRANDIS,,ARCHILESTES GRANDIS,ARCHILESTES,ARCHILESTES GRANDIS
ARGIA,FALSE,ARGIA,,ARGIA,ARGIA,ARGIA
ARGIA APICALIS,FALSE,ARGIA APICALIS,,ARGIA APICALIS,ARGIA,ARGIA APICALIS
ARGIA BIPUNCTULATA,FALSE,ARGIA BIPUNCTULATA,,ARGIA BIPUNCTULATA,ARGIA,ARGIA BIPUNCTULATA
ARGIA FUMIPENNIS,FALSE,ARGIA FUMIPENNIS,,ARGIA FUMIPENNIS,ARGIA,ARGIA FUMIPENNIS
ARGIA FUMIPENNIS VIOLACEA,TRUE,ARGIA FUMIPENNIS,removed subspecies,ARGIA FUMIPENNIS,ARGIA,ARGIA FUMIPENNIS VIOLACEA
ARGIA MOESTA,FALSE,ARGIA MOESTA,,ARGIA MOESTA,ARGIA,ARGIA MOESTA
ARGULUS,FALSE,ARGULUS,,ARGULUS,ARGULUS,ARGULUS
ARIGOMPHUS,FALSE,ARIGOMPHUS,,ARIGOMPHUS,ARIGOMPHUS,ARIGOMPHUS
ARIGOMPHUS LENTULUS,FALSE,ARIGOMPHUS LENTULUS,,ARIGOMPHUS LENTULUS,ARIGOMPHUS,ARIGOMPHUS LENTULUS
ARIGOMPHUS LENTULUS/GOMPHUS MILITARIS,FALSE,ARIGOMPHUS LENTULUS/GOMPHUS MILITARIS,,ARIGOMPHUS LENTULUS/GOMPHUS MILITARIS,ARIGOMPHUS LENTULUS/GOMPHUS MILITARIS,
ARIGOMPHUS SUBMEDIANUS,FALSE,ARIGOMPHUS SUBMEDIANUS,,ARIGOMPHUS SUBMEDIANUS,ARIGOMPHUS,ARIGOMPHUS SUBMEDIANUS
ASELLIDAE,FALSE,ASELLIDAE,,ASELLIDAE,ASELLIDAE,ASELLIDAE
ASELLUS,FALSE,ASELLUS,,ASELLUS,ASELLUS,CAECIDOTEA
ATHERIX,FALSE,ATHERIX,,ATHERIX,ATHERIX,ATHERIX
ATRICHOPOGON,FALSE,ATRICHOPOGON,,ATRICHOPOGON,ATRICHOPOGON,ATRICHOPOGON
ATTANEURIA,FALSE,ATTANEURIA,,ATTANEURIA,ATTANEURIA,ATTANEURIA
ATTANEURIA RURALIS,FALSE,ATTANEURIA RURALIS,,ATTANEURIA RURALIS,ATTANEURIA,ATTANEURIA RURALIS
AULODRILUS PLURISETA,FALSE,AULODRILUS PLURISETA,,AULODRILUS PLURISETA,OLIGOCHAETA,AULODRILUS PLURISETA
AXARUS,FALSE,AXARUS,,AXARUS,AXARUS,AXARUS
BACTRURUS,FALSE,BACTRURUS,,BACTRURUS,BACTRURUS,BACTRURUS
BAETIDAE,FALSE,BAETIDAE,,BAETIDAE,BAETIDAE,BAETIDAE
BAETIS,FALSE,BAETIS,,BAETIS,BAETIS,BAETIS
BAETIS INTERCALARIS,FALSE,BAETIS INTERCALARIS,,BAETIS INTERCALARIS,BAETIS,BAETIS INTERCALARIS
BAETIS/FALLCEON/HETEROCLOEON/PLAUDITUS,FALSE,BAETIS/FALLCEON/HETEROCLOEON/PLAUDITUS,,BAETIS/FALLCEON/HETEROCLOEON/PLAUDITUS,BAETIS/FALLCEON/HETEROCLOEON/PLAUDITUS,
BASIAESCHNA,FALSE,BASIAESCHNA,,BASIAESCHNA,BASIAESCHNA,BASIAESCHNA
BASIAESCHNA JANATA,FALSE,BASIAESCHNA JANATA,,BASIAESCHNA JANATA,BASIAESCHNA,BASIAESCHNA JANATA
BELOSTOMA,FALSE,BELOSTOMA,,BELOSTOMA,BELOSTOMA,BELOSTOMA
BELOSTOMATIDAE,FALSE,BELOSTOMATIDAE,,BELOSTOMATIDAE,BELOSTOMATIDAE,BELOSTOMATIDAE
BEROSUS,FALSE,BEROSUS,,BEROSUS,BEROSUS,BEROSUS
BEZZIA/PALPOMYIA,FALSE,BEZZIA/PALPOMYIA,,BEZZIA/PALPOMYIA,BEZZIA/PALPOMYIA,BEZZIA/PALPOMYIA
BIVALVIA,FALSE,BIVALVIA,,BIVALVIA,BIVALVIA,BIVALVIA
BOYERIA,FALSE,BOYERIA,,BOYERIA,BOYERIA,BOYERIA
BOYERIA VINOSA,FALSE,BOYERIA VINOSA,,BOYERIA VINOSA,BOYERIA,BOYERIA VINOSA
BRACHYCENTRUS,FALSE,BRACHYCENTRUS,,BRACHYCENTRUS,BRACHYCENTRUS,BRACHYCENTRUS
BRACHYCENTRUS NUMEROSUS,FALSE,BRACHYCENTRUS NUMEROSUS,,BRACHYCENTRUS NUMEROSUS,BRACHYCENTRUS,BRACHYCENTRUS NUMEROSUS
BRACHYCERCUS,FALSE,BRACHYCERCUS,,BRACHYCERCUS,BRACHYCERCUS,BRACHYCERCUS
BRANCHIOBDELLIDAE,FALSE,BRANCHIOBDELLIDAE,,BRANCHIOBDELLIDAE,BRANCHIOBDELLIDAE,BRANCHIOBDELLIDA
BRANCHIURA SOWERBYI,FALSE,BRANCHIURA SOWERBYI,,BRANCHIURA SOWERBYI,OLIGOCHAETA,BRANCHIURA SOWERBYI
BRATISLAVIA,FALSE,BRATISLAVIA,,BRATISLAVIA,OLIGOCHAETA,BRATISLAVIA
BRECHMORHOGA,FALSE,BRECHMORHOGA,,BRECHMORHOGA,BRECHMORHOGA,BRECHMORHOGA
BRECHMORHOGA MENDAX,FALSE,BRECHMORHOGA MENDAX,,BRECHMORHOGA MENDAX,BRECHMORHOGA,BRECHMORHOGA MENDAX
BRILLIA,FALSE,BRILLIA,,BRILLIA,BRILLIA,BRILLIA
BUENOA,FALSE,BUENOA,,BUENOA,BUENOA,BUENOA
BUENOA MARGARITACEA,FALSE,BUENOA MARGARITACEA,,BUENOA MARGARITACEA,BUENOA,BUENOA MARGARITACEA
CAECIDOTEA,FALSE,CAECIDOTEA,,CAECIDOTEA,CAECIDOTEA,CAECIDOTEA
CAENIDAE,FALSE,CAENIDAE,,CAENIDAE,CAENIDAE,CAENIDAE
CAENIS,FALSE,CAENIS,,CAENIS,CAENIS,CAENIS
CALLIBAETIS,FALSE,CALLIBAETIS,,CALLIBAETIS,CALLIBAETIS,CALLIBAETIS
CALLICORIXA,FALSE,CALLICORIXA,,CALLICORIXA,CALLICORIXA,CALLICORIXA
CALLIOBDELLA VIVIDA,FALSE,CALLIOBDELLA VIVIDA,,CALLIOBDELLA VIVIDA,PISCICOLIDAE,CALLIOBDELLA VIVIDA
CALOPTERYGIDAE,FALSE,CALOPTERYGIDAE,,CALOPTERYGIDAE,CALOPTERYGIDAE,CALOPTERYGIDAE
CALOPTERYX,FALSE,CALOPTERYX,,CALOPTERYX,CALOPTERYX,CALOPTERYX
CALOPTERYX MACULATA,FALSE,CALOPTERYX MACULATA,,CALOPTERYX MACULATA,CALOPTERYX,CALOPTERYX MACULATA
CAMBARIDAE,FALSE,CAMBARIDAE,,CAMBARIDAE,CAMBARIDAE,CAMBARIDAE
CAMBARINCOLA,FALSE,CAMBARINCOLA,,CAMBARINCOLA,OLIGOCHAETA,CAMBARINCOLA
CAMBARUS,FALSE,CAMBARUS,,CAMBARUS,CAMBARUS,CAMBARUS
CAMBARUS DIOGENES,FALSE,CAMBARUS DIOGENES,,CAMBARUS DIOGENES,CAMBARUS,CAMBARUS DIOGENES
CAMELOBAETIDIUS,FALSE,CAMELOBAETIDIUS,,CAMELOBAETIDIUS,CAMELOBAETIDIUS,CAMELOBAETIDIUS
CAPNIIDAE,FALSE,CAPNIIDAE,,CAPNIIDAE,CAPNIIDAE,CAPNIIDAE
CARABIDAE,FALSE,CARABIDAE,,CARABIDAE,CARABIDAE,EXCLUDE
CARDIOCLADIUS,FALSE,CARDIOCLADIUS,,CARDIOCLADIUS,CARDIOCLADIUS,CARDIOCLADIUS
CELINA,FALSE,CELINA,,CELINA,CELINA,CELINA
CELINA HUBBELLI,FALSE,CELINA HUBBELLI,,CELINA HUBBELLI,CELINA,CELINA HUBBELLI
CELITHEMIS,FALSE,CELITHEMIS,,CELITHEMIS,CELITHEMIS,CELITHEMIS
CELITHEMIS EPONINA,FALSE,CELITHEMIS EPONINA,,CELITHEMIS EPONINA,CELITHEMIS,CELITHEMIS EPONINA
CENOCORIXA,FALSE,CENOCORIXA,,CENOCORIXA,CENOCORIXA,CENOCORIXA
CENTROPTILUM,FALSE,CENTROPTILUM,,CENTROPTILUM,CENTROPTILUM,ANAFROPTILUM/NEOCLOEON
CERACLEA,FALSE,CERACLEA,,CERACLEA,CERACLEA,CERACLEA
CERACLEA ANCYLUS,FALSE,CERACLEA ANCYLUS,,CERACLEA ANCYLUS,CERACLEA,CERACLEA ANCYLUS
CERACLEA FLAVA,FALSE,CERACLEA FLAVA,,CERACLEA FLAVA,CERACLEA,CERACLEA FLAVA
CERACLEA MACULATA,FALSE,CERACLEA MACULATA,,CERACLEA MACULATA,CERACLEA,CERACLEA MACULATA
CERACLEA NEFFI,FALSE,CERACLEA NEFFI,,CERACLEA NEFFI,CERACLEA,CERACLEA NEFFI
CERACLEA NEPHA,FALSE,CERACLEA NEPHA,,CERACLEA NEPHA,CERACLEA,CERACLEA NEPHA
CERACLEA SPONGILLOVORAX,FALSE,CERACLEA SPONGILLOVORAX,,CERACLEA SPONGILLOVORAX,CERACLEA,CERACLEA SPONGILLOVORAX
CERACLEA TRANSVERSA,FALSE,CERACLEA TRANSVERSA,,CERACLEA TRANSVERSA,CERACLEA,CERACLEA TRANSVERSA
CERATOPOGON,FALSE,CERATOPOGON,,CERATOPOGON,CERATOPOGON,CERATOPOGON
CERATOPOGONIDAE,FALSE,CERATOPOGONIDAE,,CERATOPOGONIDAE,CERATOPOGONIDAE,CERATOPOGONIDAE
CERATOPSYCHE,FALSE,CERATOPSYCHE,,CERATOPSYCHE,CERATOPSYCHE,CERATOPSYCHE
CERATOPSYCHE MOROSA,FALSE,CERATOPSYCHE MOROSA,,CERATOPSYCHE MOROSA,CERATOPSYCHE,CERATOPSYCHE MOROSA
CERCOBRACHYS,FALSE,CERCOBRACHYS,,CERCOBRACHYS,CERCOBRACHYS,CERCOBRACHYS
CHAETARTHRIA,FALSE,CHAETARTHRIA,,CHAETARTHRIA,CHAETARTHRIA,CHAETARTHRIA
CHAOBORUS,FALSE,CHAOBORUS,,CHAOBORUS,CHAOBORUS,CHAOBORUS
CHAULIODES,FALSE,CHAULIODES,,CHAULIODES,CHAULIODES,CHAULIODES
CHAULIODES RASTRICORNIS,FALSE,CHAULIODES RASTRICORNIS,,CHAULIODES RASTRICORNIS,CHAULIODES,CHAULIODES RASTRICORNIS
CHERNOVSKIIA,FALSE,CHERNOVSKIIA,,CHERNOVSKIIA,CHERNOVSKIIA,CHERNOVSKIIA
CHEUMATOPSYCHE,FALSE,CHEUMATOPSYCHE,,CHEUMATOPSYCHE,CHEUMATOPSYCHE,CHEUMATOPSYCHE
CHIMARRA,FALSE,CHIMARRA,,CHIMARRA,CHIMARRA,CHIMARRA
CHIMARRA FERIA,FALSE,CHIMARRA FERIA,,CHIMARRA FERIA,CHIMARRA,CHIMARRA FERIA
CHIMARRA OBSCURA,FALSE,CHIMARRA OBSCURA,,CHIMARRA OBSCURA,CHIMARRA,CHIMARRA OBSCURA
CHIRONOMIDAE,FALSE,CHIRONOMIDAE,,CHIRONOMIDAE,CHIRONOMIDAE,CHIRONOMIDAE
CHIRONOMUS,FALSE,CHIRONOMUS,,CHIRONOMUS,CHIRONOMUS,CHIRONOMUS
CHIRONOMUS ATTENUATUS,FALSE,CHIRONOMUS ATTENUATUS,,CHIRONOMUS ATTENUATUS,CHIRONOMUS,CHIRONOMUS ATTENUATUS
CHIRONOMUS RIPARIUS,FALSE,CHIRONOMUS RIPARIUS,,CHIRONOMUS RIPARIUS,CHIRONOMUS,CHIRONOMUS RIPARIUS
CHOROTERPES,FALSE,CHOROTERPES,,CHOROTERPES,CHOROTERPES,CHOROTERPES
CHOROTERPES/NEOCHOROTERPES,FALSE,CHOROTERPES/NEOCHOROTERPES,,CHOROTERPES/NEOCHOROTERPES,CHOROTERPES/NEOCHOROTERPES,
CHRYSOMELIDAE,FALSE,CHRYSOMELIDAE,,CHRYSOMELIDAE,CHRYSOMELIDAE,CHRYSOMELIDAE
CHRYSOPS,FALSE,CHRYSOPS,,CHRYSOPS,CHRYSOPS,CHRYSOPS
CINCINNATIA,FALSE,CINCINNATIA,,CINCINNATIA,CINCINNATIA,CINCINNATIA
CINCINNATIA INTEGRA,FALSE,CINCINNATIA INTEGRA,,CINCINNATIA INTEGRA,CINCINNATIA,CINCINNATIA INTEGRA
CIPANGOPALUDINA,FALSE,CIPANGOPALUDINA,,CIPANGOPALUDINA,CIPANGOPALUDINA,CIPANGOPALUDINA
CIPANGOPALUDINA JAPONICA,FALSE,CIPANGOPALUDINA JAPONICA,,CIPANGOPALUDINA JAPONICA,CIPANGOPALUDINA,CIPANGOPALUDINA JAPONICA
CLADOPELMA,FALSE,CLADOPELMA,,CLADOPELMA,CLADOPELMA,CLADOPELMA
CLADOTANYTARSUS,FALSE,CLADOTANYTARSUS,,CLADOTANYTARSUS,CLADOTANYTARSUS,CLADOTANYTARSUS
CLIMACIA,FALSE,CLIMACIA,,CLIMACIA,CLIMACIA,CLIMACIA
CLIMACIA AREOLARIS,FALSE,CLIMACIA AREOLARIS,,CLIMACIA AREOLARIS,CLIMACIA,CLIMACIA AREOLARIS
CLINOTANYPUS,FALSE,CLINOTANYPUS,,CLINOTANYPUS,CLINOTANYPUS,CLINOTANYPUS
CLOEON DIPTERUM,FALSE,CLOEON DIPTERUM,,CLOEON DIPTERUM,CLOEON DIPTERUM,CLOEON DIPTERUM
COELOTANYPUS,FALSE,COELOTANYPUS,,COELOTANYPUS,COELOTANYPUS,COELOTANYPUS
COENAGRIONIDAE,FALSE,COENAGRIONIDAE,,COENAGRIONIDAE,COENAGRIONIDAE,COENAGRIONIDAE
COLEOPTERA,FALSE,COLEOPTERA,,COLEOPTERA,COLEOPTERA,COLEOPTERA
COLLEMBOLA,FALSE,COLLEMBOLA,,COLLEMBOLA,COLLEMBOLA,COLLEMBOLA
COPELATUS,FALSE,COPELATUS,,COPELATUS,COPELATUS,COPELATUS
COPELATUS CHEVROLATI,FALSE,COPELATUS CHEVROLATI,,COPELATUS CHEVROLATI,COPELATUS,
COPELATUS CHEVROLATI RENOVATUS,TRUE,COPELATUS CHEVROLATI,removed subspecies,COPELATUS CHEVROLATI,COPELATUS,COPELATUS CHEVROLATI RENOVATUS
COPELATUS GLYPHICUS,FALSE,COPELATUS GLYPHICUS,,COPELATUS GLYPHICUS,COPELATUS,COPELATUS GLYPHICUS
COPTOTOMUS,FALSE,COPTOTOMUS,,COPTOTOMUS,COPTOTOMUS,COPTOTOMUS
COPTOTOMUS INTERROGATUS,FALSE,COPTOTOMUS INTERROGATUS,,COPTOTOMUS INTERROGATUS,COPTOTOMUS,COPTOTOMUS INTERROGATUS
COPTOTOMUS LONGULUS,FALSE,COPTOTOMUS LONGULUS,,COPTOTOMUS LONGULUS,COPTOTOMUS,COPTOTOMUS LONGULUS
CORBICULA,FALSE,CORBICULA,,CORBICULA,CORBICULA,CORBICULA
CORBICULA FLUMINEA,FALSE,CORBICULA FLUMINEA,,CORBICULA FLUMINEA,CORBICULA,CORBICULA FLUMINEA
CORDULEGASTER,FALSE,CORDULEGASTER,,CORDULEGASTER,CORDULEGASTER,CORDULEGASTER
CORDULEGASTER OBLIQUA,FALSE,CORDULEGASTER OBLIQUA,,CORDULEGASTER OBLIQUA,CORDULEGASTER,CORDULEGASTER OBLIQUA
CORDULIIDAE,FALSE,CORDULIIDAE,,CORDULIIDAE,CORDULIIDAE,CORDULIIDAE
CORISELLA,FALSE,CORISELLA,,CORISELLA,CORISELLA,CORISELLA
CORIXIDAE,FALSE,CORIXIDAE,,CORIXIDAE,CORIXIDAE,CORIXIDAE
CORYDALIDAE,FALSE,CORYDALIDAE,,CORYDALIDAE,CORYDALIDAE,CORYDALIDAE
CORYDALUS,FALSE,CORYDALUS,,CORYDALUS,CORYDALUS,CORYDALUS
CORYDALUS CORNUTUS,FALSE,CORYDALUS CORNUTUS,,CORYDALUS CORNUTUS,CORYDALUS,CORYDALUS CORNUTUS
CORYNONEURA,FALSE,CORYNONEURA,,CORYNONEURA,CORYNONEURA,CORYNONEURA
CRAMBIDAE,FALSE,CRAMBIDAE,,CRAMBIDAE,CRAMBIDAE,CRAMBIDAE
CRANGONYCTIDAE,FALSE,CRANGONYCTIDAE,,CRANGONYCTIDAE,CRANGONYCTIDAE,CRANGONYCTIDAE
CRANGONYX,FALSE,CRANGONYX,,CRANGONYX,CRANGONYX,CRANGONYX
CRICOTOPUS,FALSE,CRICOTOPUS,,CRICOTOPUS,CRICOTOPUS,CRICOTOPUS
CRICOTOPUS (CRICOTOPUS),FALSE,CRICOTOPUS (CRICOTOPUS),,CRICOTOPUS (CRICOTOPUS),CRICOTOPUS,CRICOTOPUS
CRICOTOPUS (CRICOTOPUS) BICINCTUS GR.,FALSE,CRICOTOPUS (CRICOTOPUS) BICINCTUS GR.,,CRICOTOPUS (CRICOTOPUS) BICINCTUS GR.,CRICOTOPUS,CRICOTOPUS BICINCTUS GROUP
CRICOTOPUS (CRICOTOPUS) TREMULUS GR.,FALSE,CRICOTOPUS (CRICOTOPUS) TREMULUS GR.,,CRICOTOPUS (CRICOTOPUS) TREMULUS GR.,CRICOTOPUS,CRICOTOPUS TREMULUS GROUP
CRICOTOPUS (CRICOTOPUS) TRIFASCIA GR.,FALSE,CRICOTOPUS (CRICOTOPUS) TRIFASCIA GR.,,CRICOTOPUS (CRICOTOPUS) TRIFASCIA GR.,CRICOTOPUS,CRICOTOPUS TRIFASCIA GROUP
CRICOTOPUS (ISOCLADIUS),FALSE,CRICOTOPUS (ISOCLADIUS),,CRICOTOPUS (ISOCLADIUS),CRICOTOPUS,CRICOTOPUS
CRICOTOPUS (ISOCLADIUS) SYLVESTRIS GR.,FALSE,CRICOTOPUS (ISOCLADIUS) SYLVESTRIS GR.,,CRICOTOPUS (ISOCLADIUS) SYLVESTRIS GR.,CRICOTOPUS,CRICOTOPUS SYLVESTRIS GROUP
CRICOTOPUS/ORTHOCLADIUS,FALSE,CRICOTOPUS/ORTHOCLADIUS,,CRICOTOPUS/ORTHOCLADIUS,CRICOTOPUS/ORTHOCLADIUS,CRICOTOPUS/ORTHOCLADIUS
CRYPTOCHIRONOMUS,FALSE,CRYPTOCHIRONOMUS,,CRYPTOCHIRONOMUS,CRYPTOCHIRONOMUS,CRYPTOCHIRONOMUS
CRYPTOTENDIPES,FALSE,CRYPTOTENDIPES,,CRYPTOTENDIPES,CRYPTOTENDIPES,CRYPTOTENDIPES
CULEX,FALSE,CULEX,,CULEX,CULEX,CULEX
CULICIDAE,FALSE,CULICIDAE,,CULICIDAE,CULICIDAE,CULICIDAE
CULICOIDES,FALSE,CULICOIDES,,CULICOIDES,CULICOIDES,CULICOIDES
CURCULIONIDAE,FALSE,CURCULIONIDAE,,CURCULIONIDAE,CURCULIONIDAE,CURCULIONIDAE
CYBISTER,FALSE,CYBISTER,,CYBISTER,CYBISTER,CYBISTER
CYBISTER FIMBRIOLATUS,FALSE,CYBISTER FIMBRIOLATUS,,CYBISTER FIMBRIOLATUS,CYBISTER,CYBISTER FIMBRIOLATUS
CYMBIODYTA,FALSE,CYMBIODYTA,,CYMBIODYTA,CYMBIODYTA,CYMBIODYTA
CYPHON,FALSE,CYPHON,,CYPHON,SCIRTIDAE,SCIRTIDAE
CYRNELLUS,FALSE,CYRNELLUS,,CYRNELLUS,CYRNELLUS,CYRNELLUS
CYRNELLUS FRATERNUS,FALSE,CYRNELLUS FRATERNUS,,CYRNELLUS FRATERNUS,CYRNELLUS,CYRNELLUS FRATERNUS
DERO,FALSE,DERO,,DERO,OLIGOCHAETA,DERO
DESMOPACHRIA,FALSE,DESMOPACHRIA,,DESMOPACHRIA,DESMOPACHRIA,DESMOPACHRIA
DIAMESA,FALSE,DIAMESA,,DIAMESA,DIAMESA,DIAMESA
DICROTENDIPES,FALSE,DICROTENDIPES,,DICROTENDIPES,DICROTENDIPES,DICROTENDIPES
DICROTENDIPES MODESTUS,FALSE,DICROTENDIPES MODESTUS,,DICROTENDIPES MODESTUS,DICROTENDIPES,DICROTENDIPES MODESTUS
DICROTENDIPES NEOMODESTUS,FALSE,DICROTENDIPES NEOMODESTUS,,DICROTENDIPES NEOMODESTUS,DICROTENDIPES,DICROTENDIPES NEOMODESTUS
DICROTENDIPES SIMPSONI,FALSE,DICROTENDIPES SIMPSONI,,DICROTENDIPES SIMPSONI,DICROTENDIPES,DICROTENDIPES SIMPSONI
DIDYMOPS,FALSE,DIDYMOPS,,DIDYMOPS,DIDYMOPS,DIDYMOPS
DIDYMOPS TRANSVERSA,FALSE,DIDYMOPS TRANSVERSA,,DIDYMOPS TRANSVERSA,DIDYMOPS,DIDYMOPS TRANSVERSA
DINEUTUS,FALSE,DINEUTUS,,DINEUTUS,DINEUTUS,DINEUTUS
DINEUTUS CILIATUS,FALSE,DINEUTUS CILIATUS,,DINEUTUS CILIATUS,DINEUTUS,DINEUTUS CILIATUS
DINEUTUS SERRULATUS,FALSE,DINEUTUS SERRULATUS,,DINEUTUS SERRULATUS,DINEUTUS,DINEUTUS SERRULATUS
DIPLOCLADIUS,FALSE,DIPLOCLADIUS,,DIPLOCLADIUS,DIPLOCLADIUS,DIPLOCLADIUS
DIPTERA,FALSE,DIPTERA,,DIPTERA,DIPTERA,DIPTERA
DOLICHOPODIDAE,FALSE,DOLICHOPODIDAE,,DOLICHOPODIDAE,DOLICHOPODIDAE,DOLICHOPODIDAE
DREISSENA,FALSE,DREISSENA,,DREISSENA,DREISSENA,DREISSENA
DREISSENA POLYMORPHA,FALSE,DREISSENA POLYMORPHA,,DREISSENA POLYMORPHA,DREISSENA,DREISSENA POLYMORPHA
DROMOGOMPHUS,FALSE,DROMOGOMPHUS,,DROMOGOMPHUS,DROMOGOMPHUS,DROMOGOMPHUS
DROMOGOMPHUS SPINOSUS,FALSE,DROMOGOMPHUS SPINOSUS,,DROMOGOMPHUS SPINOSUS,DROMOGOMPHUS,DROMOGOMPHUS SPINOSUS
DROMOGOMPHUS SPOLIATUS,FALSE,DROMOGOMPHUS SPOLIATUS,,DROMOGOMPHUS SPOLIATUS,DROMOGOMPHUS,DROMOGOMPHUS SPOLIATUS
DUBIRAPHIA,FALSE,DUBIRAPHIA,,DUBIRAPHIA,DUBIRAPHIA,DUBIRAPHIA
DUBIRAPHIA BREVIPENNIS,FALSE,DUBIRAPHIA BREVIPENNIS,,DUBIRAPHIA BREVIPENNIS,DUBIRAPHIA,DUBIRAPHIA BREVIPENNIS
DUBIRAPHIA MINIMA,FALSE,DUBIRAPHIA MINIMA,,DUBIRAPHIA MINIMA,DUBIRAPHIA,DUBIRAPHIA MINIMA
DUBIRAPHIA VITTATA,FALSE,DUBIRAPHIA VITTATA,,DUBIRAPHIA VITTATA,DUBIRAPHIA,DUBIRAPHIA VITTATA
DUGESIA,FALSE,DUGESIA,,DUGESIA,DUGESIA,DUGESIA
DUGESIA TIGRINA,FALSE,DUGESIA TIGRINA,,DUGESIA TIGRINA,DUGESIA,DUGESIA TIGRINA
DYTHEMIS,FALSE,DYTHEMIS,,DYTHEMIS,DYTHEMIS,DYTHEMIS
DYTHEMIS FUGAX,FALSE,DYTHEMIS FUGAX,,DYTHEMIS FUGAX,DYTHEMIS,DYTHEMIS FUGAX
DYTISCIDAE,FALSE,DYTISCIDAE,,DYTISCIDAE,DYTISCIDAE,DYTISCIDAE
ECTOPRIA,FALSE,ECTOPRIA,,ECTOPRIA,ECTOPRIA,ECTOPRIA
EINFELDIA,FALSE,EINFELDIA,,EINFELDIA,EINFELDIA,EINFELDIA
ELIMIA,FALSE,ELIMIA,,ELIMIA,ELIMIA,ELIMIA
ELIMIA POTOSIENSIS,FALSE,ELIMIA POTOSIENSIS,,ELIMIA POTOSIENSIS,ELIMIA,ELIMIA POTOSIENSIS
ELMIDAE,FALSE,ELMIDAE,,ELMIDAE,ELMIDAE,ELMIDAE
EMPIDIDAE,FALSE,EMPIDIDAE,,EMPIDIDAE,EMPIDIDAE,EMPIDIDAE
ENALLAGMA,FALSE,ENALLAGMA,,ENALLAGMA,ENALLAGMA,ENALLAGMA
ENALLAGMA BASIDENS,FALSE,ENALLAGMA BASIDENS,,ENALLAGMA BASIDENS,ENALLAGMA,ENALLAGMA BASIDENS
ENALLAGMA EXSULANS,FALSE,ENALLAGMA EXSULANS,,ENALLAGMA EXSULANS,ENALLAGMA,ENALLAGMA EXSULANS
ENALLAGMA TRIVIATUM,FALSE,ENALLAGMA TRIVIATUM,,ENALLAGMA TRIVIATUM,ENALLAGMA,ENALLAGMA TRIVIATUM
ENCHYTRAEIDAE,FALSE,ENCHYTRAEIDAE,,ENCHYTRAEIDAE,OLIGOCHAETA,ENCHYTRAEIDAE
ENDOCHIRONOMUS,FALSE,ENDOCHIRONOMUS,,ENDOCHIRONOMUS,ENDOCHIRONOMUS,ENDOCHIRONOMUS
ENDOTRIBELOS,FALSE,ENDOTRIBELOS,,ENDOTRIBELOS,ENDOTRIBELOS,ENDOTRIBELOS
ENOCHRUS,FALSE,ENOCHRUS,,ENOCHRUS,ENOCHRUS,ENOCHRUS
ENOCHRUS HAMILTONI,FALSE,ENOCHRUS HAMILTONI,,ENOCHRUS HAMILTONI,ENOCHRUS,ENOCHRUS HAMILTONI
EPHEMERA,FALSE,EPHEMERA,,EPHEMERA,EPHEMERA,EPHEMERA
EPHEMERA SIMULANS,FALSE,EPHEMERA SIMULANS,,EPHEMERA SIMULANS,EPHEMERA,EPHEMERA SIMULANS
EPHEMERELLA,FALSE,EPHEMERELLA,,EPHEMERELLA,EPHEMERELLA,EPHEMERELLA
EPHEMERIDAE,FALSE,EPHEMERIDAE,,EPHEMERIDAE,EPHEMERIDAE,EPHEMERIDAE
EPHEMEROPTERA,FALSE,EPHEMEROPTERA,,EPHEMEROPTERA,EPHEMEROPTERA,EPHEMEROPTERA
EPHORON,FALSE,EPHORON,,EPHORON,EPHORON,EPHORON
EPHORON ALBUM,FALSE,EPHORON ALBUM,,EPHORON ALBUM,EPHORON,EPHORON ALBUM
EPHORON LEUKON,FALSE,EPHORON LEUKON,,EPHORON LEUKON,EPHORON,EPHORON LEUKON
EPHYDRIDAE,FALSE,EPHYDRIDAE,,EPHYDRIDAE,EPHYDRIDAE,EPHYDRIDAE
EPITHECA,FALSE,EPITHECA,,EPITHECA,EPITHECA,EPITHECA
EPITHECA CYNOSURA,FALSE,EPITHECA CYNOSURA,,EPITHECA CYNOSURA,EPITHECA,EPITHECA CYNOSURA
EPITHECA PETECHIALIS,FALSE,EPITHECA PETECHIALIS,,EPITHECA PETECHIALIS,EPITHECA,EPITHECA PETECHIALIS
EPITHECA PRINCEPS,FALSE,EPITHECA PRINCEPS,,EPITHECA PRINCEPS,EPITHECA,EPITHECA PRINCEPS
EPOICOCLADIUS,FALSE,EPOICOCLADIUS,,EPOICOCLADIUS,EPOICOCLADIUS,EPOICOCLADIUS
ERETES,FALSE,ERETES,,ERETES,ERETES,ERETES
ERIOPTERA,FALSE,ERIOPTERA,,ERIOPTERA,ERIOPTERA,ERIOPTERA
ERISTALIS,FALSE,ERISTALIS,,ERISTALIS,SYRPHIDAE,ERISTALIS
ERPETOGOMPHUS,FALSE,ERPETOGOMPHUS,,ERPETOGOMPHUS,ERPETOGOMPHUS,ERPETOGOMPHUS
ERPETOGOMPHUS DESIGNATUS,FALSE,ERPETOGOMPHUS DESIGNATUS,,ERPETOGOMPHUS DESIGNATUS,ERPETOGOMPHUS,ERPETOGOMPHUS DESIGNATUS
ERPOBDELLA,FALSE,ERPOBDELLA,,ERPOBDELLA,ERPOBDELLIDAE,ERPOBDELLA
ERPOBDELLA PUNCTATA,FALSE,ERPOBDELLA PUNCTATA,,ERPOBDELLA PUNCTATA,ERPOBDELLIDAE,ERPOBDELLA PUNCTATA
ERPOBDELLIDAE,FALSE,ERPOBDELLIDAE,,ERPOBDELLIDAE,ERPOBDELLIDAE,ERPOBDELLIDAE
ERYTHEMIS,FALSE,ERYTHEMIS,,ERYTHEMIS,ERYTHEMIS,ERYTHEMIS
ERYTHEMIS SIMPLICICOLLIS,FALSE,ERYTHEMIS SIMPLICICOLLIS,,ERYTHEMIS SIMPLICICOLLIS,ERYTHEMIS,ERYTHEMIS SIMPLICICOLLIS
ERYTHRODIPLAX,FALSE,ERYTHRODIPLAX,,ERYTHRODIPLAX,ERYTHRODIPLAX,ERYTHRODIPLAX
ERYTHRODIPLAX UMBRATA,FALSE,ERYTHRODIPLAX UMBRATA,,ERYTHRODIPLAX UMBRATA,ERYTHRODIPLAX,ERYTHRODIPLAX UMBRATA
EUKIEFFERIELLA,FALSE,EUKIEFFERIELLA,,EUKIEFFERIELLA,EUKIEFFERIELLA,EUKIEFFERIELLA
EUPERA,FALSE,EUPERA,,EUPERA,EUPERA,EUPERA
EUPERA CUBENSIS,FALSE,EUPERA CUBENSIS,,EUPERA CUBENSIS,EUPERA,EUPERA CUBENSIS
EURYLOPHELLA,FALSE,EURYLOPHELLA,,EURYLOPHELLA,EURYLOPHELLA,EURYLOPHELLA
FALLCEON,FALSE,FALLCEON,,FALLCEON,FALLCEON,FALLCEON
FALLCEON QUILLERI,FALSE,FALLCEON QUILLERI,,FALLCEON QUILLERI,FALLCEON,FALLCEON QUILLERI
FERRISSIA,FALSE,FERRISSIA,,FERRISSIA,FERRISSIA,FERRISSIA
FOSSARIA,TRUE,LYMNAEIDAE,nomenclature issue,LYMNAEIDAE,LYMNAEIDAE,LYMNAEA
FOSSARIA BULIMOIDES,TRUE,LYMNAEIDAE,nomenclature issue,LYMNAEIDAE,LYMNAEIDAE,LYMNAEA BULIMOIDES
GALERUCELLA,FALSE,GALERUCELLA,,GALERUCELLA,CHRYSOMELIDAE,GALERUCELLA
GAMMARIDAE,FALSE,GAMMARIDAE,,GAMMARIDAE,GAMMARIDAE,GAMMARIDAE
GAMMARUS,FALSE,GAMMARUS,,GAMMARUS,GAMMARUS,GAMMARUS
GELASTOCORIS,FALSE,GELASTOCORIS,,GELASTOCORIS,GELASTOCORIS,GELASTOCORIS
GELASTOCORIS OCULATUS,FALSE,GELASTOCORIS OCULATUS,,GELASTOCORIS OCULATUS,GELASTOCORIS,GELASTOCORIS OCULATUS
GERRIDAE,FALSE,GERRIDAE,,GERRIDAE,GERRIDAE,GERRIDAE
GERRIS,FALSE,GERRIS,,GERRIS,GERRIS,GERRIS
GLOSSIPHONIIDAE,FALSE,GLOSSIPHONIIDAE,,GLOSSIPHONIIDAE,GLOSSIPHONIIDAE,GLOSSIPHONIIDAE
GLYPTOTENDIPES,FALSE,GLYPTOTENDIPES,,GLYPTOTENDIPES,GLYPTOTENDIPES,GLYPTOTENDIPES
GOELDICHIRONOMUS,FALSE,GOELDICHIRONOMUS,,GOELDICHIRONOMUS,GOELDICHIRONOMUS,GOELDICHIRONOMUS
GOELDICHIRONOMUS HOLOPRASINUS,FALSE,GOELDICHIRONOMUS HOLOPRASINUS,,GOELDICHIRONOMUS HOLOPRASINUS,GOELDICHIRONOMUS,GOELDICHIRONOMUS HOLOPRASINUS
GOMPHIDAE,FALSE,GOMPHIDAE,,GOMPHIDAE,GOMPHIDAE,GOMPHIDAE
GOMPHURUS,FALSE,GOMPHURUS,,GOMPHURUS,GOMPHURUS,
GOMPHUS,FALSE,GOMPHUS,,GOMPHUS,GOMPHUS,GOMPHIDAE
GOMPHUS EXTERNUS,FALSE,GOMPHUS EXTERNUS,,GOMPHUS EXTERNUS,GOMPHUS,GOMPHURUS EXTERNUS
GOMPHUS GRASLINELLUS,FALSE,GOMPHUS GRASLINELLUS,,GOMPHUS GRASLINELLUS,GOMPHUS,PHANOGOMPHUS GRASLINELLUS
GOMPHUS MILITARIS,FALSE,GOMPHUS MILITARIS,,GOMPHUS MILITARIS,GOMPHUS,PHANOGOMPHUS MILITARIS
GOMPHUS VASTUS,FALSE,GOMPHUS VASTUS,,GOMPHUS VASTUS,GOMPHUS,GOMPHURUS VASTUS
GORDIIDAE,FALSE,GORDIIDAE,,GORDIIDAE,GORDIIDAE,GORDIIDAE
GORDIUS,FALSE,GORDIUS,,GORDIUS,GORDIUS,GORDIUS
GYMNOCHTHEBIUS,FALSE,GYMNOCHTHEBIUS,,GYMNOCHTHEBIUS,GYMNOCHTHEBIUS,GYMNOCHTHEBIUS
GYRAULUS,FALSE,GYRAULUS,,GYRAULUS,GYRAULUS,GYRAULUS
GYRETES,FALSE,GYRETES,,GYRETES,GYRETES,GYRETES
GYRINIDAE,FALSE,GYRINIDAE,,GYRINIDAE,GYRINIDAE,GYRINIDAE
GYRINUS,FALSE,GYRINUS,,GYRINUS,GYRINUS,GYRINUS
HAEMOPIDAE,FALSE,HAEMOPIDAE,,HAEMOPIDAE,HAEMOPIDAE,
HAEMOPIS,FALSE,HAEMOPIS,,HAEMOPIS,HAEMOPIDAE,HAEMOPIS
HAGENIUS,FALSE,HAGENIUS,,HAGENIUS,HAGENIUS,HAGENIUS
HAGENIUS BREVISTYLUS,FALSE,HAGENIUS BREVISTYLUS,,HAGENIUS BREVISTYLUS,HAGENIUS,HAGENIUS BREVISTYLUS
HALIPLIDAE,FALSE,HALIPLIDAE,,HALIPLIDAE,HALIPLIDAE,HALIPLIDAE
HALIPLUS,FALSE,HALIPLUS,,HALIPLUS,HALIPLUS,HALIPLUS
HALIPLUS TRIOPSIS,FALSE,HALIPLUS TRIOPSIS,,HALIPLUS TRIOPSIS,HALIPLUS,HALIPLUS TRIOPSIS
HARNISCHIA,FALSE,HARNISCHIA,,HARNISCHIA,HARNISCHIA,HARNISCHIA
HEBRIDAE,FALSE,HEBRIDAE,,HEBRIDAE,HEBRIDAE,HEBRIDAE
HEBRUS,FALSE,HEBRUS,,HEBRUS,HEBRIDAE,HEBRUS
HELICHUS,FALSE,HELICHUS,,HELICHUS,HELICHUS,HELICHUS
HELICHUS BASALIS,FALSE,HELICHUS BASALIS,,HELICHUS BASALIS,HELICHUS,HELICHUS BASALIS
HELICHUS FASTIGIATUS,FALSE,HELICHUS FASTIGIATUS,,HELICHUS FASTIGIATUS,HELICHUS,HELICHUS FASTIGIATUS
HELICHUS LITHOPHILUS,FALSE,HELICHUS LITHOPHILUS,,HELICHUS LITHOPHILUS,HELICHUS,HELICHUS LITHOPHILUS
HELICHUS SUTURALIS,FALSE,HELICHUS SUTURALIS,,HELICHUS SUTURALIS,HELICHUS,HELICHUS SUTURALIS
HELICOPSYCHE,FALSE,HELICOPSYCHE,,HELICOPSYCHE,HELICOPSYCHE,HELICOPSYCHE
HELICOPSYCHE BOREALIS,FALSE,HELICOPSYCHE BOREALIS,,HELICOPSYCHE BOREALIS,HELICOPSYCHE,HELICOPSYCHE BOREALIS
HELICOPSYCHE PIORA,FALSE,HELICOPSYCHE PIORA,,HELICOPSYCHE PIORA,HELICOPSYCHE,HELICOPSYCHE PIORA
HELISOMA,FALSE,HELISOMA,,HELISOMA,HELISOMA,HELISOMA
HELOBDELLA,FALSE,HELOBDELLA,,HELOBDELLA,GLOSSIPHONIIDAE,HELOBDELLA
HELOBDELLA FUSCA,FALSE,HELOBDELLA FUSCA,,HELOBDELLA FUSCA,GLOSSIPHONIIDAE,HELOBDELLA FUSCA
HELOCHARES,FALSE,HELOCHARES,,HELOCHARES,HELOCHARES,HELOCHARES
HELOCHARES MACULICOLLIS,FALSE,HELOCHARES MACULICOLLIS,,HELOCHARES MACULICOLLIS,HELOCHARES,HELOCHARES MACULICOLLIS
HELOCOMBUS,FALSE,HELOCOMBUS,,HELOCOMBUS,HELOCOMBUS,HELOCOMBUS
HELOPHORUS,FALSE,HELOPHORUS,,HELOPHORUS,HELOPHORUS,HELOPHORUS
HEMERODROMIA,FALSE,HEMERODROMIA,,HEMERODROMIA,HEMERODROMIA,HEMERODROMIA
HEPTAGENIA,FALSE,HEPTAGENIA,,HEPTAGENIA,HEPTAGENIA,HEPTAGENIA
HEPTAGENIA ELEGANTULA,FALSE,HEPTAGENIA ELEGANTULA,,HEPTAGENIA ELEGANTULA,HEPTAGENIA,HEPTAGENIA ELEGANTULA
HEPTAGENIA FLAVESCENS,FALSE,HEPTAGENIA FLAVESCENS,,HEPTAGENIA FLAVESCENS,HEPTAGENIA,HEPTAGENIA FLAVESCENS
HEPTAGENIA MARGINALIS,FALSE,HEPTAGENIA MARGINALIS,,HEPTAGENIA MARGINALIS,HEPTAGENIA,HEPTAGENIA MARGINALIS
HEPTAGENIA PULLA,FALSE,HEPTAGENIA PULLA,,HEPTAGENIA PULLA,HEPTAGENIA,HEPTAGENIA PULLA
HEPTAGENIIDAE,FALSE,HEPTAGENIIDAE,,HEPTAGENIIDAE,HEPTAGENIIDAE,HEPTAGENIIDAE
HESPEROCORIXA,FALSE,HESPEROCORIXA,,HESPEROCORIXA,HESPEROCORIXA,HESPEROCORIXA
HETAERINA,FALSE,HETAERINA,,HETAERINA,HETAERINA,HETAERINA
HETAERINA AMERICANA,FALSE,HETAERINA AMERICANA,,HETAERINA AMERICANA,HETAERINA,HETAERINA AMERICANA
HETAERINA TITIA,FALSE,HETAERINA TITIA,,HETAERINA TITIA,HETAERINA,HETAERINA TITIA
HETERELMIS,FALSE,HETERELMIS,,HETERELMIS,HETERELMIS,HETERELMIS
HETERELMIS VULNERATA,FALSE,HETERELMIS VULNERATA,,HETERELMIS VULNERATA,HETERELMIS,HETERELMIS VULNERATA
HETEROCERIDAE,FALSE,HETEROCERIDAE,,HETEROCERIDAE,HETEROCERIDAE,HETEROCERIDAE
HETEROCLOEON,FALSE,HETEROCLOEON,,HETEROCLOEON,HETEROCLOEON,HETEROCLOEON
HETEROSTERNUTA,FALSE,HETEROSTERNUTA,,HETEROSTERNUTA,HETEROSTERNUTA,HETEROSTERNUTA
HETEROSTERNUTA DIVERSICORNIS,FALSE,HETEROSTERNUTA DIVERSICORNIS,,HETEROSTERNUTA DIVERSICORNIS,HETEROSTERNUTA,HETEROSTERNUTA DIVERSICORNIS
HETEROSTERNUTA PULCHER,FALSE,HETEROSTERNUTA PULCHER,,HETEROSTERNUTA PULCHER,HETEROSTERNUTA,HETEROSTERNUTA PULCHRA
HETEROSTERNUTA WICKHAMI,FALSE,HETEROSTERNUTA WICKHAMI,,HETEROSTERNUTA WICKHAMI,HETEROSTERNUTA,HETEROSTERNUTA WICKHAMI
HEXAGENIA,FALSE,HEXAGENIA,,HEXAGENIA,HEXAGENIA,HEXAGENIA
HEXAGENIA LIMBATA,FALSE,HEXAGENIA LIMBATA,,HEXAGENIA LIMBATA,HEXAGENIA,HEXAGENIA LIMBATA
HEXATOMA,FALSE,HEXATOMA,,HEXATOMA,HEXATOMA,HEXATOMA
HIRUDINEA,FALSE,HIRUDINEA,,HIRUDINEA,HIRUDINEA,HIRUDINEA
HIRUDINIDAE,FALSE,HIRUDINIDAE,,HIRUDINIDAE,HIRUDINIDAE,HIRUDINIDAE
HOMOEONEURIA,FALSE,HOMOEONEURIA,,HOMOEONEURIA,HOMOEONEURIA,HOMOEONEURIA
HOMOEONEURIA AMMOPHILA,FALSE,HOMOEONEURIA AMMOPHILA,,HOMOEONEURIA AMMOPHILA,HOMOEONEURIA,HOMOEONEURIA AMMOPHILA
HYALELLA,FALSE,HYALELLA,,HYALELLA,HYALELLA,HYALELLA
HYALELLA AZTECA,FALSE,HYALELLA AZTECA,,HYALELLA AZTECA,HYALELLA,HYALELLA AZTECA
HYBOMITRA,FALSE,HYBOMITRA,,HYBOMITRA,HYBOMITRA,HYBOMITRA
HYDROBAENUS,FALSE,HYDROBAENUS,,HYDROBAENUS,HYDROBAENUS,HYDROBAENUS
HYDROBIIDAE,FALSE,HYDROBIIDAE,,HYDROBIIDAE,HYDROBIIDAE,HYDROBIIDAE
HYDROBIUS,FALSE,HYDROBIUS,,HYDROBIUS,HYDROBIUS,HYDROBIUS
HYDROCANTHUS,FALSE,HYDROCANTHUS,,HYDROCANTHUS,HYDROCANTHUS,HYDROCANTHUS
HYDROCANTHUS IRICOLOR,FALSE,HYDROCANTHUS IRICOLOR,,HYDROCANTHUS IRICOLOR,HYDROCANTHUS,HYDROCANTHUS IRICOLOR
HYDROCHARA,FALSE,HYDROCHARA,,HYDROCHARA,HYDROCHARA,HYDROCHARA
HYDROCHUS,FALSE,HYDROCHUS,,HYDROCHUS,HYDROCHUS,HYDROCHUS
HYDROMETRA,FALSE,HYDROMETRA,,HYDROMETRA,HYDROMETRA,HYDROMETRA
HYDROMETRA MARTINI,FALSE,HYDROMETRA MARTINI,,HYDROMETRA MARTINI,HYDROMETRA,HYDROMETRA MARTINI
HYDROPERLA,FALSE,HYDROPERLA,,HYDROPERLA,HYDROPERLA,HYDROPERLA
HYDROPERLA CROSBYI,FALSE,HYDROPERLA CROSBYI,,HYDROPERLA CROSBYI,HYDROPERLA,HYDROPERLA CROSBYI
HYDROPERLA FUGITANS,FALSE,HYDROPERLA FUGITANS,,HYDROPERLA FUGITANS,HYDROPERLA,HYDROPERLA FUGITANS
HYDROPHILIDAE,FALSE,HYDROPHILIDAE,,HYDROPHILIDAE,HYDROPHILIDAE,HYDROPHILIDAE
HYDROPHILUS,FALSE,HYDROPHILUS,,HYDROPHILUS,HYDROPHILUS,HYDROPHILUS
HYDROPHILUS TRIANGULARIS,FALSE,HYDROPHILUS TRIANGULARIS,,HYDROPHILUS TRIANGULARIS,HYDROPHILUS,HYDROPHILUS TRIANGULARIS
HYDROPORINI,FALSE,HYDROPORINI,,HYDROPORINI,HYDROPORINI,HYDROPORINI
HYDROPORUS,FALSE,HYDROPORUS,,HYDROPORUS,HYDROPORUS,HYDROPORUS
HYDROPORUS NIGER,FALSE,HYDROPORUS NIGER,,HYDROPORUS NIGER,HYDROPORUS,HYDROPORUS NIGER
HYDROPORUS NOTABILIS,FALSE,HYDROPORUS NOTABILIS,,HYDROPORUS NOTABILIS,HYDROPORUS,HYDROPORUS NOTABILIS
HYDROPSYCHE,FALSE,HYDROPSYCHE,,HYDROPSYCHE,HYDROPSYCHE,HYDROPSYCHE
HYDROPSYCHE ARINALE,FALSE,HYDROPSYCHE ARINALE,,HYDROPSYCHE ARINALE,HYDROPSYCHE,HYDROPSYCHE ARINALE
HYDROPSYCHE BETTENI,FALSE,HYDROPSYCHE BETTENI,,HYDROPSYCHE BETTENI,HYDROPSYCHE,HYDROPSYCHE BETTENI
HYDROPSYCHE BIDENS,FALSE,HYDROPSYCHE BIDENS,,HYDROPSYCHE BIDENS,HYDROPSYCHE,HYDROPSYCHE BIDENS
HYDROPSYCHE BIDENS/ORRIS,FALSE,HYDROPSYCHE BIDENS/ORRIS,,HYDROPSYCHE BIDENS/ORRIS,HYDROPSYCHE,HYDROPSYCHE BIDENS/ORRIS
HYDROPSYCHE ORRIS,FALSE,HYDROPSYCHE ORRIS,,HYDROPSYCHE ORRIS,HYDROPSYCHE,HYDROPSYCHE ORRIS
HYDROPSYCHE SCALARIS,FALSE,HYDROPSYCHE SCALARIS,,HYDROPSYCHE SCALARIS,HYDROPSYCHE,HYDROPSYCHE SCALARIS
HYDROPSYCHE SIMULANS,FALSE,HYDROPSYCHE SIMULANS,,HYDROPSYCHE SIMULANS,HYDROPSYCHE,HYDROPSYCHE SIMULANS
HYDROPSYCHE VALANIS,FALSE,HYDROPSYCHE VALANIS,,HYDROPSYCHE VALANIS,HYDROPSYCHE,HYDROPSYCHE VALANIS
HYDROPSYCHIDAE,FALSE,HYDROPSYCHIDAE,,HYDROPSYCHIDAE,HYDROPSYCHIDAE,HYDROPSYCHIDAE
HYDROPTILA,FALSE,HYDROPTILA,,HYDROPTILA,HYDROPTILA,HYDROPTILA
HYDROPTILIDAE,FALSE,HYDROPTILIDAE,,HYDROPTILIDAE,HYDROPTILIDAE,HYDROPTILIDAE
HYDROVATUS,FALSE,HYDROVATUS,,HYDROVATUS,HYDROVATUS,HYDROVATUS
HYDROVATUS PUSTULATUS,FALSE,HYDROVATUS PUSTULATUS,,HYDROVATUS PUSTULATUS,HYDROVATUS,HYDROVATUS PUSTULATUS
HYGROTUS,FALSE,HYGROTUS,,HYGROTUS,HYGROTUS,HYGROTUS
HYGROTUS ACAROIDES,FALSE,HYGROTUS ACAROIDES,,HYGROTUS ACAROIDES,HYGROTUS,HYGROTUS ACAROIDES
ILYBIUS,FALSE,ILYBIUS,,ILYBIUS,ILYBIUS,ILYBIUS
ILYBIUS OBLITUS,FALSE,ILYBIUS OBLITUS,,ILYBIUS OBLITUS,ILYBIUS,ILYBIUS OBLITUS
IRONOQUIA,FALSE,IRONOQUIA,,IRONOQUIA,IRONOQUIA,IRONOQUIA
IRONOQUIA PUNCTATISSIMA,FALSE,IRONOQUIA PUNCTATISSIMA,,IRONOQUIA PUNCTATISSIMA,IRONOQUIA,IRONOQUIA PUNCTATISSIMA
ISCHNURA,FALSE,ISCHNURA,,ISCHNURA,ISCHNURA,ISCHNURA
ISONYCHIA,FALSE,ISONYCHIA,,ISONYCHIA,ISONYCHIA,ISONYCHIA
ISONYCHIIDAE,FALSE,ISONYCHIIDAE,,ISONYCHIIDAE,ISONYCHIIDAE,ISONYCHIIDAE
ISOPERLA,FALSE,ISOPERLA,,ISOPERLA,ISOPERLA,ISOPERLA
ISOPERLA BILINEATA,FALSE,ISOPERLA BILINEATA,,ISOPERLA BILINEATA,ISOPERLA,ISOPERLA BILINEATA
ISOPERLA MARLYNIA,FALSE,ISOPERLA MARLYNIA,,ISOPERLA MARLYNIA,ISOPERLA,ISOPERLA MARLYNIA
ISOPERLA MOHRI,FALSE,ISOPERLA MOHRI,,ISOPERLA MOHRI,ISOPERLA,ISOPERLA MOHRI
ISOTOMURUS,FALSE,ISOTOMURUS,,ISOTOMURUS,ISOTOMURUS,ISOTOMURUS
ITHYTRICHIA,FALSE,ITHYTRICHIA,,ITHYTRICHIA,ITHYTRICHIA,ITHYTRICHIA
ITHYTRICHIA CLAVATA,FALSE,ITHYTRICHIA CLAVATA,,ITHYTRICHIA CLAVATA,ITHYTRICHIA,ITHYTRICHIA CLAVATA
KIEFFERULUS,FALSE,KIEFFERULUS,,KIEFFERULUS,KIEFFERULUS,KIEFFERULUS
KRENOPELOPIA,FALSE,KRENOPELOPIA,,KRENOPELOPIA,KRENOPELOPIA,KRENOPELOPIA
LABRUNDINIA,FALSE,LABRUNDINIA,,LABRUNDINIA,LABRUNDINIA,LABRUNDINIA
LACCOBIUS,FALSE,LACCOBIUS,,LACCOBIUS,LACCOBIUS,LACCOBIUS
LACCODYTES,FALSE,LACCODYTES,,LACCODYTES,LACCODYTES,LACCODYTES
LACCOPHILUS,FALSE,LACCOPHILUS,,LACCOPHILUS,LACCOPHILUS,LACCOPHILUS
LACCOPHILUS FASCIATUS,FALSE,LACCOPHILUS FASCIATUS,,LACCOPHILUS FASCIATUS,LACCOPHILUS,LACCOPHILUS FASCIATUS
LACCOPHILUS FASCIATUS RUFUS,TRUE,LACCOPHILUS FASCIATUS,removed subspecies,LACCOPHILUS FASCIATUS,LACCOPHILUS,LACCOPHILUS FASCIATUS RUFUS
LACCOPHILUS FASCIATUS TERMINALIS,TRUE,LACCOPHILUS FASCIATUS,removed subspecies,LACCOPHILUS FASCIATUS,LACCOPHILUS,LACCOPHILUS FASCIATUS TERMINALIS
LACCOPHILUS MACULOSUS,FALSE,LACCOPHILUS MACULOSUS,,LACCOPHILUS MACULOSUS,LACCOPHILUS,LACCOPHILUS MACULOSUS
LACCOPHILUS MACULOSUS MACULOSUS,TRUE,LACCOPHILUS MACULOSUS,removed subspecies,LACCOPHILUS MACULOSUS,LACCOPHILUS,LACCOPHILUS MACULOSUS
LACCOPHILUS PROXIMUS,FALSE,LACCOPHILUS PROXIMUS,,LACCOPHILUS PROXIMUS,LACCOPHILUS,LACCOPHILUS PROXIMUS
LAMPYRIDAE,FALSE,LAMPYRIDAE,,LAMPYRIDAE,LAMPYRIDAE,EXCLUDE
LARSIA,FALSE,LARSIA,,LARSIA,LARSIA/TELOPELOPIA,LARSIA
LARSIA/TELOPELOPIA,FALSE,LARSIA/TELOPELOPIA,,LARSIA/TELOPELOPIA,LARSIA/TELOPELOPIA,LARSIA/TELOPELOPIA
LEPTOCERIDAE,FALSE,LEPTOCERIDAE,,LEPTOCERIDAE,LEPTOCERIDAE,LEPTOCERIDAE
LEPTOPHLEBIA,FALSE,LEPTOPHLEBIA,,LEPTOPHLEBIA,LEPTOPHLEBIA,LEPTOPHLEBIA
LEPTOPHLEBIIDAE,FALSE,LEPTOPHLEBIIDAE,,LEPTOPHLEBIIDAE,LEPTOPHLEBIIDAE,LEPTOPHLEBIIDAE
LESTES,FALSE,LESTES,,LESTES,LESTES,LESTES
LEUCROCUTA,FALSE,LEUCROCUTA,,LEUCROCUTA,LEUCROCUTA,LEUCROCUTA
LEUCROCUTA MACULIPENNIS,FALSE,LEUCROCUTA MACULIPENNIS,,LEUCROCUTA MACULIPENNIS,LEUCROCUTA,LEUCROCUTA MACULIPENNIS
LIBELLULA,FALSE,LIBELLULA,,LIBELLULA,LIBELLULA,LIBELLULA
LIBELLULA LUCTUOSA,FALSE,LIBELLULA LUCTUOSA,,LIBELLULA LUCTUOSA,LIBELLULA,LIBELLULA LUCTUOSA
LIBELLULA PULCHELLA,FALSE,LIBELLULA PULCHELLA,,LIBELLULA PULCHELLA,LIBELLULA,LIBELLULA PULCHELLA
LIBELLULA SATURATA,FALSE,LIBELLULA SATURATA,,LIBELLULA SATURATA,LIBELLULA,LIBELLULA SATURATA
LIBELLULA VIBRANS,FALSE,LIBELLULA VIBRANS,,LIBELLULA VIBRANS,LIBELLULA,LIBELLULA VIBRANS
LIBELLULIDAE,FALSE,LIBELLULIDAE,,LIBELLULIDAE,LIBELLULIDAE,LIBELLULIDAE
LIMNEPHILIDAE,FALSE,LIMNEPHILIDAE,,LIMNEPHILIDAE,LIMNEPHILIDAE,LIMNEPHILIDAE
LIMNEPHILUS,FALSE,LIMNEPHILUS,,LIMNEPHILUS,LIMNEPHILUS,LIMNEPHILUS
LIMNODRILUS,FALSE,LIMNODRILUS,,LIMNODRILUS,OLIGOCHAETA,LIMNODRILUS
LIMNODRILUS HOFFMEISTERI,FALSE,LIMNODRILUS HOFFMEISTERI,,LIMNODRILUS HOFFMEISTERI,OLIGOCHAETA,LIMNODRILUS HOFFMEISTERI
LIMNOPHILA,FALSE,LIMNOPHILA,,LIMNOPHILA,LIMNOPHILA,LIMNOPHILA
LIODESSUS,FALSE,LIODESSUS,,LIODESSUS,LIODESSUS,LIODESSUS
LIODESSUS FLAVICOLLIS,FALSE,LIODESSUS FLAVICOLLIS,,LIODESSUS FLAVICOLLIS,LIODESSUS,LIODESSUS FLAVICOLLIS
LIRCEUS,FALSE,LIRCEUS,,LIRCEUS,LIRCEUS,LIRCEUS
LOPESCLADIUS,FALSE,LOPESCLADIUS,,LOPESCLADIUS,LOPESCLADIUS,LOPESCLADIUS
LUMBRICULIDAE,FALSE,LUMBRICULIDAE,,LUMBRICULIDAE,OLIGOCHAETA,LUMBRICULIDAE
LUTROCHUS,FALSE,LUTROCHUS,,LUTROCHUS,LUTROCHUS,LUTROCHUS
LUTROCHUS LATICEPS,FALSE,LUTROCHUS LATICEPS,,LUTROCHUS LATICEPS,LUTROCHUS,LUTROCHUS LATICEPS
LYMNAEA,TRUE,LYMNAEIDAE,nomenclature issue,LYMNAEIDAE,LYMNAEIDAE,LYMNAEA
LYMNAEIDAE,FALSE,LYMNAEIDAE,,LYMNAEIDAE,LYMNAEIDAE,LYMNAEIDAE
MACCAFFERTIUM,FALSE,MACCAFFERTIUM,,MACCAFFERTIUM,MACCAFFERTIUM,MACCAFFERTIUM
MACCAFFERTIUM EXIGUUM,FALSE,MACCAFFERTIUM EXIGUUM,,MACCAFFERTIUM EXIGUUM,MACCAFFERTIUM,MACCAFFERTIUM EXIGUUM
MACCAFFERTIUM MEDIOPUNCTATUM,FALSE,MACCAFFERTIUM MEDIOPUNCTATUM,,MACCAFFERTIUM MEDIOPUNCTATUM,MACCAFFERTIUM,MACCAFFERTIUM MEDIOPUNCTATUM
MACCAFFERTIUM MEXICANUM,FALSE,MACCAFFERTIUM MEXICANUM,,MACCAFFERTIUM MEXICANUM,MACCAFFERTIUM,MACCAFFERTIUM MEXICANUM
MACCAFFERTIUM MEXICANUM INTEGRUM,TRUE,MACCAFFERTIUM MEXICANUM,removed subspecies,MACCAFFERTIUM MEXICANUM,MACCAFFERTIUM,MACCAFFERTIUM MEXICANUM INTEGRUM
MACCAFFERTIUM PULCHELLUM,FALSE,MACCAFFERTIUM PULCHELLUM,,MACCAFFERTIUM PULCHELLUM,MACCAFFERTIUM,MACCAFFERTIUM PULCHELLUM
MACCAFFERTIUM TERMINATUM,FALSE,MACCAFFERTIUM TERMINATUM,,MACCAFFERTIUM TERMINATUM,MACCAFFERTIUM,MACCAFFERTIUM TERMINATUM
MACDUNNOA,FALSE,MACDUNNOA,,MACDUNNOA,MACDUNNOA,MACDUNNOA
MACROBDELLA DECORA,FALSE,MACROBDELLA DECORA,,MACROBDELLA DECORA,HIRUDINIDAE,MACROBDELLA DECORA
MACROMIA,FALSE,MACROMIA,,MACROMIA,MACROMIA,MACROMIA
MACROMIA ILLINOIENSIS,FALSE,MACROMIA ILLINOIENSIS,,MACROMIA ILLINOIENSIS,MACROMIA,MACROMIA ILLINOIENSIS
MACROMIA TAENIOLATA,FALSE,MACROMIA TAENIOLATA,,MACROMIA TAENIOLATA,MACROMIA,MACROMIA TAENIOLATA
MACRONYCHUS,FALSE,MACRONYCHUS,,MACRONYCHUS,MACRONYCHUS,MACRONYCHUS
MACRONYCHUS GLABRATUS,FALSE,MACRONYCHUS GLABRATUS,,MACRONYCHUS GLABRATUS,MACRONYCHUS,MACRONYCHUS GLABRATUS
MAYATRICHIA,FALSE,MAYATRICHIA,,MAYATRICHIA,MAYATRICHIA,MAYATRICHIA
MAYATRICHIA AYAMA,FALSE,MAYATRICHIA AYAMA,,MAYATRICHIA AYAMA,MAYATRICHIA,MAYATRICHIA AYAMA
MEGALOPTERA,FALSE,MEGALOPTERA,,MEGALOPTERA,MEGALOPTERA,MEGALOPTERA
MENETUS,FALSE,MENETUS,,MENETUS,MENETUS,MENETUS
MERRAGATA,FALSE,MERRAGATA,,MERRAGATA,HEBRIDAE,MERRAGATA
MESOVELIA,FALSE,MESOVELIA,,MESOVELIA,MESOVELIA,MESOVELIA
MESOVELIA CRYPTOPHILA,FALSE,MESOVELIA CRYPTOPHILA,,MESOVELIA CRYPTOPHILA,MESOVELIA,MESOVELIA CRYPTOPHILA
MESOVELIA MULSANTI,FALSE,MESOVELIA MULSANTI,,MESOVELIA MULSANTI,MESOVELIA,MESOVELIA MULSANTI
METACOPINA,FALSE,METACOPINA,,METACOPINA,METACOPINA,METACOPINA
METROBATES,FALSE,METROBATES,,METROBATES,METROBATES,METROBATES
MICRACANTHIA,FALSE,MICRACANTHIA,,MICRACANTHIA,MICRACANTHIA,MICRACANTHIA
MICROCYLLOEPUS,FALSE,MICROCYLLOEPUS,,MICROCYLLOEPUS,MICROCYLLOEPUS,MICROCYLLOEPUS
MICROCYLLOEPUS PUSILLUS,FALSE,MICROCYLLOEPUS PUSILLUS,,MICROCYLLOEPUS PUSILLUS,MICROCYLLOEPUS,MICROCYLLOEPUS PUSILLUS
MICROPSECTRA,FALSE,MICROPSECTRA,,MICROPSECTRA,MICROPSECTRA,MICROPSECTRA
MICROTENDIPES,FALSE,MICROTENDIPES,,MICROTENDIPES,MICROTENDIPES,MICROTENDIPES
MICROVELIA,FALSE,MICROVELIA,,MICROVELIA,MICROVELIA,MICROVELIA
MICROVELIA AMERICANA,FALSE,MICROVELIA AMERICANA,,MICROVELIA AMERICANA,MICROVELIA,MICROVELIA AMERICANA
MONOHELEA,FALSE,MONOHELEA,,MONOHELEA,MONOHELEA,MONOHELEA
MONOPELOPIA,FALSE,MONOPELOPIA,,MONOPELOPIA,MONOPELOPIA,MONOPELOPIA
MOOREOBDELLA,FALSE,MOOREOBDELLA,,MOOREOBDELLA,ERPOBDELLIDAE,ERPOBDELLA
MUSCIDAE,FALSE,MUSCIDAE,,MUSCIDAE,MUSCIDAE,MUSCIDAE
MUSCULIUM,FALSE,MUSCULIUM,,MUSCULIUM,MUSCULIUM,MUSCULIUM
MUSCULIUM PARTUMEIUM,FALSE,MUSCULIUM PARTUMEIUM,,MUSCULIUM PARTUMEIUM,MUSCULIUM,MUSCULIUM PARTUMEIUM
MUSCULIUM SECURIS,FALSE,MUSCULIUM SECURIS,,MUSCULIUM SECURIS,MUSCULIUM,MUSCULIUM SECURIS
MUSCULIUM TRANSVERSUM,FALSE,MUSCULIUM TRANSVERSUM,,MUSCULIUM TRANSVERSUM,MUSCULIUM,MUSCULIUM TRANSVERSUM
MYXOSARGUS,FALSE,MYXOSARGUS,,MYXOSARGUS,MYXOSARGUS,MYXOSARGUS
NAIDIDAE,FALSE,NAIDIDAE,,NAIDIDAE,OLIGOCHAETA,NAIDIDAE
NAIS,FALSE,NAIS,,NAIS,OLIGOCHAETA,NAIS
NAIS PSEUDOBTUSA,FALSE,NAIS PSEUDOBTUSA,,NAIS PSEUDOBTUSA,OLIGOCHAETA,NAIS PSEUDOBTUSA
NAIS VARIABILIS,FALSE,NAIS VARIABILIS,,NAIS VARIABILIS,OLIGOCHAETA,NAIS VARIABILIS
NANOCLADIUS,FALSE,NANOCLADIUS,,NANOCLADIUS,NANOCLADIUS,NANOCLADIUS
NASIAESCHNA,FALSE,NASIAESCHNA,,NASIAESCHNA,NASIAESCHNA,NASIAESCHNA
NASIAESCHNA PENTACANTHA,FALSE,NASIAESCHNA PENTACANTHA,,NASIAESCHNA PENTACANTHA,NASIAESCHNA,NASIAESCHNA PENTACANTHA
NATARSIA,FALSE,NATARSIA,,NATARSIA,NATARSIA,NATARSIA
NECTOPSYCHE,FALSE,NECTOPSYCHE,,NECTOPSYCHE,NECTOPSYCHE,NECTOPSYCHE
NECTOPSYCHE CANDIDA,FALSE,NECTOPSYCHE CANDIDA,,NECTOPSYCHE CANDIDA,NECTOPSYCHE,NECTOPSYCHE CANDIDA
NECTOPSYCHE DIARINA,FALSE,NECTOPSYCHE DIARINA,,NECTOPSYCHE DIARINA,NECTOPSYCHE,NECTOPSYCHE DIARINA
NECTOPSYCHE EXQUISITA,FALSE,NECTOPSYCHE EXQUISITA,,NECTOPSYCHE EXQUISITA,NECTOPSYCHE,NECTOPSYCHE EXQUISITA
NEMATA,FALSE,NEMATA,,NEMATA,NEMATA,NEMATA
NEMOTELUS,FALSE,NEMOTELUS,,NEMOTELUS,NEMOTELUS,NEMOTELUS
NEOCHOROTERPES,FALSE,NEOCHOROTERPES,,NEOCHOROTERPES,NEOCHOROTERPES,NEOCHOROTERPES
NEOGERRIS,FALSE,NEOGERRIS,,NEOGERRIS,NEOGERRIS,NEOGERRIS
NEOGERRIS HESIONE,FALSE,NEOGERRIS HESIONE,,NEOGERRIS HESIONE,NEOGERRIS,NEOGERRIS HESIONE
NEOPERLA,FALSE,NEOPERLA,,NEOPERLA,NEOPERLA,NEOPERLA
NEOPERLA CLYMENE,FALSE,NEOPERLA CLYMENE,,NEOPERLA CLYMENE,NEOPERLA,NEOPERLA CLYMENE
NEOPLEA,FALSE,NEOPLEA,,NEOPLEA,NEOPLEA,NEOPLEA
NEOPLEA STRIOLA,FALSE,NEOPLEA STRIOLA,,NEOPLEA STRIOLA,NEOPLEA STRIOLA,NEOPLEA STRIOLA
NEOPORUS,FALSE,NEOPORUS,,NEOPORUS,NEOPORUS,NEOPORUS
NEOPORUS CLYPEALIS,FALSE,NEOPORUS CLYPEALIS,,NEOPORUS CLYPEALIS,NEOPORUS,NEOPORUS CLYPEALIS
NEOPORUS DIMIDIATUS,FALSE,NEOPORUS DIMIDIATUS,,NEOPORUS DIMIDIATUS,NEOPORUS,NEOPORUS DIMIDIATUS
NEOPORUS LECONTEI,FALSE,NEOPORUS LECONTEI,,NEOPORUS LECONTEI,NEOPORUS,NEOPORUS LECONTEI
NEOPORUS SHERMANI,FALSE,NEOPORUS SHERMANI,,NEOPORUS SHERMANI,NEOPORUS,NEOPORUS SHERMANI
NEOPORUS TENNETUM,FALSE,NEOPORUS TENNETUM,,NEOPORUS TENNETUM,NEOPORUS,NEOPORUS TENNETUM
NEOPORUS UNDULATUS,FALSE,NEOPORUS UNDULATUS,,NEOPORUS UNDULATUS,NEOPORUS,NEOPORUS UNDULATUS
NEOPORUS VITTATIPENNIS,FALSE,NEOPORUS VITTATIPENNIS,,NEOPORUS VITTATIPENNIS,NEOPORUS,NEOPORUS VITTATIPENNIS
NEOTRICHIA,FALSE,NEOTRICHIA,,NEOTRICHIA,NEOTRICHIA,NEOTRICHIA
NEPA,FALSE,NEPA,,NEPA,NEPA,NEPA
NEPA APICULATA,FALSE,NEPA APICULATA,,NEPA APICULATA,NEPA,NEPA APICULATA
NEURECLIPSIS,FALSE,NEURECLIPSIS,,NEURECLIPSIS,NEURECLIPSIS,NEURECLIPSIS
NEURECLIPSIS CREPUSCULARIS,FALSE,NEURECLIPSIS CREPUSCULARIS,,NEURECLIPSIS CREPUSCULARIS,NEURECLIPSIS,NEURECLIPSIS CREPUSCULARIS
NEUROCORDULIA,FALSE,NEUROCORDULIA,,NEUROCORDULIA,NEUROCORDULIA,NEUROCORDULIA
NEUROCORDULIA MOLESTA,FALSE,NEUROCORDULIA MOLESTA,,NEUROCORDULIA MOLESTA,NEUROCORDULIA,NEUROCORDULIA MOLESTA
NEUROCORDULIA XANTHOSOMA,FALSE,NEUROCORDULIA XANTHOSOMA,,NEUROCORDULIA XANTHOSOMA,NEUROCORDULIA,NEUROCORDULIA XANTHOSOMA
NIGRONIA,FALSE,NIGRONIA,,NIGRONIA,NIGRONIA,NIGRONIA
NILOTANYPUS,FALSE,NILOTANYPUS,,NILOTANYPUS,NILOTANYPUS,NILOTANYPUS
NILOTHAUMA,FALSE,NILOTHAUMA,,NILOTHAUMA,NILOTHAUMA,NILOTHAUMA
NOCTUIDAE,FALSE,NOCTUIDAE,,NOCTUIDAE,NOCTUIDAE,NOCTUIDAE
NOTONECTA,FALSE,NOTONECTA,,NOTONECTA,NOTONECTA,NOTONECTA
NOTONECTA IRRORATA,FALSE,NOTONECTA IRRORATA,,NOTONECTA IRRORATA,NOTONECTA,NOTONECTA IRRORATA
NOTONECTA UNDULATA,FALSE,NOTONECTA UNDULATA,,NOTONECTA UNDULATA,NOTONECTA,NOTONECTA UNDULATA
NOTONECTIDAE,FALSE,NOTONECTIDAE,,NOTONECTIDAE,NOTONECTIDAE,NOTONECTIDAE
NYCTIOPHYLAX,FALSE,NYCTIOPHYLAX,,NYCTIOPHYLAX,NYCTIOPHYLAX,NYCTIOPHYLAX
NYCTIOPHYLAX AFFINIS,FALSE,NYCTIOPHYLAX AFFINIS,,NYCTIOPHYLAX AFFINIS,NYCTIOPHYLAX,NYCTIOPHYLAX AFFINIS
OCHROTRICHIA,FALSE,OCHROTRICHIA,,OCHROTRICHIA,OCHROTRICHIA,OCHROTRICHIA
OCHTHEBIUS,FALSE,OCHTHEBIUS,,OCHTHEBIUS,OCHTHEBIUS,OCHTHEBIUS
ODONATA,FALSE,ODONATA,,ODONATA,ODONATA,ODONATA
ODONTOMYIA,FALSE,ODONTOMYIA,,ODONTOMYIA,ODONTOMYIA,ODONTOMYIA/HEDRIODISCUS
ODONTOMYIA/HEDRIODISCUS,FALSE,ODONTOMYIA/HEDRIODISCUS,,ODONTOMYIA/HEDRIODISCUS,ODONTOMYIA/HEDRIODISCUS,ODONTOMYIA/HEDRIODISCUS
OECETIS,FALSE,OECETIS,,OECETIS,OECETIS,OECETIS
OLIGOCHAETA,FALSE,OLIGOCHAETA,,OLIGOCHAETA,OLIGOCHAETA,OLIGOCHAETA CLITELLATA
OPHIDONAIS SERPENTINA,FALSE,OPHIDONAIS SERPENTINA,,OPHIDONAIS SERPENTINA,OLIGOCHAETA,OPHIDONAIS SERPENTINA
OPHIOGOMPHUS,FALSE,OPHIOGOMPHUS,,OPHIOGOMPHUS,OPHIOGOMPHUS,OPHIOGOMPHUS
OPHIOGOMPHUS RUPINSULENSIS,FALSE,OPHIOGOMPHUS RUPINSULENSIS,,OPHIOGOMPHUS RUPINSULENSIS,OPHIOGOMPHUS,OPHIOGOMPHUS RUPINSULENSIS
OPHIOGOMPHUS SEVERUS,FALSE,OPHIOGOMPHUS SEVERUS,,OPHIOGOMPHUS SEVERUS,OPHIOGOMPHUS,OPHIOGOMPHUS SEVERUS
ORCONECTES,FALSE,ORCONECTES,,ORCONECTES,ORCONECTES,ORCONECTES
ORCONECTES IMMUNIS,FALSE,ORCONECTES IMMUNIS,,ORCONECTES IMMUNIS,ORCONECTES,ORCONECTES IMMUNIS
ORCONECTES LUTEUS,FALSE,ORCONECTES LUTEUS,,ORCONECTES LUTEUS,ORCONECTES,ORCONECTES LUTEUS
ORCONECTES MACRUS,FALSE,ORCONECTES MACRUS,,ORCONECTES MACRUS,ORCONECTES,ORCONECTES MACRUS
ORCONECTES NEGLECTUS,FALSE,ORCONECTES NEGLECTUS,,ORCONECTES NEGLECTUS,ORCONECTES,ORCONECTES NEGLECTUS
ORCONECTES VIRILIS,FALSE,ORCONECTES VIRILIS,,ORCONECTES VIRILIS,ORCONECTES,ORCONECTES VIRILIS
OREODYTES,FALSE,OREODYTES,,OREODYTES,OREODYTES,OREODYTES
ORMOSIA,FALSE,ORMOSIA,,ORMOSIA,ORMOSIA,ORMOSIA
ORTHOCLADIUS,FALSE,ORTHOCLADIUS,,ORTHOCLADIUS,ORTHOCLADIUS,ORTHOCLADIUS
PACHYDIPLAX,FALSE,PACHYDIPLAX,,PACHYDIPLAX,PACHYDIPLAX,PACHYDIPLAX
PACHYDIPLAX LONGIPENNIS,FALSE,PACHYDIPLAX LONGIPENNIS,,PACHYDIPLAX LONGIPENNIS,PACHYDIPLAX,PACHYDIPLAX LONGIPENNIS
PAGASTIELLA,FALSE,PAGASTIELLA,,PAGASTIELLA,PAGASTIELLA,PAGASTIELLA
PALAEMONETES,FALSE,PALAEMONETES,,PALAEMONETES,PALAEMONETES,PALAEMONETES
PALAEMONETES KADIAKENSIS,FALSE,PALAEMONETES KADIAKENSIS,,PALAEMONETES KADIAKENSIS,PALAEMONETES,PALAEMONETES KADIAKENSIS
PALMACORIXA,FALSE,PALMACORIXA,,PALMACORIXA,PALMACORIXA,PALMACORIXA
PALMACORIXA NANA,FALSE,PALMACORIXA NANA,,PALMACORIXA NANA,PALMACORIXA,PALMACORIXA NANA
PALMACORIXA NANA WALLEYI,TRUE,PALMACORIXA NANA,removed subspecies,PALMACORIXA NANA,PALMACORIXA,PALMACORIXA NANA WALLEYI
PANTALA,FALSE,PANTALA,,PANTALA,PANTALA,PANTALA
PANTALA FLAVESCENS,FALSE,PANTALA FLAVESCENS,,PANTALA FLAVESCENS,PANTALA,PANTALA FLAVESCENS
PANTALA HYMENAEA,FALSE,PANTALA HYMENAEA,,PANTALA HYMENAEA,PANTALA,PANTALA HYMENAEA
PARACHIRONOMUS,FALSE,PARACHIRONOMUS,,PARACHIRONOMUS,PARACHIRONOMUS,PARACHIRONOMUS
PARACLADOPELMA,FALSE,PARACLADOPELMA,,PARACLADOPELMA,PARACLADOPELMA,PARACLADOPELMA
PARACLOEODES,FALSE,PARACLOEODES,,PARACLOEODES,PARACLOEODES,PARACLOEODES
PARACYMUS,FALSE,PARACYMUS,,PARACYMUS,PARACYMUS,PARACYMUS
PARAGNETINA,FALSE,PARAGNETINA,,PARAGNETINA,PARAGNETINA,PARAGNETINA
PARAGNETINA KANSENSIS,FALSE,PARAGNETINA KANSENSIS,,PARAGNETINA KANSENSIS,PARAGNETINA,PARAGNETINA KANSENSIS
PARAKIEFFERIELLA,FALSE,PARAKIEFFERIELLA,,PARAKIEFFERIELLA,PARAKIEFFERIELLA,PARAKIEFFERIELLA
PARALAUTERBORNIELLA,FALSE,PARALAUTERBORNIELLA,,PARALAUTERBORNIELLA,PARALAUTERBORNIELLA,PARALAUTERBORNIELLA
PARALEPTOPHLEBIA,FALSE,PARALEPTOPHLEBIA,,PARALEPTOPHLEBIA,PARALEPTOPHLEBIA,PARALEPTOPHLEBIA
PARAMERINA,FALSE,PARAMERINA,,PARAMERINA,PARAMERINA,PARAMERINA
PARAMETRIOCNEMUS,FALSE,PARAMETRIOCNEMUS,,PARAMETRIOCNEMUS,PARAMETRIOCNEMUS,PARAMETRIOCNEMUS
PARANAIS,FALSE,PARANAIS,,PARANAIS,OLIGOCHAETA,PARANAIS
PARAPHAENOCLADIUS,FALSE,PARAPHAENOCLADIUS,,PARAPHAENOCLADIUS,PARAPHAENOCLADIUS,PARAPHAENOCLADIUS
PARATANYTARSUS,FALSE,PARATANYTARSUS,,PARATANYTARSUS,PARATANYTARSUS,PARATANYTARSUS
PARATENDIPES,FALSE,PARATENDIPES,,PARATENDIPES,PARATENDIPES,PARATENDIPES
PELOCORIS,FALSE,PELOCORIS,,PELOCORIS,PELOCORIS,PELOCORIS
PELOCORIS FEMORATUS,FALSE,PELOCORIS FEMORATUS,,PELOCORIS FEMORATUS,PELOCORIS,PELOCORIS FEMORATUS
PELONOMUS,FALSE,PELONOMUS,,PELONOMUS,PELONOMUS,
PELONOMUS OBSCURUS,FALSE,PELONOMUS OBSCURUS,,PELONOMUS OBSCURUS,PELONOMUS,PELONOMUS OBSCURUS
PELTODYTES,FALSE,PELTODYTES,,PELTODYTES,PELTODYTES,PELTODYTES
PELTODYTES DUNAVANI,FALSE,PELTODYTES DUNAVANI,,PELTODYTES DUNAVANI,PELTODYTES,PELTODYTES DUNAVANI
PELTODYTES DUODECIMPUNCTATUS,FALSE,PELTODYTES DUODECIMPUNCTATUS,,PELTODYTES DUODECIMPUNCTATUS,PELTODYTES,PELTODYTES DUODECIMPUNTATUS
PELTODYTES DUODECIMPUNCTATUS/LENGI,FALSE,PELTODYTES DUODECIMPUNCTATUS/LENGI,,PELTODYTES DUODECIMPUNCTATUS/LENGI,PELTODYTES DUODECIMPUNCTATUS/LENGI,
PELTODYTES EDENTULUS,FALSE,PELTODYTES EDENTULUS,,PELTODYTES EDENTULUS,PELTODYTES,PELTODYTES EDENTULUS
PELTODYTES LENGI,FALSE,PELTODYTES LENGI,,PELTODYTES LENGI,PELTODYTES,PELTODYTES LENGI
PELTODYTES LITORALIS,FALSE,PELTODYTES LITORALIS,,PELTODYTES LITORALIS,PELTODYTES,PELTODYTES LITORALIS
PELTODYTES SEXMACULATUS,FALSE,PELTODYTES SEXMACULATUS,,PELTODYTES SEXMACULATUS,PELTODYTES,PELTODYTES SEXMACULATUS
PELTODYTES SEXMACULATUS/DUNAVANI/SHERMANI,FALSE,PELTODYTES SEXMACULATUS/DUNAVANI/SHERMANI,,PELTODYTES SEXMACULATUS/DUNAVANI/SHERMANI,PELTODYTES SEXMACULATUS/DUNAVANI/SHERMANI,
PELTODYTES SHERMANI,FALSE,PELTODYTES SHERMANI,,PELTODYTES SHERMANI,PELTODYTES,PELTODYTES SHERMANI
PENTACORA,FALSE,PENTACORA,,PENTACORA,PENTACORA,PENTACORA
PENTAGENIA,FALSE,PENTAGENIA,,PENTAGENIA,PENTAGENIA,PENTAGENIA
PENTAGENIA VITTIGERA,FALSE,PENTAGENIA VITTIGERA,,PENTAGENIA VITTIGERA,PENTAGENIA,PENTAGENIA VITTIGERA
PENTANEURA,FALSE,PENTANEURA,,PENTANEURA,PENTANEURA,PENTANEURA
PERICOMA,FALSE,PERICOMA,,PERICOMA,PERICOMA,PERICOMA
PERITHEMIS,FALSE,PERITHEMIS,,PERITHEMIS,PERITHEMIS,PERITHEMIS
PERITHEMIS TENERA,FALSE,PERITHEMIS TENERA,,PERITHEMIS TENERA,PERITHEMIS,PERITHEMIS TENERA
PERLESTA,FALSE,PERLESTA,,PERLESTA,PERLESTA,PERLESTA
PERLIDAE,FALSE,PERLIDAE,,PERLIDAE,PERLIDAE,PERLIDAE
PERLINELLA,FALSE,PERLINELLA,,PERLINELLA,PERLINELLA,PERLINELLA
PERLINELLA DRYMO,FALSE,PERLINELLA DRYMO,,PERLINELLA DRYMO,PERLINELLA,PERLINELLA DRYMO
PERLODIDAE,FALSE,PERLODIDAE,,PERLODIDAE,PERLODIDAE,PERLODIDAE
PETROPHILA,FALSE,PETROPHILA,,PETROPHILA,PETROPHILA,PETROPHILA
PHAENOPSECTRA,FALSE,PHAENOPSECTRA,,PHAENOPSECTRA,PHAENOPSECTRA,PHAENOPSECTRA
PHAENOPSECTRA/TRIBELOS,FALSE,PHAENOPSECTRA/TRIBELOS,,PHAENOPSECTRA/TRIBELOS,PHAENOPSECTRA/TRIBELOS,
PHILOPOTAMIDAE,FALSE,PHILOPOTAMIDAE,,PHILOPOTAMIDAE,PHILOPOTAMIDAE,PHILOPOTAMIDAE
PHYSELLA,FALSE,PHYSELLA,,PHYSELLA,PHYSELLA,PHYSELLA
PHYSELLA GYRINA,FALSE,PHYSELLA GYRINA,,PHYSELLA GYRINA,PHYSELLA,PHYSELLA GYRINA
PHYSIDAE,FALSE,PHYSIDAE,,PHYSIDAE,PHYSIDAE,PHYSIDAE
PILARIA,FALSE,PILARIA,,PILARIA,PILARIA,PILARIA
PISCICOLIDAE,FALSE,PISCICOLIDAE,,PISCICOLIDAE,PISCICOLIDAE,PISCICOLIDAE
PISIDIIDAE,FALSE,PISIDIIDAE,,PISIDIIDAE,PISIDIIDAE,PISIDIIDAE
PISIDIUM,FALSE,PISIDIUM,,PISIDIUM,PISIDIUM,PISIDIUM
PISIDIUM COMPRESSUM,FALSE,PISIDIUM COMPRESSUM,,PISIDIUM COMPRESSUM,PISIDIUM,PISIDIUM COMPRESSUM
PLACOBDELLA,FALSE,PLACOBDELLA,,PLACOBDELLA,GLOSSIPHONIIDAE,PLACOBDELLA
PLACOBDELLA PARASITICA,FALSE,PLACOBDELLA PARASITICA,,PLACOBDELLA PARASITICA,GLOSSIPHONIIDAE,PLACOBDELLA PARASITICA
PLANARIIDAE,FALSE,PLANARIIDAE,,PLANARIIDAE,PLANARIIDAE,PLANARIIDAE
PLANORBELLA,FALSE,PLANORBELLA,,PLANORBELLA,PLANORBELLA,PLANORBELLA
PLANORBELLA TRIVOLVIS,FALSE,PLANORBELLA TRIVOLVIS,,PLANORBELLA TRIVOLVIS,PLANORBELLA,PLANORBELLA TRIVOLVIS
PLANORBIDAE,FALSE,PLANORBIDAE,,PLANORBIDAE,PLANORBIDAE,PLANORBIDAE
PLATHEMIS,FALSE,PLATHEMIS,,PLATHEMIS,PLATHEMIS,PLATHEMIS
PLATHEMIS LYDIA,FALSE,PLATHEMIS LYDIA,,PLATHEMIS LYDIA,PLATHEMIS,PLATHEMIS LYDIA
PLATHEMIS SUBORNATA,FALSE,PLATHEMIS SUBORNATA,,PLATHEMIS SUBORNATA,PLATHEMIS,PLATHEMIS SUBORNATA
PLATYVELIA,FALSE,PLATYVELIA,,PLATYVELIA,PLATYVELIA,PLATYVELIA
PLAUDITUS,FALSE,PLAUDITUS,,PLAUDITUS,PLAUDITUS,PLAUDITUS
PLECOPTERA,FALSE,PLECOPTERA,,PLECOPTERA,PLECOPTERA,PLECOPTERA
PLEIDAE,FALSE,PLEIDAE,,PLEIDAE,PLEIDAE,PLEIDAE
PLEUROCERA,FALSE,PLEUROCERA,,PLEUROCERA,PLEUROCERA,PLEUROCERA
PLEUROCERA ACUTA,FALSE,PLEUROCERA ACUTA,,PLEUROCERA ACUTA,PLEUROCERA,PLEUROCERA ACUTA
POLYCENTROPODIDAE,FALSE,POLYCENTROPODIDAE,,POLYCENTROPODIDAE,POLYCENTROPODIDAE,POLYCENTROPODIDAE
POLYCENTROPUS,FALSE,POLYCENTROPUS,,POLYCENTROPUS,POLYCENTROPUS,POLYCENTROPUS
POLYMITARCYIDAE,FALSE,POLYMITARCYIDAE,,POLYMITARCYIDAE,POLYMITARCYIDAE,POLYMITARCYIDAE
POLYPEDILUM,FALSE,POLYPEDILUM,,POLYPEDILUM,POLYPEDILUM,POLYPEDILUM
POLYPEDILUM (ASHEUM) BECKAE,FALSE,POLYPEDILUM (ASHEUM) BECKAE,,POLYPEDILUM (ASHEUM) BECKAE,POLYPEDILUM,POLYPEDILUM BECKAE
POLYPEDILUM (CEROBREGMA) ONTARIO,FALSE,POLYPEDILUM (CEROBREGMA) ONTARIO,,POLYPEDILUM (CEROBREGMA) ONTARIO,POLYPEDILUM,POLYPEDILUM ONTARIO
POLYPEDILUM (POLYPEDILUM),FALSE,POLYPEDILUM (POLYPEDILUM),,POLYPEDILUM (POLYPEDILUM),POLYPEDILUM,POLYPEDILUM
POLYPEDILUM (POLYPEDILUM) FALLAX GR.,FALSE,POLYPEDILUM (POLYPEDILUM) FALLAX GR.,,POLYPEDILUM (POLYPEDILUM) FALLAX GR.,POLYPEDILUM,POLYPEDILUM FALLAX GROUP
POLYPEDILUM (POLYPEDILUM) ILLINOENSE GR,FALSE,POLYPEDILUM (POLYPEDILUM) ILLINOENSE GR,,POLYPEDILUM (POLYPEDILUM) ILLINOENSE GR,POLYPEDILUM,POLYPEDILUM ILLINOENSE GROUP
POLYPEDILUM (POLYPEDILUM) TRIGONUS,FALSE,POLYPEDILUM (POLYPEDILUM) TRIGONUS,,POLYPEDILUM (POLYPEDILUM) TRIGONUS,POLYPEDILUM,POLYPEDILUM TRIGONUS
POLYPEDILUM (TRIPODURA),FALSE,POLYPEDILUM (TRIPODURA),,POLYPEDILUM (TRIPODURA),POLYPEDILUM,POLYPEDILUM
POLYPEDILUM (TRIPODURA) HALTERALE GR.,FALSE,POLYPEDILUM (TRIPODURA) HALTERALE GR.,,POLYPEDILUM (TRIPODURA) HALTERALE GR.,POLYPEDILUM,POLYPEDILUM HALTERALE GROUP
POLYPEDILUM (TRIPODURA) SCALAENUM GR.,FALSE,POLYPEDILUM (TRIPODURA) SCALAENUM GR.,,POLYPEDILUM (TRIPODURA) SCALAENUM GR.,POLYPEDILUM,POLYPEDILUM SCALAENUM GROUP
POLYPEDILUM (URESIPEDILUM),FALSE,POLYPEDILUM (URESIPEDILUM),,POLYPEDILUM (URESIPEDILUM),POLYPEDILUM,POLYPEDILUM
POLYPEDILUM (URESIPEDILUM) CONVICTUM,FALSE,POLYPEDILUM (URESIPEDILUM) CONVICTUM,,POLYPEDILUM (URESIPEDILUM) CONVICTUM,POLYPEDILUM,POLYPEDILUM CONVICTUM GROUP
POTAMYIA,FALSE,POTAMYIA,,POTAMYIA,POTAMYIA,POTAMYIA
POTAMYIA FLAVA,FALSE,POTAMYIA FLAVA,,POTAMYIA FLAVA,POTAMYIA,POTAMYIA FLAVA
PRIONOCYPHON,FALSE,PRIONOCYPHON,,PRIONOCYPHON,SCIRTIDAE,PRIONOCYPHON
PRISTINA,FALSE,PRISTINA,,PRISTINA,OLIGOCHAETA,PRISTINA
PROBEZZIA,FALSE,PROBEZZIA,,PROBEZZIA,PROBEZZIA,PROBEZZIA
PROBYTHINELLA,FALSE,PROBYTHINELLA,,PROBYTHINELLA,PROBYTHINELLA,
PROBYTHINELLA EMARGINATA,FALSE,PROBYTHINELLA EMARGINATA,,PROBYTHINELLA EMARGINATA,PROBYTHINELLA,PROBYTHINELLA EMARGINATA
PROCAMBARUS,FALSE,PROCAMBARUS,,PROCAMBARUS,PROCAMBARUS,PROCAMBARUS
PROCAMBARUS GRACILIS,FALSE,PROCAMBARUS GRACILIS,,PROCAMBARUS GRACILIS,PROCAMBARUS,PROCAMBARUS GRACILIS
PROCAMBARUS SIMULANS,FALSE,PROCAMBARUS SIMULANS,,PROCAMBARUS SIMULANS,PROCAMBARUS,PROCAMBARUS SIMULANS
PROCLADIUS,FALSE,PROCLADIUS,,PROCLADIUS,PROCLADIUS,PROCLADIUS
PROCLOEON,FALSE,PROCLOEON,,PROCLOEON,PROCLOEON,PROCLOEON
PROGOMPHUS,FALSE,PROGOMPHUS,,PROGOMPHUS,PROGOMPHUS,PROGOMPHUS
PROGOMPHUS OBSCURUS,FALSE,PROGOMPHUS OBSCURUS,,PROGOMPHUS OBSCURUS,PROGOMPHUS,PROGOMPHUS OBSCURUS
PROMENETUS,FALSE,PROMENETUS,,PROMENETUS,PROMENETUS,PROMENETUS
PSECTROCLADIUS,FALSE,PSECTROCLADIUS,,PSECTROCLADIUS,PSECTROCLADIUS,PSECTROCLADIUS
PSECTROTANYPUS,FALSE,PSECTROTANYPUS,,PSECTROTANYPUS,PSECTROTANYPUS,PSECTROTANYPUS
PSEPHENIDAE,FALSE,PSEPHENIDAE,,PSEPHENIDAE,PSEPHENIDAE,PSEPHENIDAE
PSEPHENUS,FALSE,PSEPHENUS,,PSEPHENUS,PSEPHENUS,PSEPHENUS
PSEPHENUS HERRICKI,FALSE,PSEPHENUS HERRICKI,,PSEPHENUS HERRICKI,PSEPHENUS,PSEPHENUS HERRICKI
PSEUDIRON,FALSE,PSEUDIRON,,PSEUDIRON,PSEUDIRON,PSEUDIRON
PSEUDIRON CENTRALIS,FALSE,PSEUDIRON CENTRALIS,,PSEUDIRON CENTRALIS,PSEUDIRON,PSEUDIRON CENTRALIS
PSEUDOCHIRONOMUS,FALSE,PSEUDOCHIRONOMUS,,PSEUDOCHIRONOMUS,PSEUDOCHIRONOMUS,PSEUDOCHIRONOMUS
PSEUDOCLOEON,FALSE,PSEUDOCLOEON,,PSEUDOCLOEON,PSEUDOCLOEON,LABIOBAETIS
PSEUDOCLOEON EPHIPPIATUM,FALSE,PSEUDOCLOEON EPHIPPIATUM,,PSEUDOCLOEON EPHIPPIATUM,PSEUDOCLOEON,LABIOBAETIS EPHIPPIATUS
PSEUDOLIMNOPHILA,FALSE,PSEUDOLIMNOPHILA,,PSEUDOLIMNOPHILA,PSEUDOLIMNOPHILA,PSEUDOLIMNOPHILA
PSEUDOSUCCINEA,TRUE,LYMNAEIDAE,,LYMNAEIDAE,LYMNAEIDAE,PSEUDOSUCCINEA
PSEUDOSUCCINEA COLUMELLA,TRUE,LYMNAEIDAE,,LYMNAEIDAE,LYMNAEIDAE,PSEUDOSUCCINEA COLUMELLA
PSYCHODIDAE,FALSE,PSYCHODIDAE,,PSYCHODIDAE,PSYCHODIDAE,PSYCHODIDAE
PTERONARCYS,FALSE,PTERONARCYS,,PTERONARCYS,PTERONARCYS,PTERONARCYS
PTERONARCYS PICTETII,FALSE,PTERONARCYS PICTETII,,PTERONARCYS PICTETII,PTERONARCYS,PTERONARCYSPICTETII
PTILIIDAE,FALSE,PTILIIDAE,,PTILIIDAE,PTILIIDAE,PTILIIDAE
PTILOSTOMIS,FALSE,PTILOSTOMIS,,PTILOSTOMIS,PTILOSTOMIS,PTILOSTOMIS
PYCNOPSYCHE,FALSE,PYCNOPSYCHE,,PYCNOPSYCHE,PYCNOPSYCHE,PYCNOPSYCHE
RAMPHOCORIXA,FALSE,RAMPHOCORIXA,,RAMPHOCORIXA,RAMPHOCORIXA,RAMPHOCORIXA
RAMPHOCORIXA ACUMINATA,FALSE,RAMPHOCORIXA ACUMINATA,,RAMPHOCORIXA ACUMINATA,RAMPHOCORIXA,RAMPHOCORIXA ACUMINATA
RANATRA,FALSE,RANATRA,,RANATRA,RANATRA,RANATRA
RANATRA NIGRA,FALSE,RANATRA NIGRA,,RANATRA NIGRA,RANATRA,RANATRA NIGRA
RHAGOVELIA,FALSE,RHAGOVELIA,,RHAGOVELIA,RHAGOVELIA,RHAGOVELIA
RHANTUS,FALSE,RHANTUS,,RHANTUS,RHANTUS,RHANTUS
RHEOCRICOTOPUS,FALSE,RHEOCRICOTOPUS,,RHEOCRICOTOPUS,RHEOCRICOTOPUS,RHEOCRICOTOPUS
RHEOTANYTARSUS,FALSE,RHEOTANYTARSUS,,RHEOTANYTARSUS,RHEOTANYTARSUS,RHEOTANYTARSUS
RHEUMATOBATES,FALSE,RHEUMATOBATES,,RHEUMATOBATES,RHEUMATOBATES,RHEUMATOBATES
RHEUMATOBATES PALOSI,FALSE,RHEUMATOBATES PALOSI,,RHEUMATOBATES PALOSI,RHEUMATOBATES,RHEUMATOBATES PALOSI
RHEUMATOBATES RILEYI,FALSE,RHEUMATOBATES RILEYI,,RHEUMATOBATES RILEYI,RHEUMATOBATES,RHEUMATOBATES RILEYI
RHEUMATOBATES TRULLIGER,FALSE,RHEUMATOBATES TRULLIGER,,RHEUMATOBATES TRULLIGER,RHEUMATOBATES,RHEUMATOBATES TRULLIGER
RHITHROGENA,FALSE,RHITHROGENA,,RHITHROGENA,RHITHROGENA,RHITHROGENA
RHYACOPHILA,FALSE,RHYACOPHILA,,RHYACOPHILA,RHYACOPHILA,RHYACOPHILA
RHYACOPHILA LOBIFERA,FALSE,RHYACOPHILA LOBIFERA,,RHYACOPHILA LOBIFERA,RHYACOPHILA,RHYACOPHILA LOBIFERA
ROBACKIA,FALSE,ROBACKIA,,ROBACKIA,ROBACKIA,ROBACKIA
ROBACKIA CLAVIGER,FALSE,ROBACKIA CLAVIGER,,ROBACKIA CLAVIGER,ROBACKIA,ROBACKIA CLAVIGER
SAETHERIA,FALSE,SAETHERIA,,SAETHERIA,SAETHERIA,SAETHERIA
SALDIDAE,FALSE,SALDIDAE,,SALDIDAE,SALDIDAE,SALDIDAE
SALDULA,FALSE,SALDULA,,SALDULA,SALDULA,SALDULA
SCIOMYZIDAE,FALSE,SCIOMYZIDAE,,SCIOMYZIDAE,SCIOMYZIDAE,SCIOMYZIDAE
SCIRTIDAE,FALSE,SCIRTIDAE,,SCIRTIDAE,SCIRTIDAE,SCIRTIDAE
SIALIS,FALSE,SIALIS,,SIALIS,SIALIS,SIALIS
SIGARA,FALSE,SIGARA,,SIGARA,SIGARA,SIGARA
SIMULIIDAE,FALSE,SIMULIIDAE,,SIMULIIDAE,SIMULIIDAE,SIMULIIDAE
SIMULIUM,FALSE,SIMULIUM,,SIMULIUM,SIMULIUM,SIMULIUM
SIMULIUM VITTATUM,FALSE,SIMULIUM VITTATUM,,SIMULIUM VITTATUM,SIMULIUM,SIMULIUM VITTATUM
SIPHLONURUS,FALSE,SIPHLONURUS,,SIPHLONURUS,SIPHLONURUS,SIPHLONURUS
SISYRA,FALSE,SISYRA,,SISYRA,SISYRA,SISYRA
SISYRA VICARIA,FALSE,SISYRA VICARIA,,SISYRA VICARIA,SISYRA,SISYRA VICARIA
SISYRIDAE,FALSE,SISYRIDAE,,SISYRIDAE,SISYRIDAE,SISYRIDAE
SMICRIDEA,FALSE,SMICRIDEA,,SMICRIDEA,SMICRIDEA,SMICRIDEA
SOMATOCHLORA,FALSE,SOMATOCHLORA,,SOMATOCHLORA,SOMATOCHLORA,SOMATOCHLORA
SOMATOCHLORA LINEARIS,FALSE,SOMATOCHLORA LINEARIS,,SOMATOCHLORA LINEARIS,SOMATOCHLORA,SOMATOCHLORA LINEARIS
SPERCHOPSIS,FALSE,SPERCHOPSIS,,SPERCHOPSIS,SPERCHOPSIS,SPERCHOPSIS
SPHAERIUM,FALSE,SPHAERIUM,,SPHAERIUM,SPHAERIUM,SPHAERIUM
SPHAERIUM SIMILE,FALSE,SPHAERIUM SIMILE,,SPHAERIUM SIMILE,SPHAERIUM,SPHAERIUM SIMILE
SPHAERIUM STRIATINUM,FALSE,SPHAERIUM STRIATINUM,,SPHAERIUM STRIATINUM,SPHAERIUM,SPHAERIUM STRIATINUM
SPHAEROMIAS,FALSE,SPHAEROMIAS,,SPHAEROMIAS,SPHAEROMIAS,SPHAEROMIAS
SPIROSPERMA FEROX,FALSE,SPIROSPERMA FEROX,,SPIROSPERMA FEROX,OLIGOCHAETA,SPIROSPERMA FEROX
SPONGILLIDAE,FALSE,SPONGILLIDAE,,SPONGILLIDAE,SPONGILLIDAE,SPONGILLIDAE
STAGNICOLA,TRUE,LYMNAEIDAE,nomenclature issue,LYMNAEIDAE,LYMNAEIDAE,STAGNICOLA
STAPHYLINIDAE,FALSE,STAPHYLINIDAE,,STAPHYLINIDAE,STAPHYLINIDAE,EXCLUDE
STEINOVELIA,FALSE,STEINOVELIA,,STEINOVELIA,STEINOVELIA,STEINOVELIA
STEINOVELIA STAGNALIS,FALSE,STEINOVELIA STAGNALIS,,STEINOVELIA STAGNALIS,STEINOVELIA,STEINOVELIA STAGNALIS
STELECHOMYIA,FALSE,STELECHOMYIA,,STELECHOMYIA,STELECHOMYIA,STELECHOMYIA
STELECHOMYIA PERPULCHRA,FALSE,STELECHOMYIA PERPULCHRA,,STELECHOMYIA PERPULCHRA,STELECHOMYIA,STELECHOMYIA PERPULCHRA
STEMPELLINA,FALSE,STEMPELLINA,,STEMPELLINA,STEMPELLINA,STEMPELLINA
STEMPELLINELLA,FALSE,STEMPELLINELLA,,STEMPELLINELLA,STEMPELLINELLA,STEMPELLINELLA
STENACRON,FALSE,STENACRON,,STENACRON,STENACRON,STENACRON
STENACRON INTERPUNCTATUM,FALSE,STENACRON INTERPUNCTATUM,,STENACRON INTERPUNCTATUM,STENACRON,STENACRON INTERPUNCTATUM
STENELMIS,FALSE,STENELMIS,,STENELMIS,STENELMIS,STENELMIS
STENELMIS BEAMERI,FALSE,STENELMIS BEAMERI,,STENELMIS BEAMERI,STENELMIS,STENELMIS BEAMERI
STENELMIS BICARINATA,FALSE,STENELMIS BICARINATA,,STENELMIS BICARINATA,STENELMIS,STENELMIS BICARINATA
STENELMIS CRENATA,FALSE,STENELMIS CRENATA,,STENELMIS CRENATA,STENELMIS,STENELMIS CRENATA
STENELMIS DECORATA,FALSE,STENELMIS DECORATA,,STENELMIS DECORATA,STENELMIS,STENELMIS DECORATA
STENELMIS EXIGUA,FALSE,STENELMIS EXIGUA,,STENELMIS EXIGUA,STENELMIS,STENELMIS EXIGUA
STENELMIS LATERALIS,FALSE,STENELMIS LATERALIS,,STENELMIS LATERALIS,STENELMIS,STENELMIS LATERALIS
STENELMIS SANDERSONI,FALSE,STENELMIS SANDERSONI,,STENELMIS SANDERSONI,STENELMIS,STENELMIS SANDERSONI
STENELMIS SEXLINEATA,FALSE,STENELMIS SEXLINEATA,,STENELMIS SEXLINEATA,STENELMIS,STENELMIS SEXLINEATA
STENELMIS VITTIPENNIS,FALSE,STENELMIS VITTIPENNIS,,STENELMIS VITTIPENNIS,STENELMIS,STENELMIS VITTIPENNIS
STENOCHIRONOMUS,FALSE,STENOCHIRONOMUS,,STENOCHIRONOMUS,STENOCHIRONOMUS,STENOCHIRONOMUS
STENONEMA,FALSE,STENONEMA,,STENONEMA,STENONEMA,MACCAFFERTIUM
STENONEMA FEMORATUM,FALSE,STENONEMA FEMORATUM,,STENONEMA FEMORATUM,STENONEMA,STENONEMA FEMORATUM
STENONEMA/MACCAFFERTIUM,FALSE,STENONEMA/MACCAFFERTIUM,,STENONEMA/MACCAFFERTIUM,STENONEMA/MACCAFFERTIUM,
STICTOCHIRONOMUS,FALSE,STICTOCHIRONOMUS,,STICTOCHIRONOMUS,STICTOCHIRONOMUS,STICTOCHIRONOMUS
STILOBEZZIA,FALSE,STILOBEZZIA,,STILOBEZZIA,STILOBEZZIA,STILOBEZZIA
STRATIOMYIDAE,FALSE,STRATIOMYIDAE,,STRATIOMYIDAE,STRATIOMYIDAE,STRATIOMYIDAE
STRATIOMYS,FALSE,STRATIOMYS,,STRATIOMYS,STRATIOMYS,STRATIOMYS
STYLARIA LACUSTRIS,FALSE,STYLARIA LACUSTRIS,,STYLARIA LACUSTRIS,OLIGOCHAETA,STYLARIA LACUSTRIS
STYLURUS,FALSE,STYLURUS,,STYLURUS,STYLURUS,STYLURUS
STYLURUS AMNICOLA,FALSE,STYLURUS AMNICOLA,,STYLURUS AMNICOLA,STYLURUS,STYLURUS AMNICOLA
STYLURUS INTRICATUS,FALSE,STYLURUS INTRICATUS,,STYLURUS INTRICATUS,STYLURUS,STYLURUS INTRICATUS
STYLURUS PLAGIATUS,FALSE,STYLURUS PLAGIATUS,,STYLURUS PLAGIATUS,STYLURUS,STYLURUS PLAGIATUS
SUPHISELLUS,FALSE,SUPHISELLUS,,SUPHISELLUS,SUPHISELLUS,SUPHISELLUS
SYMPETRUM,FALSE,SYMPETRUM,,SYMPETRUM,SYMPETRUM,SYMPETRUM
SYMPETRUM CORRUPTUM,FALSE,SYMPETRUM CORRUPTUM,,SYMPETRUM CORRUPTUM,SYMPETRUM,SYMPETRUM CORRUPTUM
SYRPHIDAE,FALSE,SYRPHIDAE,,SYRPHIDAE,SYRPHIDAE,SYRPHIDAE
TABANIDAE,FALSE,TABANIDAE,,TABANIDAE,TABANIDAE,TABANIDAE
TABANUS,FALSE,TABANUS,,TABANUS,TABANUS,TABANUS
TAENIOPTERYGIDAE,FALSE,TAENIOPTERYGIDAE,,TAENIOPTERYGIDAE,TAENIOPTERYGIDAE,TAENIOPTERYGIDAE
TAENIOPTERYX,FALSE,TAENIOPTERYX,,TAENIOPTERYX,TAENIOPTERYX,TAENIOPTERYX
TAENIOPTERYX BURKSI,FALSE,TAENIOPTERYX BURKSI,,TAENIOPTERYX BURKSI,TAENIOPTERYX,TAENIOPTERYX BURKSI
TANYPUS,FALSE,TANYPUS,,TANYPUS,TANYPUS,TANYPUS
TANYTARSUS,FALSE,TANYTARSUS,,TANYTARSUS,TANYTARSUS,TANYTARSUS
TELOPELOPIA OKOBOJI,FALSE,TELOPELOPIA OKOBOJI,,TELOPELOPIA OKOBOJI,LARSIA/TELOPELOPIA,TELOPELOPIA OKOBOJI
THERMONECTUS,FALSE,THERMONECTUS,,THERMONECTUS,THERMONECTUS,THERMONECTUS
THERMONECTUS NIGROFASCIATUS,FALSE,THERMONECTUS NIGROFASCIATUS,,THERMONECTUS NIGROFASCIATUS,THERMONECTUS,THERMONECTUS NIGROFASCIATUS
THERMONECTUS NIGROFASCIATUS ORNATICOLLIS,TRUE,THERMONECTUS NIGROFASCIATUS,removed subspecies,THERMONECTUS NIGROFASCIATUS,THERMONECTUS,THERMONECTUS NIGROFASCIATUS ORNATICOLLIS
THIENEMANNIELLA,FALSE,THIENEMANNIELLA,,THIENEMANNIELLA,THIENEMANNIELLA,THIENEMANNIELLA
THIENEMANNIMYIA GR.,TRUE,THIENEMANNIMYIA GROUP,syntax (group),THIENEMANNIMYIA GROUP,THIENEMANNIMYIA GROUP,THIENEMANNIMYIA GROUP
THIENEMANNIMYIA GROUP,FALSE,THIENEMANNIMYIA GROUP,,THIENEMANNIMYIA GROUP,THIENEMANNIMYIA GROUP,THIENEMANNIMYIA GROUP
TIPULA,FALSE,TIPULA,,TIPULA,TIPULA,TIPULA
TIPULIDAE,FALSE,TIPULIDAE,,TIPULIDAE,TIPULIDAE,TIPULIDAE
TORTOPUS,FALSE,TORTOPUS,,TORTOPUS,TORTOPUS,TORTOPUS
TORTOPUS PRIMUS,FALSE,TORTOPUS PRIMUS,,TORTOPUS PRIMUS,TORTOPUS,TORTOPUS PRIMUS
TRAMEA,FALSE,TRAMEA,,TRAMEA,TRAMEA,TRAMEA
TREPOBATES,FALSE,TREPOBATES,,TREPOBATES,TREPOBATES,TREPOBATES
TRIAENODES,FALSE,TRIAENODES,,TRIAENODES,TRIAENODES,TRIAENODES
TRIBELOS,FALSE,TRIBELOS,,TRIBELOS,TRIBELOS,TRIBELOS
TRIBELOS FUSCICORNE,FALSE,TRIBELOS FUSCICORNE,,TRIBELOS FUSCICORNE,TRIBELOS,TRIBELOS FUSCICORNE
TRIBELOS JUCUNDUM,FALSE,TRIBELOS JUCUNDUM,,TRIBELOS JUCUNDUM,TRIBELOS,TRIBELOS JUCUNDUM
TRICHOCORIXA,FALSE,TRICHOCORIXA,,TRICHOCORIXA,TRICHOCORIXA,TRICHOCORIXA
TRICHOPTERA,FALSE,TRICHOPTERA,,TRICHOPTERA,TRICHOPTERA,TRICHOPTERA
TRICORYTHODES,FALSE,TRICORYTHODES,,TRICORYTHODES,TRICORYTHODES,TRICORYTHODES
TROPISTERNUS,FALSE,TROPISTERNUS,,TROPISTERNUS,TROPISTERNUS,TROPISTERNUS
TROPISTERNUS COLLARIS,FALSE,TROPISTERNUS COLLARIS,,TROPISTERNUS COLLARIS,TROPISTERNUS,TROPISTERNUS COLLARIS
TROPISTERNUS LATERALIS,FALSE,TROPISTERNUS LATERALIS,,TROPISTERNUS LATERALIS,TROPISTERNUS,TROPISTERNUS LATERALIS
TROPISTERNUS LATERALIS NIMBATUS,TRUE,TROPISTERNUS LATERALIS,removed subspecies,TROPISTERNUS LATERALIS,TROPISTERNUS,TROPISTERNUS LATERALIS NIMBATUS
TUBIFICIDA,FALSE,TUBIFICIDA,,TUBIFICIDA,OLIGOCHAETA,TUBIFICIDA
UVARUS,FALSE,UVARUS,,UVARUS,UVARUS,UVARUS
UVARUS LACUSTRIS,FALSE,UVARUS LACUSTRIS,,UVARUS LACUSTRIS,UVARUS,UVARUS LACUSTRIS
VELIIDAE,FALSE,VELIIDAE,,VELIIDAE,VELIIDAE,VELIIDAE
XENOCHIRONOMUS,FALSE,XENOCHIRONOMUS,,XENOCHIRONOMUS,XENOCHIRONOMUS,XENOCHIRONOMUS
ZAVRELIMYIA,FALSE,ZAVRELIMYIA,,ZAVRELIMYIA,ZAVRELIMYIA,ZAVRELIMYIA
ZEALEUCTRA,FALSE,ZEALEUCTRA,,ZEALEUCTRA,ZEALEUCTRA,ZEALEUCTRA
ZEALEUCTRA CLAASSENI,FALSE,ZEALEUCTRA CLAASSENI,,ZEALEUCTRA CLAASSENI,ZEALEUCTRA,ZEALEUCTRA CLAASSENI
