orig_FinalID_NE,OTU_BCG_NE,modified_BCG,Notes,OTU_bcgTaxaTolAnal
Ablabesmyia,Ablabesmyia,FALSE,,ABLABESMYIA
Acari,Acari,FALSE,,ACARI
Acarina,Acarina,FALSE,,ACARI
Acentrella,Acentrella,FALSE,,ACENTRELLA
Acentrella insignificans,Acentrella insignificans,FALSE,,ACENTRELLA INSIGNIFICANS
Acentrella parvula,Acentrella parvula,FALSE,,ACENTRELLA PARVULA
Acerpenna,Acerpenna,FALSE,,ACERPENNA
Acilius,Acilius,FALSE,,ACILIUS
Acricotopus,Acricotopus,FALSE,,ACRICOTOPUS
Acroneuria,Acroneuria,FALSE,,ACRONEURIA
Acroneuria abnormis,Acroneuria abnormis,FALSE,,ACRONEURIA ABNORMIS
Actinobdella,Actinobdella,FALSE,,ACTINOBDELLA
Actinobdella inequiannulata,Actinobdella inequiannulata,FALSE,,ACTINOBDELLA INEQUIANNULATA
Actinonaias ligamentina,Actinonaias ligamentina,FALSE,,ACTINONAIAS LIGAMENTINA
Aedes,Aedes,FALSE,,AEDES
Aedes vexans,Aedes vexans,FALSE,,
Aeshna,Aeshna,FALSE,,AESHNA
Aeshnidae,Aeshnidae,FALSE,,AESHNIDAE
Agabinae,Agabinae,FALSE,,AGABINAE
Agabus,Agabus,FALSE,,AGABUS
Agnetina,Agnetina,FALSE,,AGNETINA
Agraylea,Agraylea,FALSE,,AGRAYLEA
Albia,Albia,FALSE,,ALBIA
Alisotrichia,Alisotrichia,FALSE,,ALISOTRICHIA
Allocladius,Allocladius,FALSE,,ALLOCLADIUS
Allognosta,Allognosta,FALSE,,ALLOGNOSTA
Alotanypus,Alotanypus,FALSE,,ALOTANYPUS
Amblema plicata,Amblema plicata,FALSE,,AMBLEMA PLICATA
Ambrysus,Ambrysus,FALSE,,AMBRYSUS
Amercaenis,Amercaenis,FALSE,,AMERCAENIS
Amercaenis ridens,Amercaenis ridens,FALSE,,AMERCAENIS RIDENS
Amiocentrus,Amiocentrus,FALSE,,
Amnicola,Amnicola,FALSE,,AMNICOLA
Amphiagrion,Amphiagrion,FALSE,,AMPHIAGRION
Amphichaeta,Amphichaeta,FALSE,,AMPHICHAETA
Amphichaeta leydigi,Amphichaeta leydigi,FALSE,,
Amphinemura,Amphinemura,FALSE,,AMPHINEMURA
Amphipoda,Amphipoda,FALSE,,AMPHIPODA
Anacaena,Anacaena,FALSE,,ANACAENA
Anafroptilum,Anafroptilum,FALSE,,ANAFROPTILUM
Anax,Anax,FALSE,,ANAX
Anax junius,Anax junius,FALSE,,ANAX JUNIUS
Ancyronyx,Ancyronyx,FALSE,,ANCYRONYX
Anisoptera,Anisoptera,FALSE,,ANISOPTERA
Annelida,Annelida,FALSE,,ANNELIDA
Anodonta grandis,Anodonta grandis,FALSE,,ANODONTA GRANDIS
Anopheles,Anopheles,FALSE,,ANOPHELES
Anopheles pseudopunctipennis,Anopheles pseudopunctipennis,FALSE,,
Anopheles walkeri,Anopheles walkeri,FALSE,,
Anthomyiidae,Anthomyiidae,FALSE,,ANTHOMYIIDAE
Antocha,Antocha,FALSE,,ANTOCHA
Antocha obtusa,Antocha obtusa,FALSE,,
Apedilum,Apedilum,FALSE,,APEDILUM
Apobaetis,Apobaetis,FALSE,,APOBAETIS
Apobaetis lakota,Apobaetis lakota,FALSE,,APOBAETIS LAKOTA
Apsectrotanypus,Apsectrotanypus,FALSE,,APSECTROTANYPUS
Arachnida,Arachnida,FALSE,,ARACHNIDA
Archilestes,Archilestes,FALSE,,ARCHILESTES
Archilestes grandis,Archilestes grandis,FALSE,,ARCHILESTES GRANDIS
Argia,Argia,FALSE,,ARGIA
Arigomphus,Arigomphus,FALSE,,ARIGOMPHUS
Arrenurus,Arrenurus,FALSE,,ARRENURUS
Asellidae,Asellidae,FALSE,,ASELLIDAE
Asellus,Asellus,FALSE,,ASELLUS
Asellus intermedius,Asellus intermedius,FALSE,,
Astacidae,Astacidae,FALSE,,ASTACIDAE
Asynarchus,Asynarchus,FALSE,,ASYNARCHUS
Athericidae,Athericidae,FALSE,,
Atherix,Atherix,FALSE,,ATHERIX
Atherix lantha,Atherix lantha,FALSE,,ATHERIX LANTHA
Atractides,Atractides,FALSE,,ATRACTIDES
Atrichopogon,Atrichopogon,FALSE,,ATRICHOPOGON
Aulodrilus,Aulodrilus,FALSE,,AULODRILUS
Aulodrilus pigueti,Aulodrilus pigueti,FALSE,,AULODRILUS PIGUETI
Axarus,Axarus,FALSE,,AXARUS
Axarus scopula,Axarus scopula,FALSE,,
Baetidae,Baetidae,FALSE,,BAETIDAE
Baetis,Baetis,FALSE,,BAETIS
Baetis brunneicolor,Baetis brunneicolor,FALSE,,BAETIS BRUNNEICOLOR
Baetis flavistriga complex,Baetis flavistriga complex,FALSE,,
Baetis Fuscatus Group,Baetis Fuscatus Group,FALSE,,BAETIS FUSCATUS GROUP
Baetis fuscatus,Baetis Fuscatus Group,TRUE,formatting (CAPS). PacNW - Baetis flavistriga complex,BAETIS FUSCATUS GROUP
Baetis Fuscatus Gr.,Baetis Fuscatus Group,TRUE,formatting (CAPS). PacNW - Baetis flavistriga complex,BAETIS FUSCATUS GROUP
Baetis intercalaris,Baetis intercalaris complex,TRUE,complex,BAETIS INTERCALARIS
Baetis intercalaris complex,Baetis intercalaris complex,FALSE,,BAETIS INTERCALARIS
Baetis magnus,Baetis magnus,FALSE,,BAETIS MAGNUS
Baetis Rhodani Group,Baetis Rhodani Group,FALSE,,BAETIS RHODANI GROUP
Baetis Rhodani Gr.,Baetis Rhodani Group,TRUE,CAPS and group,BAETIS RHODANI GROUP
Baetis tricaudatus,Baetis tricaudatus complex,TRUE,complex,BAETIS TRICAUDATUS COMPLEX
Baetis tricaudatus complex,Baetis tricaudatus complex,FALSE,,BAETIS TRICAUDATUS COMPLEX
Baetisca,Baetisca,FALSE,,BAETISCA
Beckidia tethys,Beckidia tethys,FALSE,,
Belostoma,Belostoma,FALSE,,BELOSTOMA
Belostomatidae,Belostomatidae,FALSE,,BELOSTOMATIDAE
Berosus,Berosus,FALSE,,BEROSUS
Berosus styliferus,Berosus styliferus,FALSE,,
Bezzia,Bezzia,FALSE,,BEZZIA
Bezzia / Palpomyia,Bezzia/Palpomyia,TRUE,formatting (spaces),BEZZIA/PALPOMYIA
Bidessus,Bidessus,FALSE,,
Bittacomorpha,Bittacomorpha,FALSE,,BITTACOMORPHA
Boreonectes,Boreonectes,FALSE,,BOREONECTES
Boyeria,Boyeria,FALSE,,BOYERIA
Brachycentridae,Brachycentridae,FALSE,,BRACHYCENTRIDAE
Brachycentridae occidentalis,Brachycentridae occidentalis,FALSE,,BRACHYCENTRIDAE OCCIDENTALIS
Brachycentrus,Brachycentrus,FALSE,,BRACHYCENTRUS
Brachycentrus numerosus,Brachycentrus numerosus,FALSE,,BRACHYCENTRUS NUMEROSUS
Brachycentrus occidentalis,Brachycentrus occidentalis,FALSE,,BRACHYCENTRUS OCCIDENTALIS
Brachycercinae,Brachycercinae,FALSE,,BRACHYCERCINAE
Brachycercus,Brachycercus,FALSE,,BRACHYCERCUS
Branchiobdellida,Branchiobdellida,FALSE,,BRANCHIOBDELLIDA
Branchiobdellidae,Branchiobdellidae,FALSE,,BRANCHIOBDELLIDA
Branchiura sowerbyi,Branchiura sowerbyi,FALSE,,BRANCHIURA SOWERBYI
Bratislavia,Bratislavia,FALSE,,BRATISLAVIA
Brillia,Brillia,FALSE,,BRILLIA
Brundiniella,Brundiniella,FALSE,,BRUNDINIELLA
Brychius,Brychius,FALSE,,BRYCHIUS
Caecidotea,Caecidotea,FALSE,,CAECIDOTEA
Caecidotea intermedia,Caecidotea intermedia,FALSE,,CAECIDOTEA INTERMEDIA
Caenidae,Caenidae,FALSE,,CAENIDAE
Caenis,Caenis,FALSE,,CAENIS
Callibaetis,Callibaetis,FALSE,,CALLIBAETIS
Callicorixa,Callicorixa,FALSE,,CALLICORIXA
Caloparyphus,Caloparyphus,FALSE,,CALOPARYPHUS
Calopterygidae,Calopterygidae,FALSE,,CALOPTERYGIDAE
Calopteryx,Calopteryx,FALSE,,CALOPTERYX
Cambaridae,Cambaridae,FALSE,,CAMBARIDAE
Cambarincola,Cambarincola,FALSE,,CAMBARINCOLA
Cambarus,Cambarus,FALSE,,CAMBARUS
Camelobaetidius,Camelobaetidius,FALSE,,CAMELOBAETIDIUS
Campeloma,Campeloma,FALSE,,CAMPELOMA
Carabidae,Carabidae,FALSE,,CARABIDAE
Cardiocladius,Cardiocladius,FALSE,,CARDIOCLADIUS
Cardiocladius obscurus,Cardiocladius obscurus,FALSE,,
Celithemis,Celithemis,FALSE,,CELITHEMIS
Celithemis elisa,Celithemis elisa,FALSE,,
Centroptilum,Centroptilum,FALSE,,CENTROPTILUM
Ceraclea,Ceraclea,FALSE,,CERACLEA
Ceratopogon,Ceratopogon,FALSE,,CERATOPOGON
Ceratopogonidae,Ceratopogonidae,FALSE,,CERATOPOGONIDAE
Ceratopogoninae,Ceratopogoninae,FALSE,,CERATOPOGONINAE
Ceratopsyche,Ceratopsyche,FALSE,,CERATOPSYCHE
Ceratopsyche bronta,Ceratopsyche bronta,FALSE,,CERATOPSYCHE BRONTA
Ceratopsyche morosa,Ceratopsyche morosa,FALSE,,CERATOPSYCHE MOROSA
Ceratopsyche morosa bifida,Ceratopsyche morosa bifida,FALSE,,CERATOPSYCHE MOROSA BIFIDA
Ceratopsyche slossonae,Ceratopsyche slossonae,FALSE,,CERATOPSYCHE SLOSSONAE
Ceratopsyche sparna,Ceratopsyche sparna,FALSE,,CERATOPSYCHE SPARNA
Cercobrachys,Cercobrachys,FALSE,,CERCOBRACHYS
Cercyon,Cercyon,FALSE,,
Chaetarthria,Chaetarthria,FALSE,,CHAETARTHRIA
Chaetocladius,Chaetocladius,FALSE,,CHAETOCLADIUS
Chaetogaster,Chaetogaster,FALSE,,CHAETOGASTER
Chaetogaster diaphanus,Chaetogaster diaphanus,FALSE,,CHAETOGASTER DIAPHANUS
Chaetogaster diastrophus,Chaetogaster diastrophus,FALSE,,
Chaoborus,Chaoborus,FALSE,,CHAOBORUS
Chaoborus punctipennis,Chaoborus punctipennis,FALSE,,CHAOBORUS PUNCTIPENNIS
Chauliodes,Chauliodes,FALSE,,CHAULIODES
Chauliodes rastricornis,Chauliodes rastricornis,FALSE,,CHAULIODES RASTRICORNIS
Chelifera,Chelifera,FALSE,,CHELIFERA
Chernovskiia,Chernovskiia,FALSE,,CHERNOVSKIIA
Chernovskiia amphitrite,Chernovskiia amphitrite,FALSE,,
Chernovskiia orbicus,Chernovskiia orbicus,FALSE,,
Cheumatopsyche,Cheumatopsyche,FALSE,,CHEUMATOPSYCHE
Chimarra,Chimarra,FALSE,,CHIMARRA
Chioneinae,Chioneinae,FALSE,,
Chironomidae,Chironomidae,FALSE,,CHIRONOMIDAE
Chironomini,Chironomini,FALSE,,CHIRONOMINI
Chironomus,Chironomus,FALSE,,CHIRONOMUS
Chloroperlidae,Chloroperlidae,FALSE,,CHLOROPERLIDAE
Choroterpes,Choroterpes,FALSE,,CHOROTERPES
Chromagrion conditum,Chromagrion conditum,FALSE,,CHROMAGRION CONDITUM
Chrysomelidae,Chrysomelidae,FALSE,,CHRYSOMELIDAE
Chrysops,Chrysops,FALSE,,CHRYSOPS
Cladocera,Cladocera,FALSE,,CLADOCERA
Cladopelma,Cladopelma,FALSE,,CLADOPELMA
Cladotanytarsus,Cladotanytarsus,FALSE,,CLADOTANYTARSUS
Clathrosperchon,Clathrosperchon,FALSE,,CLATHROSPERCHON
Clinocera,Clinocera,FALSE,,CLINOCERA
Clinotanypus,Clinotanypus,FALSE,,CLINOTANYPUS
Cloeon,Cloeon,FALSE,,CLOEON
Coelotanypus,Coelotanypus,FALSE,,COELOTANYPUS
Coenagrion,Coenagrion,FALSE,,COENAGRION
Coenagrionidae,Coenagrionidae,FALSE,,COENAGRIONIDAE
Coleoptera,Coleoptera,FALSE,,COLEOPTERA
Collembola,Collembola,FALSE,,COLLEMBOLA
Colymbetes,Colymbetes,FALSE,,COLYMBETES
Conchapelopia,Conchapelopia,FALSE,,CONCHAPELOPIA
Constempellina,Constempellina,FALSE,,CONSTEMPELLINA
Copelatus,Copelatus,FALSE,,COPELATUS
Copepoda,Copepoda,FALSE,,COPEPODA
Coptotomus,Coptotomus,FALSE,,COPTOTOMUS
Corbicula fluminea,Corbicula fluminea,FALSE,,CORBICULA FLUMINEA
Cordulia,Cordulia,FALSE,,
Corduliidae,Corduliidae,FALSE,,CORDULIIDAE
Cordylophora lacustris,Cordylophora lacustris,FALSE,,CORDYLOPHORA LACUSTRIS
Corisella,Corisella,FALSE,,CORISELLA
Corixidae,Corixidae,FALSE,,CORIXIDAE
Corydalidae,Corydalidae,FALSE,,CORYDALIDAE
Corydalus,Corydalus,FALSE,,CORYDALUS
Corydalus cornutus,Corydalus cornutus,FALSE,,CORYDALUS CORNUTUS
Corynoneura,Corynoneura,FALSE,,CORYNONEURA
Crambidae,Crambidae,FALSE,,CRAMBIDAE
Crangonyx,Crangonyx,FALSE,,CRANGONYX
Crangonyx gracilis,Crangonyx gracilis,FALSE,,
Cricotopus,Cricotopus,FALSE,,CRICOTOPUS
Cricotopus (Cricotopus),Cricotopus (Cricotopus),FALSE,,CRICOTOPUS (CRICOTOPUS)
Cricotopus (Isocladius),Cricotopus (Isocladius),FALSE,,CRICOTOPUS (ISOCLADIUS)
Cricotopus / Orthocladius,Cricotopus/Orthocladius,TRUE,formatting (spaces),CRICOTOPUS/ORTHOCLADIUS
Cricotopus bicinctus,Cricotopus bicinctus,FALSE,,CRICOTOPUS BICINCTUS GROUP
Cricotopus cylindraceus,Cricotopus cylindraceus,FALSE,,
Cricotopus fuscus,Cricotopus fuscus,FALSE,,
Cricotopus intersectus,Cricotopus intersectus,FALSE,,
Cricotopus laricomalis,Cricotopus laricomalis,FALSE,,
Cricotopus sylvestris,Cricotopus Sylvestris Group,TRUE,CAPS and group,CRICOTOPUS SYLVESTRIS GROUP
Cricotopus Sylvestris Gr.,Cricotopus Sylvestris Group,TRUE,CAPS and group,
Cricotopus tibialis,Cricotopus tibialis,FALSE,,
Cricotopus tremulus,Cricotopus Tremulus Group,TRUE,CAPS and group,CRICOTOPUS TREMULUS GROUP
Cricotopus Tremulus Gr.,Cricotopus Tremulus Group,TRUE,CAPS and group,CRICOTOPUS TREMULUS GROUP
Cricotopus triannulatus,Cricotopus triannulatus,FALSE,,
Cricotopus tricinctus,Cricotopus tricinctus,FALSE,,
Cricotopus trifascia,Cricotopus trifascia,FALSE,,CRICOTOPUS TRIFASCIA GROUP
Cricotopus trifasciatus,Cricotopus trifasciatus,FALSE,,CRICOTOPUS TRIFASCIA GROUP
Cricotopus vierriensis,Cricotopus vierriensis,FALSE,,CRICOTOPUS VIERRIENSIS
Cryphocricos,Cryphocricos,FALSE,,
Cryptochironomus,Cryptochironomus,FALSE,,CRYPTOCHIRONOMUS
Cryptochironomus fulvus,Cryptochironomus fulvus,FALSE,,CRYPTOCHIRONOMUS FULVUS
Cryptotendipes,Cryptotendipes,FALSE,,CRYPTOTENDIPES
Culex,Culex,FALSE,,CULEX
Culex pipiens,Culex pipiens,FALSE,,
Culex quinquefasciatus,Culex quinquefasciatus,FALSE,,
Culex restuans,Culex restuans,FALSE,,
Culex salinarius,Culex salinarius,FALSE,,
Culex tarsalis,Culex tarsalis,FALSE,,
Culicidae,Culicidae,FALSE,,CULICIDAE
Culicoides,Culicoides,FALSE,,CULICOIDES
Culoptila,Culoptila,FALSE,,CULOPTILA
Cura foremanii,Cura foremanii,FALSE,,CURA FOREMANII
Curculionidae,Curculionidae,FALSE,,CURCULIONIDAE
Cybister,Cybister,FALSE,,CYBISTER
Cymbiodyta,Cymbiodyta,FALSE,,CYMBIODYTA
Cymbiodyta toddi,Cymbiodyta toddi,FALSE,,CYMBIODYTA TODDI
Cyphomella,Cyphomella,FALSE,,CYPHOMELLA
Cyphon,Cyphon,FALSE,,CYPHON
Cyrnellus,Cyrnellus,FALSE,,CYRNELLUS
Cyrnellus fraternus,Cyrnellus fraternus,FALSE,,CYRNELLUS FRATERNUS
Dactylobaetis,Dactylobaetis,FALSE,,DACTYLOBAETIS
Dannella,Dannella,FALSE,,DANNELLA
Dashyeleinae,Dasyheleinae,TRUE,misspelling,DASYHELEINAE
Dasyhelea,Dasyhelea,FALSE,,DASYHELEA
Dasyheleinae,Dasyheleinae,FALSE,,DASYHELEINAE
Decapoda,Decapoda,FALSE,,DECAPODA
Demicryptochironomus,Demicryptochironomus,FALSE,,DEMICRYPTOCHIRONOMUS
Dero,Dero,FALSE,,DERO
Dero digitata,Dero digitata,FALSE,,DERO DIGITATA
Dero dorsalis,Dero dorsalis,FALSE,,
Dero furcata,Dero furcata,FALSE,,DERO FURCATA
Dero lodeni,Dero lodeni,FALSE,,DERO LODENI
Dero nivea,Dero nivea,FALSE,,DERO NIVEA
Dero vaga,Dero vaga,FALSE,,DERO VAGA
Deronectes,Deronectes,FALSE,,DERONECTES
Desmopachria,Desmopachria,FALSE,,DESMOPACHRIA
Desserobdella picta,Desserobdella picta,FALSE,,DESSEROBDELLA PICTA
Diamesa,Diamesa,FALSE,,DIAMESA
Dibolocelus,Dibolocelus,FALSE,,
Dicranomyia,Dicranomyia,FALSE,tricky Tipulidae taxonomy. Left as is for now,DICRANOMYIA
Dicranota,Dicranota,FALSE,,DICRANOTA
Dicrotendipes,Dicrotendipes,FALSE,,DICROTENDIPES
Dicrotendipes neomodestus,Dicrotendipes neomodestus,FALSE,,DICROTENDIPES NEOMODESTUS
Dictya,Dictya,FALSE,,DICTYA
Didymops,Didymops,FALSE,,DIDYMOPS
Didymops transversa,Didymops transversa,FALSE,,DIDYMOPS TRANSVERSA
Dina,Dina,FALSE,,DINA
Dineutus,Dineutus,FALSE,,DINEUTUS
Diplectrona,Diplectrona,FALSE,,DIPLECTRONA
Diplocladius,Diplocladius,FALSE,,DIPLOCLADIUS
Diplocladius cultriger,Diplocladius cultriger,FALSE,,DIPLOCLADIUS CULTRIGER
Diptera,Diptera,FALSE,,DIPTERA
Disonycha,Disonycha,FALSE,terrestrial?,EXCLUDE
Dixa,Dixa,FALSE,,DIXA
Dixella,Dixella,FALSE,,DIXELLA
Dixidae,Dixidae,FALSE,,DIXIDAE
Dolichopodidae,Dolichopodidae,FALSE,,DOLICHOPODIDAE
Dromogomphus,Dromogomphus,FALSE,,DROMOGOMPHUS
Dryopidae,Dryopidae,FALSE,,DRYOPIDAE
Dubiraphia,Dubiraphia,FALSE,,DUBIRAPHIA
Dubiraphia vittata,Dubiraphia vittata,FALSE,,DUBIRAPHIA VITTATA
Dugesia,Dugesia,FALSE,,DUGESIA
Dugesia tigrina,Dugesia tigrina,FALSE,,DUGESIA TIGRINA
Dytiscidae,Dytiscidae,FALSE,,DYTISCIDAE
Dytiscus,Dytiscus,FALSE,,DYTISCUS
Eccoptura,Eccoptura,FALSE,,ECCOPTURA
Ecdyonurinae,Ecdyonurinae,FALSE,,
Einfeldia,Einfeldia,FALSE,,EINFELDIA
Elliptio dilatata,Elliptio dilatata,FALSE,,ELLIPTIO DILATATA
Elmidae,Elmidae,FALSE,,ELMIDAE
Elodes,Elodes,FALSE,,ELODES
Empididae,Empididae,FALSE,,EMPIDIDAE
Enallagma,Enallagma,FALSE,,ENALLAGMA
Enallagma praevarum,Enallagma praevarum,FALSE,,
Enchytraeidae,Enchytraeidae,FALSE,,ENCHYTRAEIDAE
Enchytraeus,Enchytraeus,FALSE,,ENCHYTRAEUS
Endochironomus,Endochironomus,FALSE,,ENDOCHIRONOMUS
Enochrus,Enochrus,FALSE,,ENOCHRUS
Epeorus,Epeorus,FALSE,,EPEORUS
Ephemera,Ephemera,FALSE,,EPHEMERA
Ephemerella,Ephemerella,FALSE,,EPHEMERELLA
Ephemerella excrucians,Ephemerella Excrucians Group,TRUE,CAPS and group,EPHEMERELLA EXCRUCIANS
Ephemerella Excrucians Gr.,Ephemerella Excrucians Group,TRUE,CAPS and group,
Ephemeroptera,Ephemeroptera,FALSE,,EPHEMEROPTERA
Ephoron,Ephoron,FALSE,,EPHORON
Ephoron album,Ephoron album,FALSE,,EPHORON ALBUM
Ephoron leukon,Ephoron leukon,FALSE,,EPHORON LEUKON
Ephydra,Ephydra,FALSE,,EPHYDRA
Ephydridae,Ephydridae,FALSE,,EPHYDRIDAE
Epitheca,Epitheca,FALSE,,EPITHECA
Epitheca princeps,Epitheca princeps,FALSE,,EPITHECA PRINCEPS
Epoicocladius,Epoicocladius,FALSE,,EPOICOCLADIUS
Erioptera,Erioptera,FALSE,,ERIOPTERA
Eristalis,Eristalis,FALSE,,ERISTALIS
Erpetogomphus,Erpetogomphus,FALSE,,ERPETOGOMPHUS
Erpobdella,Erpobdella,FALSE,,ERPOBDELLA
Erpobdella microstoma,Erpobdella microstoma,FALSE,,ERPOBDELLA MICROSTOMA
Erpobdella punctata,Erpobdella punctata,FALSE,,ERPOBDELLA PUNCTATA
Erpobdellidae,Erpobdellidae,FALSE,,ERPOBDELLIDAE
Erythemis,Erythemis,FALSE,,ERYTHEMIS
Eukiefferiella,Eukiefferiella,FALSE,,EUKIEFFERIELLA
Eukiefferiella claripennis,Eukiefferiella claripennis,FALSE,,
Euparyphus,Euparyphus,FALSE,,EUPARYPHUS
Fallceon,Fallceon,FALSE,,FALLCEON
Fallceon quilleri,Fallceon quilleri,FALSE,,FALLCEON QUILLERI
Faxonius,Faxonius,FALSE,,FAXONIUS
Ferrissia,Ferrissia,FALSE,,FERRISSIA
Ferrissia rivularis,Ferrissia rivularis,FALSE,,FERRISSIA RIVULARIS
Forcipomyia,Forcipomyia,FALSE,,FORCIPOMYIA
Forcipomyiinae,Forcipomyiinae,FALSE,,FORCIPOMYIINAE
Fossaria,Fossaria,FALSE,,FOSSARIA
Fossaria bulimoides,Fossaria bulimoides,FALSE,,FOSSARIA BULIMOIDES
Fossaria humilis,Fossaria humilis,FALSE,,
Fossaria obrussa,Fossaria obrussa,FALSE,,
Fredericella sultana,Fredericella sultana,FALSE,,
Fridericia,Fridericia,FALSE,,FRIDERICIA
Fusconaia flava,Fusconaia flava,FALSE,,FUSCONAIA FLAVA
Galba,Galba,FALSE,,GALBA
Galerucella,Galerucella,FALSE,,GALERUCELLA
Gammaridae,Gammaridae,FALSE,,GAMMARIDAE
Gammarus,Gammarus,FALSE,,GAMMARUS
Gammarus lacustris,Gammarus lacustris,FALSE,,GAMMARUS LACUSTRIS
Gastropoda,Gastropoda,FALSE,,GASTROPODA
Gelastocoridae,Gelastocoridae,FALSE,,GELASTOCORIDAE
Gerridae,Gerridae,FALSE,,GERRIDAE
Gerris,Gerris,FALSE,,GERRIS
Gillotia,Gillotia,FALSE,,GILLOTIA
Glossiphonia,Glossiphonia,FALSE,,GLOSSIPHONIA
Glossiphonia complanata,Glossiphonia complanata,FALSE,,GLOSSIPHONIA COMPLANATA
Glossiphonia elegans,Glossiphonia elegans,FALSE,,GLOSSIPHONIA ELEGANS
Glossiphoniidae,Glossiphoniidae,FALSE,,GLOSSIPHONIIDAE
Glossosoma,Glossosoma,FALSE,,GLOSSOSOMA
Glyptotendipes,Glyptotendipes,FALSE,,GLYPTOTENDIPES
Goeldichironomus,Goeldichironomus,FALSE,,GOELDICHIRONOMUS
Gomphidae,Gomphidae,FALSE,,GOMPHIDAE
Gomphurus,Gomphurus,FALSE,,
Gomphus,Gomphus,FALSE,,GOMPHUS
Gonomyia,Gonomyia,FALSE,,GONOMYIA
Gordiidae,Gordiidae,FALSE,,GORDIIDAE
Gordius,Gordius,FALSE,,GORDIUS
Graphoderus,Graphoderus,FALSE,,GRAPHODERUS
Gymnochthebius,Gymnochthebius,FALSE,,GYMNOCHTHEBIUS
Gyraulus,Gyraulus,FALSE,,GYRAULUS
Gyraulus parvus,Gyraulus parvus,FALSE,,GYRAULUS PARVUS
Gyrinidae,Gyrinidae,FALSE,,GYRINIDAE
Gyrinus,Gyrinus,FALSE,,GYRINUS
Haemonais waldvogeli,Haemonais waldvogeli,FALSE,,HAEMONAIS WALDVOGELI
Haemopis,Haemopis,FALSE,,HAEMOPIS
Haliplidae,Haliplidae,FALSE,,HALIPLIDAE
Haliplus,Haliplus,FALSE,,HALIPLUS
Halocladius,Halocladius,FALSE,,
Harnischia,Harnischia,FALSE,,HARNISCHIA
Heleniella,Heleniella,FALSE,,HELENIELLA
Helichus,Helichus,FALSE,,HELICHUS
Helicopsyche,Helicopsyche,FALSE,,HELICOPSYCHE
Helicopsyche borealis,Helicopsyche borealis,FALSE,,HELICOPSYCHE BOREALIS
Helisoma,Helisoma,FALSE,,HELISOMA
Helisoma anceps,Helisoma anceps,FALSE,,HELISOMA ANCEPS
Helisoma trivolvis,Helisoma trivolvis,FALSE,,HELISOMA TRIVOLVIS
Helius,Helius,FALSE,,HELIUS
Helobata,Helobata,FALSE,,HELOBATA
Helobdella,Helobdella,FALSE,,HELOBDELLA
Helobdella elongata,Helobdella elongata,FALSE,,HELOBDELLA ELONGATA
Helobdella fusca,Helobdella fusca,FALSE,,HELOBDELLA FUSCA
Helobdella papillata,Helobdella papillata,FALSE,,HELOBDELLA PAPILLATA
Helobdella stagnalis,Helobdella stagnalis,FALSE,,HELOBDELLA STAGNALIS
Helobdella triserialis,Helobdella triserialis,FALSE,,HELOBDELLA TRISERIALIS
Helochares,Helochares,FALSE,,HELOCHARES
Helophorus,Helophorus,FALSE,,HELOPHORUS
Hemerodromia,Hemerodromia,FALSE,,HEMERODROMIA
Hemiptera,Hemiptera,FALSE,,HEMIPTERA
Henlea,Henlea,FALSE,,HENLEA
Heptagenia,Heptagenia,FALSE,,HEPTAGENIA
Heptagenia diabasia,Heptagenia diabasia,FALSE,,HEPTAGENIA DIABASIA
Heptagenia flavescens,Heptagenia flavescens,FALSE,,HEPTAGENIA FLAVESCENS
Heptagenia marginalis,Heptagenia marginalis,FALSE,,HEPTAGENIA MARGINALIS
Heptageniidae,Heptageniidae,FALSE,,HEPTAGENIIDAE
Hesperocorixa,Hesperocorixa,FALSE,,HESPEROCORIXA
Hesperophylax,Hesperophylax,FALSE,,HESPEROPHYLAX
Hetaerina,Hetaerina,FALSE,,HETAERINA
Hetaerina americana,Hetaerina americana,FALSE,,HETAERINA AMERICANA
Heterelmis,Heterelmis,FALSE,,HETERELMIS
Heterocloeon,Heterocloeon,FALSE,,HETEROCLOEON
Heteroptera,Heteroptera,FALSE,,HETEROPTERA
Heterosternuta,Heterosternuta,FALSE,,HETEROSTERNUTA
Heterotrissocladius,Heterotrissocladius,FALSE,,HETEROTRISSOCLADIUS
Hexagenia,Hexagenia,FALSE,,HEXAGENIA
Hexagenia atrocaudata,Hexagenia atrocaudata,FALSE,,HEXAGENIA ATROCAUDATA
Hexagenia limbata,Hexagenia limbata,FALSE,,HEXAGENIA LIMBATA
Hexatoma,Hexatoma,FALSE,,HEXATOMA
Hirudinea,Hirudinea,FALSE,,HIRUDINEA
Hirudinidae,Hirudinidae,FALSE,,HIRUDINIDAE
Homoeoneuria,Homoeoneuria,FALSE,,HOMOEONEURIA
Homoeoneuria ammophila,Homoeoneuria ammophila,FALSE,,HOMOEONEURIA AMMOPHILA
Homophylax,Homophylax,FALSE,,HOMOPHYLAX
Hyalella,Hyalella,FALSE,,HYALELLA
Hyalella azteca,Hyalella azteca,FALSE,,HYALELLA AZTECA
Hydaticus,Hydaticus,FALSE,,HYDATICUS
Hydatophylax,Hydatophylax,FALSE,,HYDATOPHYLAX
Hydra,Hydra,FALSE,,HYDRA
Hydrachna,Hydrachna,FALSE,,HYDRACHNA
Hydraenidae,Hydraenidae,FALSE,,HYDRAENIDAE
Hydrellia,Hydrellia,FALSE,,HYDRELLIA
Hydrobaenus,Hydrobaenus,FALSE,,HYDROBAENUS
Hydrobiomorpha,Hydrobiomorpha,FALSE,,HYDROBIOMORPHA
Hydrobius,Hydrobius,FALSE,,HYDROBIUS
Hydrocanthus,Hydrocanthus,FALSE,,HYDROCANTHUS
Hydrochara,Hydrochara,FALSE,,HYDROCHARA
Hydrochus,Hydrochus,FALSE,,HYDROCHUS
Hydrodroma,Hydrodroma,FALSE,,HYDRODROMA
Hydrometra,Hydrometra,FALSE,,HYDROMETRA
Hydrometridae,Hydrometridae,FALSE,,
Hydrophilidae,Hydrophilidae,FALSE,,HYDROPHILIDAE
Hydrophilus,Hydrophilus,FALSE,,HYDROPHILUS
Hydroporinae,Hydroporinae,FALSE,,HYDROPORINAE
Hydroporus,Hydroporus,FALSE,,HYDROPORUS
Hydroporus undulatus,Hydroporus undulatus,FALSE,,HYDROPORUS UNDULATUS
Hydropsyche,Hydropsyche,FALSE,,HYDROPSYCHE
Hydropsyche arinale,Hydropsyche arinale,FALSE,,HYDROPSYCHE ARINALE
Hydropsyche betteni,Hydropsyche betteni,FALSE,,HYDROPSYCHE BETTENI
Hydropsyche bidens,Hydropsyche bidens,FALSE,,HYDROPSYCHE BIDENS
Hydropsyche bifida,Hydropsyche bifida,FALSE,,
Hydropsyche cuanis,Hydropsyche cuanis,FALSE,,HYDROPSYCHE CUANIS
Hydropsyche elissoma,Hydropsyche elissoma,FALSE,,
Hydropsyche frisoni,Hydropsyche frisoni,FALSE,,
Hydropsyche incommoda,Hydropsyche incommoda,FALSE,,HYDROPSYCHE INCOMMODA
Hydropsyche Morosa Gr.,Hydropsyche Morosa Gr.,FALSE,,HYDROPSYCHE MOROSA GROUP
Hydropsyche occidentalis,Hydropsyche occidentalis,FALSE,,HYDROPSYCHE OCCIDENTALIS
Hydropsyche orris,Hydropsyche orris,FALSE,,HYDROPSYCHE ORRIS
Hydropsyche scalaris,Hydropsyche scalaris,FALSE,,HYDROPSYCHE SCALARIS
Hydropsyche simulans,Hydropsyche simulans,FALSE,,HYDROPSYCHE SIMULANS
Hydropsyche venularis,Hydropsyche venularis,FALSE,,HYDROPSYCHE VENULARIS
Hydropsychidae,Hydropsychidae,FALSE,,HYDROPSYCHIDAE
Hydroptila,Hydroptila,FALSE,,HYDROPTILA
Hydroptilidae,Hydroptilidae,FALSE,,HYDROPTILIDAE
Hydrovatus,Hydrovatus,FALSE,,HYDROVATUS
Hydrozoa,Hydrozoa,FALSE,,HYDROZOA
Hydryphantidae,Hydryphantidae,FALSE,,HYDRYPHANTIDAE
Hygrobates,Hygrobates,FALSE,,HYGROBATES
Hygrotus,Hygrotus,FALSE,,HYGROTUS
Hylogomphus,Hylogomphus,FALSE,,
Ilybius,Ilybius,FALSE,,ILYBIUS
Ilyodrilus templetoni,Ilyodrilus templetoni,FALSE,,ILYODRILUS TEMPLETONI
Ironoquia,Ironoquia,FALSE,,IRONOQUIA
Ischnura,Ischnura,FALSE,,ISCHNURA
Isochaetides curvisetosus,Isochaetides curvisetosus,FALSE,,ISOCHAETIDES CURVISETOSUS
Isogenus,Isogenus,FALSE,,
Isonychia,Isonychia,FALSE,,ISONYCHIA
Isoperla,Isoperla,FALSE,,ISOPERLA
Isopoda,Isopoda,FALSE,,ISOPODA
Isotomidae,Isotomidae,FALSE,,ISOTOMIDAE
Isotomurus,Isotomurus,FALSE,,ISOTOMURUS
Isotomurus palustris,Isotomurus palustris,FALSE,,
Iswaeon,Iswaeon,FALSE,,ISWAEON
Ithytrichia,Ithytrichia,FALSE,,ITHYTRICHIA
Kloosia,Kloosia,FALSE,,KLOOSIA
Koenikea,Koenikea,FALSE,,KOENIKEA
Krendowskia,Krendowskia,FALSE,,KRENDOWSKIA
Labiobaetis,Labiobaetis,FALSE,,LABIOBAETIS
Labrundinia,Labrundinia,FALSE,,LABRUNDINIA
Laccobius,Laccobius,FALSE,,LACCOBIUS
Laccophilus,Laccophilus,FALSE,,LACCOPHILUS
Lachlania,Lachlania,FALSE,,LACHLANIA
Ladona,Ladona,FALSE,,LADONA
Lampsilis cardium,Lampsilis cardium,FALSE,,LAMPSILIS CARDIUM
Lampsilis radiata,Lampsilis radiata,FALSE,,LAMPSILIS RADIATA
Lampsilis siliquoidea,Lampsilis siliquoidea,FALSE,,LAMPSILIS SILIQUOIDEA
Lampsilis teres,Lampsilis teres,FALSE,,LAMPSILIS TERES
Larsia,Larsia,FALSE,,LARSIA
Lasmigona complanata,Lasmigona complanata,FALSE,,LASMIGONA COMPLANATA
Lauterborniella,Lauterborniella,FALSE,,LAUTERBORNIELLA
Lebertia,Lebertia,FALSE,,LEBERTIA
Lepidoptera,Lepidoptera,FALSE,,LEPIDOPTERA
Lepidostoma,Lepidostoma,FALSE,,LEPIDOSTOMA
Leptoceridae,Leptoceridae,FALSE,,LEPTOCERIDAE
Leptocerus,Leptocerus,FALSE,,LEPTOCERUS
Leptocerus americanus,Leptocerus americanus,FALSE,,LEPTOCERUS AMERICANUS
Leptodea fragilis,Leptodea fragilis,FALSE,,LEPTODEA FRAGILIS
Leptophlebia,Leptophlebia,FALSE,,LEPTOPHLEBIA
Leptophlebiidae,Leptophlebiidae,FALSE,,LEPTOPHLEBIIDAE
Lestes,Lestes,FALSE,,LESTES
Lestidae,Lestidae,FALSE,,LESTIDAE
Lethocerus,Lethocerus,FALSE,,LETHOCERUS
Leucorrhinia,Leucorrhinia,FALSE,,LEUCORRHINIA
Leucotrichia,Leucotrichia,FALSE,,LEUCOTRICHIA
Leucotrichia pictipes,Leucotrichia pictipes,FALSE,,LEUCOTRICHIA PICTIPES
Leucrocuta,Leucrocuta,FALSE,,LEUCROCUTA
Libellula,Libellula,FALSE,,LIBELLULA
Libellula luctuosa,Libellula luctuosa,FALSE,,LIBELLULA LUCTUOSA
Libellulidae,Libellulidae,FALSE,,LIBELLULIDAE
Ligumia,Ligumia,FALSE,,LIGUMIA
Ligumia recta,Ligumia recta,FALSE,,LIGUMIA RECTA
Limnephilidae,Limnephilidae,FALSE,,LIMNEPHILIDAE
Limnephilus,Limnephilus,FALSE,,LIMNEPHILUS
Limnesia,Limnesia,FALSE,,LIMNESIA
Limnodrilus,Limnodrilus,FALSE,,LIMNODRILUS
Limnodrilus cervix,Limnodrilus cervix,FALSE,,LIMNODRILUS CERVIX
Limnodrilus claparedianus,Limnodrilus claparedianus,FALSE,,LIMNODRILUS CLAPAREDIANUS
Limnodrilus hoffmeisteri,Limnodrilus hoffmeisteri,FALSE,,LIMNODRILUS HOFFMEISTERI
Limnodrilus profundicola,Limnodrilus profundicola,FALSE,,
Limnodrilus udekemianus,Limnodrilus udekemianus,FALSE,,LIMNODRILUS UDEKEMIANUS
Limnophila,Limnophila,FALSE,,LIMNOPHILA
Limnophora,Limnophora,FALSE,,LIMNOPHORA
Limnophyes,Limnophyes,FALSE,,LIMNOPHYES
Limnoporus,Limnoporus,FALSE,,LIMNOPORUS
Limonia,Limonia,FALSE,,LIMONIA
Limoniidae,Limoniidae,FALSE,tricky Tipulidae taxonomy. Left as is for now,
Liodessus,Liodessus,FALSE,,LIODESSUS
Liodessus affinis,Liodessus affinis,FALSE,,LIODESSUS AFFINIS
Lipogomphus,Lipogomphus,FALSE,,LIPOGOMPHUS
Lopescladius,Lopescladius,FALSE,,LOPESCLADIUS
Lumbricidae,Lumbricidae,FALSE,,LUMBRICIDAE
Lumbriculidae,Lumbriculidae,FALSE,,LUMBRICULIDAE
Lumbriculus,Lumbriculus,FALSE,,LUMBRICULUS
Lumbriculus variegatus,Lumbriculus variegatus,FALSE,,LUMBRICULUS VARIEGATUS
Lymnaea,Lymnaea,FALSE,,LYMNAEA
Lymnaea stagnalis,Lymnaea stagnalis,FALSE,,LYMNAEA STAGNALIS
Lymnaeidae,Lymnaeidae,FALSE,,LYMNAEIDAE
Lype,Lype,FALSE,,LYPE
Maccaffertium,Maccaffertium,FALSE,,MACCAFFERTIUM
Maccaffertium exiguum,Maccaffertium exiguum,FALSE,,MACCAFFERTIUM EXIGUUM
Maccaffertium mexicanum,Maccaffertium mexicanum,FALSE,,MACCAFFERTIUM MEXICANUM
Macrobdella,Macrobdella,FALSE,,MACROBDELLA
Macrobdella decora,Macrobdella decora,FALSE,,MACROBDELLA DECORA
Macrobdella ditetra,Macrobdella ditetra,FALSE,,
Macromia,Macromia,FALSE,,MACROMIA
Macronychus,Macronychus,FALSE,,MACRONYCHUS
Macronychus glabratus,Macronychus glabratus,FALSE,,MACRONYCHUS GLABRATUS
Macropelopia,Macropelopia,FALSE,,MACROPELOPIA
Macropelopiini,Macropelopiini,FALSE,,MACROPELOPIINI
Malenka,Malenka,FALSE,,
Mallochohelea,Mallochohelea,FALSE,,MALLOCHOHELEA
Mayatrichia,Mayatrichia,FALSE,,MAYATRICHIA
Megaloptera,Megaloptera,FALSE,,MEGALOPTERA
Mesenchytraeus,Mesenchytraeus,FALSE,,MESENCHYTRAEUS
Mesosmittia,Mesosmittia,FALSE,,MESOSMITTIA
Mesovelia,Mesovelia,FALSE,,MESOVELIA
Metrichia,Metrichia,FALSE,,METRICHIA
Metriocnemus,Metriocnemus,FALSE,,METRIOCNEMUS
Metrobates,Metrobates,FALSE,,METROBATES
Micracanthia,Micracanthia,FALSE,,MICRACANTHIA
Microchironomus,Microchironomus,FALSE,,MICROCHIRONOMUS
Microcylloepus,Microcylloepus,FALSE,,MICROCYLLOEPUS
Microcylloepus pusillus,Microcylloepus pusillus,FALSE,,MICROCYLLOEPUS PUSILLUS
Micropsectra,Micropsectra,FALSE,,MICROPSECTRA
Microtendipes,Microtendipes,FALSE,,MICROTENDIPES
Microvelia,Microvelia,FALSE,,MICROVELIA
Mideopsis,Mideopsis,FALSE,,MIDEOPSIS
Molanna,Molanna,FALSE,,MOLANNA
Molophilus,Molophilus,FALSE,,MOLOPHILUS
Mooreobdella,Mooreobdella,FALSE,,MOOREOBDELLA
Mooreobdella fervida,Mooreobdella fervida,FALSE,,MOOREOBDELLA FERVIDA
Mooreobdella microstoma,Mooreobdella microstoma,FALSE,,MOOREOBDELLA MICROSTOMA
Moselyana,Moselyana,FALSE,,
Muscidae,Muscidae,FALSE,,MUSCIDAE
Musculium,Musculium,FALSE,,MUSCULIUM
Musculium securis,Musculium securis,FALSE,,MUSCULIUM SECURIS
Musculium transversum,Musculium transversum,FALSE,,MUSCULIUM TRANSVERSUM
Myzobdella,Myzobdella,FALSE,,
Naididae,Naididae,FALSE,,NAIDIDAE
Naidinae,Naidinae,FALSE,,NAIDINAE
Nais,Nais,FALSE,,NAIS
Nais alpina,Nais alpina,FALSE,,NAIS ALPINA
Nais barbata,Nais barbata,FALSE,,
Nais behningi,Nais behningi,FALSE,,NAIS BEHNINGI
Nais bretscheri,Nais bretscheri,FALSE,,NAIS BRETSCHERI
Nais communis,Nais communis,FALSE,,NAIS COMMUNIS
Nais communis/variabilis complex,Nais communis/variabilis complex,FALSE,,NAIS COMMUNIS/VARIABILIS COMPLEX
Nais elinguis,Nais elinguis,FALSE,,NAIS ELINGUIS
Nais pardalis,Nais pardalis,FALSE,,NAIS PARDALIS
Nais pseudobtusa,Nais pseudobtusa,FALSE,,NAIS PSEUDOBTUSA
Nais simplex,Nais simplex,FALSE,,NAIS SIMPLEX
Nais variabilis,Nais variabilis,FALSE,,NAIS VARIABILIS
Nanocladius,Nanocladius,FALSE,,NANOCLADIUS
Nasiaeschna pentacantha,Nasiaeschna pentacantha,FALSE,,NASIAESCHNA PENTACANTHA
Natarsia,Natarsia,FALSE,,NATARSIA
Naucoridae,Naucoridae,FALSE,,NAUCORIDAE
Nebrioporus,Nebrioporus,FALSE,,NEBRIOPORUS
Nectopsyche,Nectopsyche,FALSE,,NECTOPSYCHE
Nectopsyche candida,Nectopsyche candida,FALSE,,NECTOPSYCHE CANDIDA
Nectopsyche diarina,Nectopsyche diarina,FALSE,,NECTOPSYCHE DIARINA
Nectopsyche pavida,Nectopsyche pavida,FALSE,,NECTOPSYCHE PAVIDA
Nehalennia,Nehalennia,FALSE,,NEHALENNIA
Nemata,Nemata,FALSE,,NEMATA
Nematoda,Nematoda,FALSE,,NEMATODA
Nematomorpha,Nematomorpha,FALSE,,NEMATOMORPHA
Nemotelus,Nemotelus,FALSE,,NEMOTELUS
Nemoura,Nemoura,FALSE,,NEMOURA
Nemouridae,Nemouridae,FALSE,,NEMOURIDAE
Neoacarus,Neoacarus,FALSE,,
Neochoroterpes,Neochoroterpes,FALSE,,NEOCHOROTERPES
Neoelmis,Neoelmis,FALSE,,NEOELMIS
Neogerris hesione,Neogerris hesione,FALSE,,NEOGERRIS HESIONE
Neoperla,Neoperla,FALSE,,NEOPERLA
Neoperla clymene,Neoperla clymene,FALSE,,NEOPERLA CLYMENE
Neophylax,Neophylax,FALSE,,NEOPHYLAX
Neoplasta,Neoplasta,FALSE,,NEOPLASTA
Neoplea,Neoplea,FALSE,,NEOPLEA
Neoplea striola,Neoplea striola,FALSE,,NEOPLEA STRIOLA
Neoporus,Neoporus,FALSE,,NEOPORUS
Neotrichia,Neotrichia,FALSE,,NEOTRICHIA
Nepa,Nepa,FALSE,,NEPA
Nepa apiculata,Nepa apiculata,FALSE,,NEPA APICULATA
Nepidae,Nepidae,FALSE,,NEPIDAE
Nepticulidae,Nepticulidae,FALSE,,NEPTICULIDAE
Neumania,Neumania,FALSE,,NEUMANIA
Neureclipsis,Neureclipsis,FALSE,,NEURECLIPSIS
Nigronia,Nigronia,FALSE,,NIGRONIA
Nilotanypus,Nilotanypus,FALSE,,NILOTANYPUS
Noctuidae,Noctuidae,FALSE,,NOCTUIDAE
Noteridae,Noteridae,FALSE,,
Notonecta,Notonecta,FALSE,,NOTONECTA
Notonectidae,Notonectidae,FALSE,,NOTONECTIDAE
Nyctiophylax,Nyctiophylax,FALSE,,NYCTIOPHYLAX
Ochrotrichia,Ochrotrichia,FALSE,,OCHROTRICHIA
Ochthebius,Ochthebius,FALSE,,OCHTHEBIUS
Odonata,Odonata,FALSE,,ODONATA
Odontoceridae,Odontoceridae,FALSE,,ODONTOCERIDAE
Odontomesa,Odontomesa,FALSE,,ODONTOMESA
Odontomyia,Odontomyia,FALSE,,ODONTOMYIA
Oecetis,Oecetis,FALSE,,OECETIS
Oecetis avara,Oecetis avara,FALSE,,OECETIS AVARA
Oecetis cinerascens,Oecetis cinerascens,FALSE,,OECETIS CINERASCENS
Oligochaeta,Oligochaeta,FALSE,,OLIGOCHAETA
Oligoneuriidae,Oligoneuriidae,FALSE,,OLIGONEURIIDAE
Ophidonais serpentina,Ophidonais serpentina,FALSE,,OPHIDONAIS SERPENTINA
Ophiogomphus,Ophiogomphus,FALSE,,OPHIOGOMPHUS
Optioservus,Optioservus,FALSE,,OPTIOSERVUS
Orconectes,Orconectes,FALSE,,ORCONECTES
Orconectes immunis,Orconectes immunis,FALSE,,ORCONECTES IMMUNIS
Orconectes virilis,Orconectes virilis,FALSE,,ORCONECTES VIRILIS
Oreodytes,Oreodytes,FALSE,,OREODYTES
Oribatida,Oribatida,FALSE,,ORIBATIDA
Ormosia,Ormosia,FALSE,,ORMOSIA
Ormosia arcuata,Ormosia arcuata,FALSE,,
Orthocladiinae,Orthocladiinae,FALSE,,ORTHOCLADIINAE
Orthocladius,Orthocladius,FALSE,,ORTHOCLADIUS
Orthocladius lignicola,Orthocladius lignicola,FALSE,,
Orthocladius mallochi,Orthocladius mallochi,FALSE,,
Orthocladius obumbratus,Orthocladius obumbratus,FALSE,,ORTHOCLADIUS OBUMBRATUS
Orthocladius wiensi,Orthocladius wiensi,FALSE,,
Orthopodomyia,Orthopodomyia,FALSE,,
Orthotrichia,Orthotrichia,FALSE,,ORTHOTRICHIA
Orthotrichia cristata,Orthotrichia cristata,FALSE,,
Ostracoda,Ostracoda,FALSE,,OSTRACODA
Oulimnius,Oulimnius,FALSE,,OULIMNIUS
Oxycera,Oxycera,FALSE,,OXYCERA
Oxyethira,Oxyethira,FALSE,,OXYETHIRA
Pagastia,Pagastia,FALSE,,PAGASTIA
Palaemon,Palaemon,FALSE,,PALAEMON
Palingeniidae,Palingeniidae,FALSE,,PALINGENIIDAE
Palmacorixa,Palmacorixa,FALSE,,PALMACORIXA
Palpomyia,Palpomyia,FALSE,,PALPOMYIA
Pantala,Pantala,FALSE,,PANTALA
Parachaetocladius,Parachaetocladius,FALSE,,PARACHAETOCLADIUS
Parachironomus,Parachironomus,FALSE,,PARACHIRONOMUS
Parachironomus abortivus,Parachironomus abortivus,FALSE,,
Parachironomus directus,Parachironomus directus,FALSE,,PARACHIRONOMUS DIRECTUS
Paracladius,Paracladius,FALSE,,PARACLADIUS
Paracladopelma,Paracladopelma,FALSE,,PARACLADOPELMA
Paracloeodes,Paracloeodes,FALSE,,PARACLOEODES
Paracloeodes minutus,Paracloeodes minutus,FALSE,,PARACLOEODES MINUTUS
Paracymus,Paracymus,FALSE,,PARACYMUS
Paragnetina,Paragnetina,FALSE,,PARAGNETINA
Paragordius,Paragordius,FALSE,,PARAGORDIUS
Parakiefferiella,Parakiefferiella,FALSE,,PARAKIEFFERIELLA
Paralauterborniella,Paralauterborniella,FALSE,,PARALAUTERBORNIELLA
Paralauterborniella nigrohalterale,Paralauterborniella nigrohalterale,FALSE,,PARALAUTERBORNIELLA NIGROHALTERALE
Paralauterborniella nigrohalteralis,Paralauterborniella nigrohalterale,TRUE,spelling,PARALAUTERBORNIELLA NIGROHALTERALE
Paraleptophlebia,Paraleptophlebia,FALSE,,PARALEPTOPHLEBIA
Paralimnophyes,Paralimnophyes,FALSE,,
Paramerina,Paramerina,FALSE,,PARAMERINA
Parametriocnemus,Parametriocnemus,FALSE,,PARAMETRIOCNEMUS
Paranais,Paranais,FALSE,,PARANAIS
Paranais frici,Paranais frici,FALSE,,
Paraphaenocladius,Paraphaenocladius,FALSE,,PARAPHAENOCLADIUS
Paraplea,Paraplea,FALSE,,PARAPLEA
Paratanytarsus,Paratanytarsus,FALSE,,PARATANYTARSUS
Paratendipes,Paratendipes,FALSE,,PARATENDIPES
Pedicia,Pedicia,FALSE,,PEDICIA
Pelecypoda,Pelecypoda,FALSE,,PELECYPODA
Pelocoris,Pelocoris,FALSE,,PELOCORIS
Pelocoris femoratus,Pelocoris femoratus,FALSE,,PELOCORIS FEMORATUS
Peloscolex multisetosus,Peloscolex multisetosus,FALSE,,
Peloscolex superiorensis,Peloscolex superiorensis,FALSE,,
Peltodytes,Peltodytes,FALSE,,PELTODYTES
Peltoperla,Peltoperla,FALSE,,PELTOPERLA
Pentagenia,Pentagenia,FALSE,,PENTAGENIA
Pentaneura,Pentaneura,FALSE,,PENTANEURA
Pericoma,Pericoma,FALSE,,PERICOMA
Perithemis,Perithemis,FALSE,,PERITHEMIS
Perithemis tenera,Perithemis tenera,FALSE,,PERITHEMIS TENERA
Perlesta,Perlesta,FALSE,,PERLESTA
Perlesta placida,Perlesta placida,FALSE,,
Perlidae,Perlidae,FALSE,,PERLIDAE
Perlodidae,Perlodidae,FALSE,,PERLODIDAE
Petrophila,Petrophila,FALSE,,PETROPHILA
Phaenopsectra,Phaenopsectra,FALSE,,PHAENOPSECTRA
Phoridae,Phoridae,FALSE,,PHORIDAE
Phryganea,Phryganea,FALSE,,PHRYGANEA
Phryganeidae,Phryganeidae,FALSE,,PHRYGANEIDAE
Physa,Physa,FALSE,,PHYSA
Physella,Physella,FALSE,,PHYSELLA
Physidae,Physidae,FALSE,,PHYSIDAE
Pilaria,Pilaria,FALSE,,PILARIA
Piona,Piona,FALSE,,PIONA
Pisidiidae,Pisidiidae,FALSE,,PISIDIIDAE
Pisidium,Pisidium,FALSE,,PISIDIUM
Pisidium adamsi,Pisidium adamsi,FALSE,,
Pisidium casertanum,Pisidium casertanum,FALSE,,PISIDIUM CASERTANUM
Pisidium compressum,Pisidium compressum,FALSE,,PISIDIUM COMPRESSUM
Placobdella,Placobdella,FALSE,,PLACOBDELLA
Placobdella montifera,Placobdella montifera,FALSE,,PLACOBDELLA MONTIFERA
Placobdella multilineata,Placobdella multilineata,FALSE,,PLACOBDELLA MULTILINEATA
Placobdella ornata,Placobdella ornata,FALSE,,PLACOBDELLA ORNATA
Placobdella papillifera,Placobdella papillifera,FALSE,,PLACOBDELLA PAPILLIFERA
Placobdella parasitica,Placobdella parasitica,FALSE,,PLACOBDELLA PARASITICA
Planariidae,Planariidae,FALSE,,PLANARIIDAE
Planorbella,Planorbella,FALSE,,PLANORBELLA
Planorbidae,Planorbidae,FALSE,,PLANORBIDAE
Platambus,Platambus,FALSE,,PLATAMBUS
Plathemis,Plathemis,FALSE,,PLATHEMIS
Platycentropus,Platycentropus,FALSE,,PLATYCENTROPUS
Plauditus,Plauditus,FALSE,,PLAUDITUS
Plecoptera,Plecoptera,FALSE,,PLECOPTERA
Pleidae,Pleidae,FALSE,,PLEIDAE
Plumatella,Plumatella,FALSE,,
Podura,Podura,FALSE,,PODURA
Polycentropodidae,Polycentropodidae,FALSE,,POLYCENTROPODIDAE
Polycentropus,Polycentropus,FALSE,,POLYCENTROPUS
Polypedilum,Polypedilum,FALSE,,POLYPEDILUM
Polypedilum aviceps,Polypedilum aviceps,FALSE,,POLYPEDILUM AVICEPS
Polypedilum bergi,Polypedilum bergi,FALSE,,POLYPEDILUM BERGI
Polypedilum convictum,Polypedilum convictum,FALSE,,POLYPEDILUM CONVICTUM GROUP
Polypedilum fallax,Polypedilum Fallax Group,TRUE,CAPS and group,POLYPEDILUM FALLAX GROUP
Polypedilum Fallax Gr.,Polypedilum Fallax Group,TRUE,CAPS and group,POLYPEDILUM FALLAX GROUP
Polypedilum flavum,Polypedilum flavum,FALSE,,POLYPEDILUM FLAVUM
Polypedilum halterale,Polypedilum Halterale Group,TRUE,CAPS and group,POLYPEDILUM HALTERALE GROUP
Polypedilum Halterale Gr.,Polypedilum Halterale Group,TRUE,CAPS and group,POLYPEDILUM HALTERALE GROUP
Polypedilum illinoense,Polypedilum Illinoense Group,TRUE,CAPS and group,POLYPEDILUM ILLINOENSE GROUP
Polypedilum Illinoense Gr.,Polypedilum Illinoense Group,TRUE,CAPS and group,POLYPEDILUM ILLINOENSE GROUP
Polypedilum laetum,Polypedilum laetum,FALSE,,POLYPEDILUM LAETUM
Polypedilum scalaenum,Polypedilum Scalaenum Group,TRUE,CAPS and group,POLYPEDILUM SCALAENUM GROUP
Polypedilum Scalaenum Gr.,Polypedilum Scalaenum Group,TRUE,CAPS and group,POLYPEDILUM SCALAENUM GROUP
Polypedilum simulans,Polypedilum simulans,FALSE,,POLYPEDILUM SIMULANS
Polypedilum trigonum,Polypedilum trigonum,FALSE,,POLYPEDILUM TRIGONUM
Polypedilum trigonus,Polypedilum trigonus,FALSE,check spelling,POLYPEDILUM TRIGONUS
Polypedilum tritum,Polypedilum tritum,FALSE,,POLYPEDILUM TRITUM
Potamanthus,Potamanthus,FALSE,,
Potamilus alatus,Potamilus alatus,FALSE,,POTAMILUS ALATUS
Potamilus purpuratus,Potamilus purpuratus,FALSE,,
Potamothrix bavaricus,Potamothrix bavaricus,FALSE,,
Potamyia,Potamyia,FALSE,,POTAMYIA
Potamyia flava,Potamyia flava,FALSE,,POTAMYIA FLAVA
Potthastia,Potthastia,FALSE,,POTTHASTIA
Pristina,Pristina,FALSE,,PRISTINA
Pristina aequiseta,Pristina aequiseta,FALSE,,PRISTINA AEQUISETA
Pristina longiseta,Pristina longiseta,FALSE,,PRISTINA LONGISETA
Pristina longiseta longiseta,Pristina longiseta,TRUE,removed subspecies,
Pristina longisoma,Pristina longisoma,FALSE,,
Pristina osborni,Pristina osborni,FALSE,,
Pristina sima,Pristina sima,FALSE,,
Pristinella,Pristinella,FALSE,,PRISTINELLA
Probezzia,Probezzia,FALSE,,PROBEZZIA
Procladius,Procladius,FALSE,,PROCLADIUS
Procloeon,Procloeon,FALSE,,PROCLOEON
Prodiamesa,Prodiamesa,FALSE,,PRODIAMESA
Progomphus,Progomphus,FALSE,,PROGOMPHUS
Progomphus obscurus,Progomphus obscurus,FALSE,,PROGOMPHUS OBSCURUS
Promenetus,Promenetus,FALSE,,PROMENETUS
Prostoma,Prostoma,FALSE,,PROSTOMA
Prostoma graecense,Prostoma graecense,FALSE,,PROSTOMA GRAECENSE
Protanypus,Protanypus,FALSE,,PROTANYPUS
Protoptila,Protoptila,FALSE,,PROTOPTILA
Psectrocladius,Psectrocladius,FALSE,,PSECTROCLADIUS
Psectrotanypus,Psectrotanypus,FALSE,,PSECTROTANYPUS
Psephenidae,Psephenidae,FALSE,,PSEPHENIDAE
Pseudiron centralis,Pseudiron centralis,FALSE,,PSEUDIRON CENTRALIS
Pseudochironomus,Pseudochironomus,FALSE,,PSEUDOCHIRONOMUS
Pseudocloeon,Pseudocloeon,FALSE,,PSEUDOCLOEON
Pseudolimnophila,Pseudolimnophila,FALSE,,PSEUDOLIMNOPHILA
Pseudorthocladius,Pseudorthocladius,FALSE,,PSEUDORTHOCLADIUS
Pseudosmittia,Pseudosmittia,FALSE,,PSEUDOSMITTIA
Pseudostenophylax,Pseudostenophylax,FALSE,,PSEUDOSTENOPHYLAX
Pseudosuccinea columella,Pseudosuccinea columella,FALSE,,PSEUDOSUCCINEA COLUMELLA
Psilometriocnemus,Psilometriocnemus,FALSE,,PSILOMETRIOCNEMUS
Psilometriocnemus triannulatus,Psilometriocnemus triannulatus,FALSE,,PSILOMETRIOCNEMUS TRIANNULATUS
Psychoda,Psychoda,FALSE,,PSYCHODA
Psychodidae,Psychodidae,FALSE,,PSYCHODIDAE
Pteronarcyidae,Pteronarcyidae,FALSE,,PTERONARCYIDAE
Pteronarcys,Pteronarcys,FALSE,,PTERONARCYS
Pteronarcys californica,Pteronarcys californica,FALSE,,
Pteronarcys dorsata,Pteronarcys dorsata,FALSE,,PTERONARCYS DORSATA
Ptilostomis,Ptilostomis,FALSE,,PTILOSTOMIS
Ptychoptera,Ptychoptera,FALSE,,PTYCHOPTERA
Pycnopsyche,Pycnopsyche,FALSE,,PYCNOPSYCHE
Pyganodon grandis,Pyganodon grandis,FALSE,,PYGANODON GRANDIS
Pyralidae,Pyralidae,FALSE,,PYRALIDAE
Quadrula quadrula,Quadrula quadrula,FALSE,,QUADRULA QUADRULA
Quistadrilus multisetosus,Quistadrilus multisetosus,FALSE,,QUISTADRILUS MULTISETOSUS
Quistradrilus,Quistadrilus,TRUE,correct spelling per itis.gov,QUISTADRILUS
Quistradrilus multisetosus,Quistadrilus multisetosus,TRUE,correct spelling per itis.gov,QUISTADRILUS MULTISETOSUS
Radotanypus,Radotanypus,FALSE,,RADOTANYPUS
Ranatra,Ranatra,FALSE,,RANATRA
Rhagovelia,Rhagovelia,FALSE,,RHAGOVELIA
Rhagovelia obesa,Rhagovelia obesa,FALSE,,RHAGOVELIA OBESA
Rhantus,Rhantus,FALSE,,RHANTUS
Rheocricotopus,Rheocricotopus,FALSE,,RHEOCRICOTOPUS
Rheosmittia,Rheosmittia,FALSE,,RHEOSMITTIA
Rheotanytarsus,Rheotanytarsus,FALSE,,RHEOTANYTARSUS
Rheotanytarsus akrina,Rheotanytarsus akrina,FALSE,,
Rheotanytarsus distinctissimus,Rheotanytarsus distinctissimus,FALSE,,
Rheumatobates,Rheumatobates,FALSE,,RHEUMATOBATES
Rheumatobates rileyi,Rheumatobates rileyi,FALSE,,RHEUMATOBATES RILEYI
Rhithrogena,Rhithrogena,FALSE,,RHITHROGENA
Rhyacophila,Rhyacophila,FALSE,,RHYACOPHILA
Robackia,Robackia,FALSE,,ROBACKIA
Robackia demeijerei,Robackia demeijerei,FALSE,,ROBACKIA DEMEIJEREI
Roederiodes,Roederiodes,FALSE,,ROEDERIODES
Saetheria,Saetheria,FALSE,,SAETHERIA
Saetheria tylus,Saetheria tylus,FALSE,,
Salda,Salda,FALSE,,
Saldidae,Saldidae,FALSE,,SALDIDAE
Saldula,Saldula,FALSE,,SALDULA
Sarcophagidae,Sarcophagidae,FALSE,,SARCOPHAGIDAE
Sciomyzidae,Sciomyzidae,FALSE,,SCIOMYZIDAE
Scirtes,Scirtes,FALSE,,SCIRTES
Scirtidae,Scirtidae,FALSE,,SCIRTIDAE
Serratella,Serratella,FALSE,,SERRATELLA
Serromyia,Serromyia,FALSE,,SERROMYIA
Sialidae,Sialidae,FALSE,,SIALIDAE
Sialis,Sialis,FALSE,,SIALIS
Sigara,Sigara,FALSE,,SIGARA
Simuliidae,Simuliidae,FALSE,,SIMULIIDAE
Simulium,Simulium,FALSE,,SIMULIUM
Siphlonuridae,Siphlonuridae,FALSE,,SIPHLONURIDAE
Siphlonurus,Siphlonurus,FALSE,,SIPHLONURUS
Sisyridae,Sisyridae,FALSE,,SISYRIDAE
Slavina appendiculata,Slavina appendiculata,FALSE,,SLAVINA APPENDICULATA
Smittia,Smittia,FALSE,,SMITTIA
Somatochlora,Somatochlora,FALSE,,SOMATOCHLORA
Sparbarus,Sparbarus,FALSE,,SPARBARUS
Sperchon,Sperchon,FALSE,,SPERCHON
Sperchonopsis,Sperchonopsis,FALSE,,SPERCHONOPSIS
Sperchontidae,Sperchontidae,FALSE,,SPERCHONTIDAE
Sperchopsis,Sperchopsis,FALSE,,SPERCHOPSIS
Sphaeridium,Sphaeridium,FALSE,,SPHAERIDIUM
Sphaeriidae,Sphaeriidae,FALSE,,SPHAERIIDAE
Sphaerium,Sphaerium,FALSE,,SPHAERIUM
Sphaerium striatinum,Sphaerium striatinum,FALSE,,SPHAERIUM STRIATINUM
Sphaeromias,Sphaeromias,FALSE,,SPHAEROMIAS
Spirosperma,Spirosperma,FALSE,,SPIROSPERMA
Spongilla,Spongilla,FALSE,,
Stagnicola,Stagnicola,FALSE,,STAGNICOLA
Staphylinidae,Staphylinidae,FALSE,,STAPHYLINIDAE
Stelechomyia,Stelechomyia,FALSE,,STELECHOMYIA
Stempellina,Stempellina,FALSE,,STEMPELLINA
Stempellinella,Stempellinella,FALSE,,STEMPELLINELLA
Stenacron,Stenacron,FALSE,,STENACRON
Stenacron interpunctatum,Stenacron interpunctatum,FALSE,,STENACRON INTERPUNCTATUM
Stenelmis,Stenelmis,FALSE,,STENELMIS
Stenelmis humerosa,Stenelmis humerosa,FALSE,,STENELMIS HUMEROSA
Stenochironomus,Stenochironomus,FALSE,,STENOCHIRONOMUS
Stenonema,Stenonema,FALSE,,STENONEMA
Stenonema bipunctatum,Stenonema bipunctatum,FALSE,,
Stenonema exiguum,Stenonema exiguum,FALSE,,STENONEMA EXIGUUM
Stenonema femoratum,Stenonema femoratum,FALSE,,STENONEMA FEMORATUM
Stenonema integrum,Stenonema integrum,FALSE,,STENONEMA INTEGRUM
Stenonema mexicanum,Stenonema mexicanum,FALSE,,STENONEMA MEXICANUM
Stenonema pulchellum,Stenonema pulchellum,FALSE,,STENONEMA PULCHELLUM
Stenonema terminatum,Stenonema terminatum,FALSE,,STENONEMA TERMINATUM
Stenonema tripunctatum,Stenonema tripunctatum,FALSE,,STENONEMA TRIPUNCTATUM
Stictochironomus,Stictochironomus,FALSE,,STICTOCHIRONOMUS
Stictocladius,Stictocladius,FALSE,,STICTOCLADIUS
Stictotarsus,Stictotarsus,FALSE,,STICTOTARSUS
Stilobezzia,Stilobezzia,FALSE,,STILOBEZZIA
Stilocladius,Stilocladius,FALSE,,STILOCLADIUS
Stratiomyidae,Stratiomyidae,FALSE,,STRATIOMYIDAE
Stratiomys,Stratiomys,FALSE,,STRATIOMYS
Strophitus undulatus,Strophitus undulatus,FALSE,,STROPHITUS UNDULATUS
Stylaria,Stylaria,FALSE,,STYLARIA
Stylaria fossularis,Stylaria fossularis,FALSE,,STYLARIA FOSSULARIS
Stylaria lacustris,Stylaria lacustris,FALSE,,STYLARIA LACUSTRIS
Stylogomphus,Stylogomphus,FALSE,,STYLOGOMPHUS
Stylurus,Stylurus,FALSE,,STYLURUS
Sublettea,Sublettea,FALSE,,SUBLETTEA
Sympetrum,Sympetrum,FALSE,,SYMPETRUM
Symphitopsyche,Symphitopsyche,FALSE,,
Symphitopsyche piatrix,Symphitopsyche piatrix,FALSE,,
Sympotthastia,Sympotthastia,FALSE,,SYMPOTTHASTIA
Syrphidae,Syrphidae,FALSE,,SYRPHIDAE
Tabanidae,Tabanidae,FALSE,,TABANIDAE
Tabanus,Tabanus,FALSE,,TABANUS
Taeniopteryx,Taeniopteryx,FALSE,,TAENIOPTERYX
Taeniopteryx burksi,Taeniopteryx burksi,FALSE,,TAENIOPTERYX BURKSI
Tanypodinae,Tanypodinae,FALSE,,TANYPODINAE
Tanypodini,Tanypodini,FALSE,,TANYPODINI
Tanypus,Tanypus,FALSE,,TANYPUS
Tanypus clavatus,Tanypus clavatus,FALSE,,
Tanypus punctipennis,Tanypus punctipennis,FALSE,,TANYPUS PUNCTIPENNIS
Tanytarsini,Tanytarsini,FALSE,,TANYTARSINI
Tanytarsus,Tanytarsus,FALSE,,TANYTARSUS
Telebasis,Telebasis,FALSE,,TELEBASIS
Telopelopia,Telopelopia,FALSE,,TELOPELOPIA
Telopelopia okoboji,Telopelopia okoboji,FALSE,,TELOPELOPIA OKOBOJI
Thermonectus,Thermonectus,FALSE,,THERMONECTUS
Thienemannia,Thienemannia,FALSE,,THIENEMANNIA
Thienemanniella,Thienemanniella,FALSE,,THIENEMANNIELLA
Thienemannimyia,Thienemannimyia Group,TRUE,CAPS and group,THIENEMANNIMYIA GROUP
Thienemannimyia Gr.,Thienemannimyia Group,TRUE,CAPS and group,THIENEMANNIMYIA GROUP
Thienemannimyia senata,Thienemannimyia Group,TRUE,CAPS and group,THIENEMANNIMYIA SENATA
Tipula,Tipula,FALSE,,TIPULA
Tipulidae,Tipulidae,FALSE,,TIPULIDAE
Tipuloidea,Tipuloidea,FALSE,"Superfamily, Tipulidae taxonomy",TIPULOIDEA
Tortopus,Tortopus,FALSE,,TORTOPUS
Toxorhynchites,Toxorhynchites,FALSE,,TOXORHYNCHITES
Trepaxonemata,Trepaxonemata,FALSE,,TREPAXONEMATA
Trepobates,Trepobates,FALSE,,TREPOBATES
Triaenodes,Triaenodes,FALSE,,TRIAENODES
Triaenodes tardus,Triaenodes tardus,FALSE,,
Tribelos,Tribelos,FALSE,,TRIBELOS
Trichocorixa,Trichocorixa,FALSE,,TRICHOCORIXA
Trichoptera,Trichoptera,FALSE,,TRICHOPTERA
Trichotanypus,Trichotanypus,FALSE,,
Tricorythidae,Tricorythidae,FALSE,,TRICORYTHIDAE
Tricorythodes,Tricorythodes,FALSE,,TRICORYTHODES
Tricyphona,Tricyphona,FALSE,tricky Tipulidae taxonomy. Left as is for now,
Tridactylidae,Tridactylidae,FALSE,,
Trissopelopia,Trissopelopia,FALSE,,TRISSOPELOPIA
Tritogonia verrucosa,Tritogonia verrucosa,FALSE,,TRITOGONIA VERRUCOSA
Tropisternus,Tropisternus,FALSE,,TROPISTERNUS
Tubifex tubifex,Tubifex tubifex,FALSE,,TUBIFEX TUBIFEX
Tubificidae,Tubificidae,FALSE,,TUBIFICIDAE
Tubificinae,Tubificinae,FALSE,,TUBIFICINAE
Turbellaria,Turbellaria,FALSE,,TURBELLARIA
Tvetenia,Tvetenia,FALSE,,TVETENIA
Tvetenia bavarica,Tvetenia Bavarica Group,TRUE,CAPS and group,TVETENIA BAVARICA GROUP
Tvetenia Bavarica Gr.,Tvetenia Bavarica Group,TRUE,CAPS and group,TVETENIA BAVARICA GROUP
Tvetenia vitracies,Tvetenia vitracies,FALSE,,TVETENIA VITRACIES
Tyrrellia,Tyrrellia,FALSE,,TYRRELLIA
Uncinais uncinata,Uncinais uncinata,FALSE,,UNCINAIS UNCINATA
Uniomerus tetralasmus,Uniomerus tetralasmus,FALSE,,UNIOMERUS TETRALASMUS
Unionicola,Unionicola,FALSE,,UNIONICOLA
Unionidae,Unionidae,FALSE,,UNIONIDAE
Utterbackia imbecillis,Utterbackia imbecillis,FALSE,,
Uvarus,Uvarus,FALSE,,UVARUS
Valvata,Valvata,FALSE,,VALVATA
Valvata tricarinata,Valvata tricarinata,FALSE,,VALVATA TRICARINATA
Vejdovskyella,Vejdovskyella,FALSE,,VEJDOVSKYELLA
Veliidae,Veliidae,FALSE,,VELIIDAE
Wapsa mobilis,Wapsa mobilis,FALSE,,
Williamsonia,Williamsonia,FALSE,,
Wormaldia,Wormaldia,FALSE,,WORMALDIA
Xenochironomus,Xenochironomus,FALSE,,XENOCHIRONOMUS
Xenochironomus xenolabis,Xenochironomus xenolabis,FALSE,,XENOCHIRONOMUS XENOLABIS
Zaitzevia,Zaitzevia,FALSE,,ZAITZEVIA
Zapada cinctipes,Zapada cinctipes,FALSE,,ZAPADA CINCTIPES
Zavrelia,Zavrelia,FALSE,,ZAVRELIA
Zavreliella marmorata,Zavreliella marmorata,FALSE,,ZAVRELIELLA MARMORATA
Zavrelimyia,Zavrelimyia,FALSE,,ZAVRELIMYIA
Zealeuctra claasseni,Zealeuctra claasseni,FALSE,,ZEALEUCTRA CLAASSENI
Zygoptera,Zygoptera,FALSE,,ZYGOPTERA
Cricotopus Tremulus Group,Cricotopus Tremulus Group,FALSE,,CRICOTOPUS TREMULUS GROUP
Cricotopus/Orthocladius,Cricotopus/Orthocladius,FALSE,,CRICOTOPUS/ORTHOCLADIUS
Polypedilum Fallax Group,Polypedilum Fallax Group,FALSE,,POLYPEDILUM FALLAX GROUP
Polypedilum Halterale Group,Polypedilum Halterale Group,FALSE,,POLYPEDILUM HALTERALE GROUP
Polypedilum Illinoense Group,Polypedilum Illinoense Group,FALSE,,POLYPEDILUM ILLINOENSE GROUP
Polypedilum Scalaenum Group,Polypedilum Scalaenum Group,FALSE,,POLYPEDILUM SCALAENUM GROUP
Quistadrilus,Quistadrilus,FALSE,,QUISTADRILUS
Thienemannimyia Group,Thienemannimyia Group,FALSE,,THIENEMANNIMYIA GROUP
Tvetenia Bavarica Group,Tvetenia Bavarica Group,FALSE,,TVETENIA BAVARICA GROUP
