orig_FinalID_NE,OTU_BCG_NE,modified_BCG,Notes
ABLABESMYIA,ABLABESMYIA,FALSE,
ACARI,ACARI,FALSE,
ACARINA,ACARI,TRUE,nomenclature change. Sean Sullivan
ACENTRELLA,ACENTRELLA,FALSE,
ACENTRELLA INSIGNIFICANS,ACENTRELLA INSIGNIFICANS,FALSE,
ACENTRELLA PARVULA,ACENTRELLA PARVULA,FALSE,
ACERPENNA,ACERPENNA,FALSE,
ACILIUS,ACILIUS,FALSE,
ACRICOTOPUS,ACRICOTOPUS,FALSE,
ACRONEURIA,ACRONEURIA,FALSE,
ACRONEURIA ABNORMIS,ACRONEURIA ABNORMIS,FALSE,
ACTINOBDELLA,ACTINOBDELLA,FALSE,
ACTINOBDELLA INEQUIANNULATA,ACTINOBDELLA INEQUIANNULATA,FALSE,
ACTINONAIAS LIGAMENTINA,ACTINONAIAS LIGAMENTINA,FALSE,
AEDES,AEDES,FALSE,
AEDES VEXANS,AEDES,TRUE,genus level recommended by Sean Sullivan
AESHNA,AESHNA,FALSE,
AESHNIDAE,AESHNIDAE,FALSE,
AGABINAE,AGABINAE,FALSE,
AGABUS,AGABUS,FALSE,
AGNETINA,AGNETINA,FALSE,
AGRAYLEA,AGRAYLEA,FALSE,
ALBIA,ALBIA,FALSE,
ALISOTRICHIA,ALISOTRICHIA,FALSE,
ALLOCLADIUS,ALLOCLADIUS,FALSE,
ALLOGNOSTA,ALLOGNOSTA,FALSE,
ALOTANYPUS,ALOTANYPUS,FALSE,
AMBLEMA PLICATA,AMBLEMA PLICATA,FALSE,
AMBRYSUS,AMBRYSUS,FALSE,
AMERCAENIS,AMERCAENIS RIDENS,TRUE,One species in NE. Sean Sullivan
AMERCAENIS RIDENS,AMERCAENIS RIDENS,FALSE,
AMIOCENTRUS,BRACHYCENTRIDAE,TRUE,questionable ID. Sean Sullivan
AMNICOLA,AMNICOLA,FALSE,
AMPHIAGRION,AMPHIAGRION,FALSE,
AMPHICHAETA,AMPHICHAETA,FALSE,
AMPHICHAETA LEYDIGI,AMPHICHAETA,TRUE,genus level recommended by Sean Sullivan
AMPHINEMURA,AMPHINEMURA,FALSE,
AMPHIPODA,AMPHIPODA,FALSE,
ANACAENA,ANACAENA,FALSE,
ANAFROPTILUM,ANAFROPTILUM,FALSE,
ANAX,ANAX,FALSE,
ANAX JUNIUS,ANAX JUNIUS,FALSE,
ANCYRONYX,ANCYRONYX,FALSE,
ANISOPTERA,ANISOPTERA,FALSE,
ANNELIDA,ANNELIDA,FALSE,
ANODONTA GRANDIS,PYGANODON GRANDIS,TRUE,nomenclature change
ANOPHELES,ANOPHELES,FALSE,
ANOPHELES PSEUDOPUNCTIPENNIS,ANOPHELES,TRUE,genus level recommended by Sean Sullivan
ANOPHELES WALKERI,ANOPHELES,TRUE,genus level recommended by Sean Sullivan
ANTHOMYIIDAE,ANTHOMYIIDAE,FALSE,NonTarget? Largely terrestrial
ANTOCHA,ANTOCHA,FALSE,
ANTOCHA OBTUSA,ANTOCHA,TRUE,genus level recommended by Sean Sullivan
APEDILUM,APEDILUM,FALSE,
APOBAETIS,APOBAETIS,FALSE,
APOBAETIS LAKOTA,APOBAETIS,TRUE,genus level recommended by Sean Sullivan
APSECTROTANYPUS,APSECTROTANYPUS,FALSE,
ARACHNIDA,ARACHNIDA,FALSE,
ARCHILESTES,ARCHILESTES,FALSE,
ARCHILESTES GRANDIS,ARCHILESTES,TRUE,genus level recommended by Sean Sullivan
ARGIA,ARGIA,FALSE,
ARIGOMPHUS,ARIGOMPHUS,FALSE,
ARRENURUS,ARRENURUS,FALSE,
ASELLIDAE,ASELLIDAE,FALSE,
ASELLUS,ASELLUS,FALSE,
ASELLUS INTERMEDIUS,ASELLUS,TRUE,genus level recommended by Sean Sullivan
ASTACIDAE,ASTACIDAE,FALSE,questionable ID
ASYNARCHUS,ASYNARCHUS,FALSE,
ATHERICIDAE,ATHERIX,TRUE,genus level recommended by Sean Sullivan
ATHERIX,ATHERIX,FALSE,
ATHERIX LANTHA,ATHERIX,TRUE,genus level recommended by Sean Sullivan
ATRACTIDES,ATRACTIDES,FALSE,
ATRICHOPOGON,ATRICHOPOGON,FALSE,
AULODRILUS,AULODRILUS,FALSE,
AULODRILUS PIGUETI,AULODRILUS PIGUETI,FALSE,
AXARUS,AXARUS,FALSE,
AXARUS SCOPULA,AXARUS,TRUE,genus level recommended by Sean Sullivan
BAETIDAE,BAETIDAE,FALSE,
BAETIS,BAETIS,FALSE,
BAETIS BRUNNEICOLOR,BAETIS BRUNNEICOLOR,FALSE,
BAETIS FLAVISTRIGA COMPLEX,BAETIS FLAVISTRIGA COMPLEX,FALSE,
BAETIS FUSCATUS,BAETIS FUSCATUS GROUP,TRUE,formatting (CAPS and group)
BAETIS FUSCATUS GR.,BAETIS FUSCATUS GROUP,TRUE,formatting (CAPS and group)
BAETIS FUSCATUS GROUP,BAETIS FUSCATUS GROUP,FALSE,
BAETIS INTERCALARIS,BAETIS INTERCALARIS,FALSE,
BAETIS INTERCALARIS COMPLEX,BAETIS INTERCALARIS,TRUE,syntax recommended by Sean Sullivan
BAETIS MAGNUS,BAETIS MAGNUS,FALSE,
BAETIS RHODANI GR.,BAETIS RHODANI GROUP,TRUE,formatting (CAPS and group)
BAETIS RHODANI GROUP,BAETIS RHODANI GROUP,FALSE,
BAETIS TRICAUDATUS,BAETIS TRICAUDATUS COMPLEX,TRUE,syntax
BAETIS TRICAUDATUS COMPLEX,BAETIS TRICAUDATUS COMPLEX,FALSE,
BAETISCA,BAETISCA,FALSE,
BECKIDIA TETHYS,BECKIDIA TETHYS,FALSE,
BELOSTOMA,BELOSTOMA,FALSE,
BELOSTOMATIDAE,BELOSTOMATIDAE,FALSE,
BEROSUS,BEROSUS,FALSE,
BEROSUS STYLIFERUS,BEROSUS STYLIFERUS,FALSE,
BEZZIA,CERATOPOGONINAE,TRUE,subfamily level recommended by Sean Sullivan
BEZZIA / PALPOMYIA,CERATOPOGONINAE,TRUE,nomenclature change. Sean Sullivan
BIDESSUS,BIDESSUS,FALSE,
BITTACOMORPHA,BITTACOMORPHA,FALSE,
BIVALVIA,BIVALVIA,FALSE,
BOREONECTES,BOREONECTES,FALSE,check Stictotarsus. Sean Sullivan
BOYERIA,BOYERIA,FALSE,
BRACHYCENTRIDAE,BRACHYCENTRIDAE,FALSE,
BRACHYCENTRIDAE OCCIDENTALIS,BRACHYCENTRUS OCCIDENTALIS,TRUE,bad name combo (should be genus not family)
BRACHYCENTRUS,BRACHYCENTRUS,FALSE,
BRACHYCENTRUS NUMEROSUS,BRACHYCENTRUS NUMEROSUS,FALSE,
BRACHYCENTRUS OCCIDENTALIS,BRACHYCENTRUS OCCIDENTALIS,FALSE,
BRACHYCERCINAE,BRACHYCERCINAE,FALSE,
BRACHYCERCUS,BRACHYCERCUS,FALSE,
BRANCHIOBDELLIDA,BRANCHIOBDELLIDA,FALSE,
BRANCHIOBDELLIDAE,BRANCHIOBDELLIDA,TRUE,nomenclature change. Sean Sullivan
BRANCHIURA SOWERBYI,BRANCHIURA SOWERBYI,FALSE,
BRATISLAVIA,BRATISLAVIA,FALSE,
BRILLIA,BRILLIA,FALSE,
BRUNDINIELLA,BRUNDINIELLA,FALSE,
BRYCHIUS,BRYCHIUS,FALSE,
CAECIDOTEA,CAECIDOTEA,FALSE,
CAECIDOTEA INTERMEDIA,CAECIDOTEA,TRUE,genus level recommended by Sean Sullivan
CAENIDAE,CAENIDAE,FALSE,
CAENIS,CAENIS,FALSE,
CALLIBAETIS,CALLIBAETIS,FALSE,
CALLICORIXA,CALLICORIXA,FALSE,
CALOPARYPHUS,CALOPARYPHUS,FALSE,
CALOPTERYGIDAE,CALOPTERYGIDAE,FALSE,
CALOPTERYX,CALOPTERYX,FALSE,
CAMBARIDAE,CAMBARIDAE,FALSE,
CAMBARINCOLA,BRANCHIOBDELLIDA,TRUE,questionable ID
CAMBARUS,CAMBARUS,FALSE,
CAMELOBAETIDIUS,CAMELOBAETIDIUS,FALSE,
CAMPELOMA,CAMPELOMA,FALSE,
CARABIDAE,CARABIDAE,FALSE,NonTarget? Largely terrestrial
CARDIOCLADIUS,CARDIOCLADIUS,FALSE,
CARDIOCLADIUS OBSCURUS,CARDIOCLADIUS,TRUE,genus level recommended by Sean Sullivan
CELITHEMIS,CELITHEMIS,FALSE,
CELITHEMIS ELISA,CELITHEMIS,TRUE,genus level recommended by Sean Sullivan
CENTROPTILUM,ANAFROPTILUM,TRUE,nomenclature change. Sean Sullivan
CERACLEA,CERACLEA,FALSE,
CERATOPOGON,CERATOPOGONINAE,TRUE,subfamily level recommended by Sean Sullivan
CERATOPOGONIDAE,CERATOPOGONIDAE,FALSE,
CERATOPOGONINAE,CERATOPOGONINAE,FALSE,
CERATOPSYCHE,CERATOPSYCHE,FALSE,
CERATOPSYCHE BRONTA,CERATOPSYCHE BRONTA,FALSE,
CERATOPSYCHE MOROSA,CERATOPSYCHE MOROSA,FALSE,
CERATOPSYCHE MOROSA BIFIDA,CERATOPSYCHE MOROSA BIFIDA,FALSE,
CERATOPSYCHE SLOSSONAE,CERATOPSYCHE SLOSSONAE,FALSE,
CERATOPSYCHE SPARNA,CERATOPSYCHE SPARNA,FALSE,
CERCOBRACHYS,CERCOBRACHYS,FALSE,"left as is but in future, consider collapsing to Subfamily"
CERCYON,CERCYON,FALSE,
CHAETARTHRIA,CHAETARTHRIA,FALSE,
CHAETOCLADIUS,CHAETOCLADIUS,FALSE,
CHAETOGASTER,CHAETOGASTER,FALSE,
CHAETOGASTER DIAPHANUS,CHAETOGASTER,TRUE,genus level recommended by Sean Sullivan
CHAETOGASTER DIASTROPHUS,CHAETOGASTER,TRUE,genus level recommended by Sean Sullivan
CHAOBORUS,CHAOBORUS,FALSE,
CHAOBORUS PUNCTIPENNIS,CHAOBORUS,TRUE,genus level recommended by Sean Sullivan
CHAULIODES,CHAULIODES RASTRICORNIS,TRUE,One species in NE. Sean Sullivan
CHAULIODES RASTRICORNIS,CHAULIODES RASTRICORNIS,FALSE,
CHELIFERA,CHELIFERA,FALSE,
CHERNOVSKIIA,CHERNOVSKIIA,FALSE,
CHERNOVSKIIA AMPHITRITE,CHERNOVSKIIA,TRUE,genus level recommended by Sean Sullivan
CHERNOVSKIIA ORBICUS,CHERNOVSKIIA,TRUE,genus level recommended by Sean Sullivan
CHEUMATOPSYCHE,CHEUMATOPSYCHE,FALSE,
CHIMARRA,CHIMARRA,FALSE,
CHIONEINAE,LIMONIIDAE,TRUE,nomenclature change. Sean Sullivan
CHIRONOMIDAE,CHIRONOMIDAE,FALSE,
CHIRONOMINI,CHIRONOMINI,FALSE,
CHIRONOMUS,CHIRONOMUS,FALSE,
CHLOROPERLIDAE,CHLOROPERLIDAE,FALSE,
CHOROTERPES,CHOROTERPES,FALSE,
CHROMAGRION CONDITUM,CHROMAGRION CONDITUM,FALSE,
CHRYSOMELIDAE,CHRYSOMELIDAE,FALSE,NonTarget? Largely terrestrial
CHRYSOPS,CHRYSOPS,FALSE,
CLADOCERA,CLADOCERA,FALSE,Zooplankton. Include?
CLADOPELMA,CLADOPELMA,FALSE,
CLADOTANYTARSUS,CLADOTANYTARSUS,FALSE,
CLATHROSPERCHON,CLATHROSPERCHON,FALSE,
CLINOCERA,CLINOCERA,FALSE,
CLINOTANYPUS,CLINOTANYPUS,FALSE,
CLOEON,CLOEON,FALSE,
COELOTANYPUS,COELOTANYPUS,FALSE,
COENAGRION,COENAGRION,FALSE,
COENAGRIONIDAE,COENAGRIONIDAE,FALSE,
COLEOPTERA,COLEOPTERA,FALSE,
COLLEMBOLA,COLLEMBOLA,FALSE,NonTarget? Largely terrestrial
COLYMBETES,COLYMBETES,FALSE,
CONCHAPELOPIA,CONCHAPELOPIA,FALSE,
CONSTEMPELLINA,CONSTEMPELLINA,FALSE,
COPELATUS,COPELATUS,FALSE,
COPEPODA,COPEPODA,FALSE,NonTarget? Zooplankton
COPTOTOMUS,COPTOTOMUS,FALSE,
CORBICULA FLUMINEA,CORBICULA FLUMINEA,FALSE,
CORDULIA,CORDULIA,FALSE,
CORDULIIDAE,CORDULIIDAE,FALSE,
CORDYLOPHORA LACUSTRIS,HYDROZOA,TRUE,
CORISELLA,CORISELLA,FALSE,
CORIXIDAE,CORIXIDAE,FALSE,
CORYDALIDAE,CORYDALIDAE,FALSE,
CORYDALUS,CORYDALUS CORNUTUS,TRUE,One species in NE. Sean Sullivan
CORYDALUS CORNUTUS,CORYDALUS CORNUTUS,FALSE,
CORYNONEURA,CORYNONEURA,FALSE,
CRAMBIDAE,CRAMBIDAE,FALSE,
CRANGONYX,CRANGONYX,FALSE,
CRANGONYX GRACILIS,CRANGONYX,TRUE,genus level recommended by Sean Sullivan
CRICOTOPUS,CRICOTOPUS,FALSE,
CRICOTOPUS (CRICOTOPUS),CRICOTOPUS (CRICOTOPUS),FALSE,
CRICOTOPUS (ISOCLADIUS),CRICOTOPUS (ISOCLADIUS),FALSE,
CRICOTOPUS / ORTHOCLADIUS,CRICOTOPUS/ORTHOCLADIUS,TRUE,formatting (spaces)
CRICOTOPUS BICINCTUS,CRICOTOPUS BICINCTUS GROUP,TRUE,formatting (CAPS and group)
CRICOTOPUS BICINCTUS GROUP,CRICOTOPUS BICINCTUS GROUP,FALSE,
CRICOTOPUS CYLINDRACEUS,CRICOTOPUS CYLINDRACEUS,FALSE,
CRICOTOPUS FUSCUS,CRICOTOPUS FUSCUS,FALSE,
CRICOTOPUS INTERSECTUS,CRICOTOPUS INTERSECTUS,FALSE,
CRICOTOPUS LARICOMALIS,CRICOTOPUS LARICOMALIS,FALSE,
CRICOTOPUS SYLVESTRIS,CRICOTOPUS SYLVESTRIS GROUP,TRUE,formatting (CAPS and group)
CRICOTOPUS SYLVESTRIS GR.,CRICOTOPUS SYLVESTRIS GROUP,TRUE,formatting (CAPS and group)
CRICOTOPUS SYLVESTRIS GROUP,CRICOTOPUS SYLVESTRIS GROUP,FALSE,
CRICOTOPUS TIBIALIS,CRICOTOPUS TIBIALIS,FALSE,
CRICOTOPUS TREMULUS,CRICOTOPUS TREMULUS GROUP,TRUE,formatting (CAPS and group)
CRICOTOPUS TREMULUS GR.,CRICOTOPUS TREMULUS GROUP,TRUE,formatting (CAPS and group)
CRICOTOPUS TREMULUS GROUP,CRICOTOPUS TREMULUS GROUP,FALSE,
CRICOTOPUS TRIANNULATUS,CRICOTOPUS TRIANNULATUS,FALSE,
CRICOTOPUS TRICINCTUS,CRICOTOPUS TRICINCTUS,FALSE,
CRICOTOPUS TRIFASCIA,CRICOTOPUS TRIFASCIA GROUP,TRUE,syntax recommended by Sean Sullivan
CRICOTOPUS TRIFASCIATUS,CRICOTOPUS TRIFASCIA GROUP,TRUE,nomenclature change. Sean Sullivan
CRICOTOPUS TRIFASCIA GROUP,CRICOTOPUS TRIFASCIA GROUP,FALSE,
CRICOTOPUS VIERRIENSIS,CRICOTOPUS VIERRIENSIS,FALSE,
CRICOTOPUS/ORTHOCLADIUS,CRICOTOPUS/ORTHOCLADIUS,FALSE,
CRYPHOCRICOS,CRYPHOCRICOS,FALSE,
CRYPTOCHIRONOMUS,CRYPTOCHIRONOMUS,FALSE,
CRYPTOCHIRONOMUS FULVUS,CRYPTOCHIRONOMUS FULVUS,FALSE,
CRYPTOTENDIPES,CRYPTOTENDIPES,FALSE,
CULEX,CULEX,FALSE,
CULEX PIPIENS,CULEX,TRUE,genus level recommended by Sean Sullivan
CULEX QUINQUEFASCIATUS,CULEX,TRUE,genus level recommended by Sean Sullivan
CULEX RESTUANS,CULEX,TRUE,genus level recommended by Sean Sullivan
CULEX SALINARIUS,CULEX,TRUE,genus level recommended by Sean Sullivan
CULEX TARSALIS,CULEX,TRUE,genus level recommended by Sean Sullivan
CULICIDAE,CULICIDAE,FALSE,
CULICOIDES,CULICOIDES,FALSE,
CULOPTILA,CULOPTILA,FALSE,
CURA FOREMANII,CURA FOREMANII,FALSE,
CURCULIONIDAE,CURCULIONIDAE,FALSE,
CYBISTER,CYBISTER,FALSE,
CYMBIODYTA,CYMBIODYTA,FALSE,
CYMBIODYTA TODDI,CYMBIODYTA,TRUE,genus level recommended by Sean Sullivan
CYPHOMELLA,CYPHOMELLA,FALSE,
CYPHON,CYPHON,FALSE,
CYRNELLUS,CYRNELLUS,FALSE,
CYRNELLUS FRATERNUS,CYRNELLUS,TRUE,genus level recommended by Sean Sullivan
DACTYLOBAETIS,CAMELOBAETIDIUS,TRUE,nomenclature change
DANNELLA,DANNELLA,FALSE,
DASHYELEINAE,DASYHELEA,TRUE,genus level recommended by Sean Sullivan
DASYHELEA,DASYHELEA,FALSE,
DASYHELEINAE,DASYHELEA,TRUE,genus level recommended by Sean Sullivan
DECAPODA,DECAPODA,FALSE,
DEMICRYPTOCHIRONOMUS,DEMICRYPTOCHIRONOMUS,FALSE,
DERO,DERO,FALSE,genus level recommended by Sean Sullivan
DERO DIGITATA,DERO,TRUE,genus level recommended by Sean Sullivan
DERO DORSALIS,DERO,TRUE,genus level recommended by Sean Sullivan
DERO FURCATA,DERO,TRUE,genus level recommended by Sean Sullivan
DERO LODENI,DERO,TRUE,genus level recommended by Sean Sullivan
DERO NIVEA,DERO,TRUE,genus level recommended by Sean Sullivan
DERO VAGA,DERO,TRUE,genus level recommended by Sean Sullivan
DERONECTES,DERONECTES,FALSE,check Stictotarsus. Sean Sullivan
DESMOPACHRIA,DESMOPACHRIA,FALSE,
DESSEROBDELLA PICTA,PLACOBDELLA PICTA,TRUE,nomenclature change. Sean Sullivan
DIAMESA,DIAMESA,FALSE,
DIBOLOCELUS,HYDROPHILUS,TRUE,nomenclature change and questionable ID
DICRANOMYIA,DICRANOMYIA,FALSE,"left as is but in future, consider changes to Tipulidae taxonomy"
DICRANOTA,DICRANOTA,FALSE,
DICROTENDIPES,DICROTENDIPES,FALSE,
DICROTENDIPES NEOMODESTUS,DICROTENDIPES NEOMODESTUS,FALSE,
DICTYA,DICTYA,FALSE,
DIDYMOPS,DIDYMOPS,FALSE,
DIDYMOPS TRANSVERSA,DIDYMOPS TRANSVERSA,FALSE,
DINA,ERPOBDELLA,TRUE,nomenclature change. Sean Sullivan
DINEUTUS,DINEUTUS,FALSE,
DIPLECTRONA,DIPLECTRONA,FALSE,
DIPLOCLADIUS,DIPLOCLADIUS CULTRIGER,TRUE,One species in NE. Sean Sullivan
DIPLOCLADIUS CULTRIGER,DIPLOCLADIUS CULTRIGER,FALSE,
DIPTERA,DIPTERA,FALSE,
DISONYCHA,DISONYCHA,FALSE,NonTarget? Largely terrestrial
DIXA,DIXA,FALSE,
DIXELLA,DIXELLA,FALSE,
DIXIDAE,DIXIDAE,FALSE,
DOLICHOPODIDAE,DOLICHOPODIDAE,FALSE,
DROMOGOMPHUS,DROMOGOMPHUS,FALSE,
DRYOPIDAE,DRYOPIDAE,FALSE,
DUBIRAPHIA,DUBIRAPHIA,FALSE,
DUBIRAPHIA VITTATA,DUBIRAPHIA,TRUE,genus level recommended by Sean Sullivan
DUGESIA,TREPAXONEMATA,TRUE,nomenclature change. Sean Sullivan
DUGESIA TIGRINA,TREPAXONEMATA,TRUE,nomenclature change. Sean Sullivan
DYTISCIDAE,DYTISCIDAE,FALSE,
DYTISCUS,DYTISCUS,FALSE,
ECCOPTURA,ECCOPTURA,FALSE,
ECDYONURINAE,HEPTAGENIIDAE,TRUE,nomenclature change. Sean Sullivan
EINFELDIA,EINFELDIA,FALSE,"left as is but in future, consider collapsing to Family"
ELLIPTIO DILATATA,ELLIPTIO DILATATA,FALSE,
ELMIDAE,ELMIDAE,FALSE,
ELODES,ELODES,FALSE,
EMPIDIDAE,EMPIDIDAE,FALSE,
ENALLAGMA,ENALLAGMA,FALSE,
ENALLAGMA PRAEVARUM,ENALLAGMA,TRUE,genus level recommended by Sean Sullivan
ENCHYTRAEIDAE,ENCHYTRAEIDAE,FALSE,
ENCHYTRAEUS,ENCHYTRAEUS,FALSE,
ENDOCHIRONOMUS,ENDOCHIRONOMUS,FALSE,
ENOCHRUS,ENOCHRUS,FALSE,
EPEORUS,EPEORUS,FALSE,
EPHEMERA,EPHEMERA,FALSE,
EPHEMERELLA,EPHEMERELLA,FALSE,
EPHEMERELLA EXCRUCIANS,EPHEMERELLA EXCRUCIANS GROUP,TRUE,formatting (CAPS and group)
EPHEMERELLA EXCRUCIANS GR.,EPHEMERELLA EXCRUCIANS GROUP,TRUE,formatting (CAPS and group)
EPHEMERELLA EXCRUCIANS GROUP,EPHEMERELLA EXCRUCIANS GROUP,FALSE,
EPHEMEROPTERA,EPHEMEROPTERA,FALSE,
EPHORON,EPHORON,FALSE,
EPHORON ALBUM,EPHORON ALBUM,FALSE,
EPHORON LEUKON,EPHORON LEUKON,FALSE,
EPHYDRA,EPHYDRA,FALSE,
EPHYDRIDAE,EPHYDRIDAE,FALSE,
EPITHECA,EPITHECA,FALSE,
EPITHECA PRINCEPS,EPITHECA PRINCEPS,FALSE,
EPOICOCLADIUS,EPOICOCLADIUS,FALSE,
ERIOPTERA,ERIOPTERA,FALSE,
ERISTALIS,ERISTALIS,FALSE,
ERPETOGOMPHUS,ERPETOGOMPHUS,FALSE,
ERPOBDELLA,ERPOBDELLA,FALSE,
ERPOBDELLA FERVIDA,ERPOBDELLA FERVIDA,FALSE,
ERPOBDELLA MICROSTOMA,ERPOBDELLA MICROSTOMA,FALSE,
ERPOBDELLA PUNCTATA,ERPOBDELLA PUNCTATA,FALSE,
ERPOBDELLIDAE,ERPOBDELLIDAE,FALSE,
ERYTHEMIS,ERYTHEMIS,FALSE,
EUKIEFFERIELLA,EUKIEFFERIELLA,FALSE,
EUKIEFFERIELLA CLARIPENNIS,EUKIEFFERIELLA,TRUE,genus level recommended by Sean Sullivan
EUPARYPHUS,EUPARYPHUS,FALSE,
FALLCEON,FALLCEON,FALSE,
FALLCEON QUILLERI,FALLCEON,TRUE,genus level recommended by Sean Sullivan
FAXONIUS,FAXONIUS,FALSE,
FAXONIUS IMMUNIS,FAXONIUS IMMUNIS,FALSE,
FAXONIUS VIRILIS,FAXONIUS VIRILIS,FALSE,
FERRISSIA,FERRISSIA,FALSE,
FERRISSIA RIVULARIS,FERRISSIA,TRUE,genus level recommended by Sean Sullivan
FORCIPOMYIA,FORCIPOMYIINAE,TRUE,subfamily recommended by Sean Sullivan
FORCIPOMYIINAE,FORCIPOMYIINAE,FALSE,
FOSSARIA,GALBA,TRUE,nomenclature change. Sean Sullivan
FOSSARIA BULIMOIDES,GALBA,TRUE,nomenclature change. Sean Sullivan
FOSSARIA HUMILIS,GALBA,TRUE,nomenclature change. Sean Sullivan
FOSSARIA OBRUSSA,GALBA,TRUE,nomenclature change. Sean Sullivan
FREDERICELLA SULTANA,GALBA,TRUE,nomenclature change. Sean Sullivan
FRIDERICIA,FRIDERICIA,FALSE,
FUSCONAIA FLAVA,FUSCONAIA FLAVA,FALSE,
GALBA,GALBA,FALSE,
GALERUCELLA,GALERUCELLA,FALSE,
GAMMARIDAE,GAMMARIDAE,FALSE,
GAMMARUS,GAMMARUS,FALSE,
GAMMARUS LACUSTRIS,GAMMARUS,TRUE,genus level recommended by Sean Sullivan
GASTROPODA,GASTROPODA,FALSE,
GELASTOCORIDAE,GELASTOCORIDAE,FALSE,NonTarget? Heteroptera
GERRIDAE,GERRIDAE,FALSE,
GERRIS,GERRIS,FALSE,
GILLOTIA,GILLOTIA,FALSE,
GLOSSIPHONIA,GLOSSIPHONIA,FALSE,
GLOSSIPHONIA COMPLANATA,GLOSSIPHONIA ELEGANS,TRUE,nomenclature change. Sean Sullivan
GLOSSIPHONIA ELEGANS,GLOSSIPHONIA ELEGANS,FALSE,
GLOSSIPHONIIDAE,GLOSSIPHONIIDAE,FALSE,
GLOSSOSOMA,GLOSSOSOMA,FALSE,
GLYPTOTENDIPES,GLYPTOTENDIPES,FALSE,
GOELDICHIRONOMUS,GOELDICHIRONOMUS,FALSE,
GOMPHIDAE,GOMPHIDAE,FALSE,
GOMPHURUS,GOMPHIDAE,TRUE,nomenclature change. Sean Sullivan
GOMPHUS,GOMPHIDAE,TRUE,nomenclature change. Sean Sullivan
GONOMYIA,GONOMYIA,FALSE,
GORDIIDAE,GORDIIDAE,FALSE,
GORDIUS,GORDIUS,FALSE,
GRAPHODERUS,GRAPHODERUS,FALSE,
GYMNOCHTHEBIUS,GYMNOCHTHEBIUS,FALSE,
GYRAULUS,GYRAULUS,FALSE,
GYRAULUS PARVUS,GYRAULUS PARVUS,FALSE,
GYRINIDAE,GYRINIDAE,FALSE,
GYRINUS,GYRINUS,FALSE,
HAEMONAIS WALDVOGELI,HAEMONAIS WALDVOGELI,FALSE,
HAEMOPIS,HAEMOPIS,FALSE,
HALIPLIDAE,HALIPLIDAE,FALSE,
HALIPLUS,HALIPLUS,FALSE,
HALOCLADIUS,HALOCLADIUS,FALSE,
HARNISCHIA,HARNISCHIA,FALSE,
HELENIELLA,HELENIELLA,FALSE,
HELICHUS,HELICHUS,FALSE,
HELICOPSYCHE,HELICOPSYCHE,FALSE,
HELICOPSYCHE BOREALIS,HELICOPSYCHE,TRUE,genus level recommended by Sean Sullivan
HELISOMA,HELISOMA,FALSE,
HELISOMA ANCEPS,HELISOMA ANCEPS,FALSE,
HELISOMA TRIVOLVIS,HELISOMA TRIVOLVIS,FALSE,"left as is but in future, consider changing to PLANORBELLA"
HELIUS,HELIUS,FALSE,
HELOBATA,HELOBATA,FALSE,
HELOBDELLA,HELOBDELLA,FALSE,
HELOBDELLA ELONGATA,HELOBDELLA ELONGATA,FALSE,
HELOBDELLA FUSCA,HELOBDELLA FUSCA,FALSE,
HELOBDELLA PAPILLATA,HELOBDELLA PAPILLATA,FALSE,
HELOBDELLA STAGNALIS,HELOBDELLA STAGNALIS,FALSE,
HELOBDELLA TRISERIALIS,HELOBDELLA TRISERIALIS,FALSE,
HELOCHARES,HELOCHARES,FALSE,
HELOPHORUS,HELOPHORUS,FALSE,
HEMERODROMIA,HEMERODROMIA,FALSE,
HEMIPTERA,HEMIPTERA,FALSE,
HENLEA,HENLEA,FALSE,
HEPTAGENIA,HEPTAGENIA,FALSE,
HEPTAGENIA DIABASIA,HEPTAGENIA DIABASIA,FALSE,
HEPTAGENIA FLAVESCENS,HEPTAGENIA FLAVESCENS,FALSE,
HEPTAGENIA MARGINALIS,HEPTAGENIA MARGINALIS,FALSE,
HEPTAGENIIDAE,HEPTAGENIIDAE,FALSE,
HESPEROCORIXA,HESPEROCORIXA,FALSE,
HESPEROPHYLAX,HESPEROPHYLAX,FALSE,
HETAERINA,HETAERINA,FALSE,
HETAERINA AMERICANA,HETAERINA AMERICANA,FALSE,
HETERELMIS,HETERELMIS,FALSE,
HETEROCLOEON,HETEROCLOEON,FALSE,
HETEROPTERA,HETEROPTERA,FALSE,NonTarget? Heteroptera
HETEROSTERNUTA,HETEROSTERNUTA,FALSE,
HETEROTRISSOCLADIUS,HETEROTRISSOCLADIUS,FALSE,
HEXAGENIA,HEXAGENIA,FALSE,
HEXAGENIA ATROCAUDATA,HEXAGENIA ATROCAUDATA,FALSE,
HEXAGENIA LIMBATA,HEXAGENIA LIMBATA,FALSE,
HEXATOMA,HEXATOMA,FALSE,
HIRUDINEA,HIRUDINEA,FALSE,
HIRUDINIDAE,HIRUDINIDAE,FALSE,
HOMOEONEURIA,HOMOEONEURIA,FALSE,
HOMOEONEURIA AMMOPHILA,HOMOEONEURIA AMMOPHILA,FALSE,
HOMOPHYLAX,HOMOPHYLAX,FALSE,
HYALELLA,HYALELLA,FALSE,
HYALELLA AZTECA,HYALELLA,TRUE,genus level recommended by Sean Sullivan
HYDATICUS,HYDATICUS,FALSE,
HYDATOPHYLAX,HYDATOPHYLAX,FALSE,
HYDRA,HYDRA,FALSE,
HYDRACHNA,HYDRACHNA,FALSE,
HYDRAENIDAE,HYDRAENIDAE,FALSE,
HYDRELLIA,HYDRELLIA,FALSE,
HYDROBAENUS,HYDROBAENUS,FALSE,
HYDROBIOMORPHA,HYDROBIOMORPHA,FALSE,
HYDROBIUS,HYDROBIUS,FALSE,
HYDROCANTHUS,HYDROCANTHUS,FALSE,
HYDROCHARA,HYDROCHARA,FALSE,
HYDROCHUS,HYDROCHUS,FALSE,
HYDRODROMA,HYDRODROMA,FALSE,
HYDROMETRA,HYDROMETRA,FALSE,
HYDROMETRIDAE,HYDROMETRA,TRUE,genus level recommended by Sean Sullivan
HYDROPHILIDAE,HYDROPHILIDAE,FALSE,
HYDROPHILUS,HYDROPHILUS,FALSE,
HYDROPORINAE,HYDROPORINAE,FALSE,
HYDROPORUS,HYDROPORUS,FALSE,
HYDROPORUS UNDULATUS,HYDROPORUS UNDULATUS,FALSE,
HYDROPSYCHE,HYDROPSYCHE,FALSE,
HYDROPSYCHE ARINALE,HYDROPSYCHE ARINALE,FALSE,
HYDROPSYCHE BETTENI,HYDROPSYCHE BETTENI,FALSE,
HYDROPSYCHE BIDENS,HYDROPSYCHE BIDENS,FALSE,
HYDROPSYCHE BIFIDA,HYDROPSYCHE BIFIDA,FALSE,
HYDROPSYCHE CUANIS,HYDROPSYCHE CUANIS,FALSE,
HYDROPSYCHE ELISSOMA,HYDROPSYCHE ELISSOMA,FALSE,
HYDROPSYCHE FRISONI,HYDROPSYCHE FRISONI,FALSE,
HYDROPSYCHE INCOMMODA,HYDROPSYCHE INCOMMODA,FALSE,
HYDROPSYCHE MOROSA GR.,HYDROPSYCHE MOROSA GROUP,TRUE,formatting (CAPS and group)
HYDROPSYCHE MOROSA GROUP,HYDROPSYCHE MOROSA GROUP,FALSE,
HYDROPSYCHE OCCIDENTALIS,HYDROPSYCHE OCCIDENTALIS,FALSE,
HYDROPSYCHE ORRIS,HYDROPSYCHE ORRIS,FALSE,
HYDROPSYCHE SCALARIS,HYDROPSYCHE SCALARIS,FALSE,
HYDROPSYCHE SIMULANS,HYDROPSYCHE SIMULANS,FALSE,
HYDROPSYCHE VENULARIS,HYDROPSYCHE VENULARIS,FALSE,
HYDROPSYCHIDAE,HYDROPSYCHIDAE,FALSE,
HYDROPTILA,HYDROPTILA,FALSE,
HYDROPTILIDAE,HYDROPTILIDAE,FALSE,
HYDROVATUS,HYDROVATUS,FALSE,
HYDROZOA,HYDROZOA,FALSE,
HYDRYPHANTIDAE,HYDRYPHANTIDAE,FALSE,
HYGROBATES,HYGROBATES,FALSE,
HYGROTUS,HYGROTUS,FALSE,
HYLOGOMPHUS,HYLOGOMPHUS,FALSE,
ILYBIUS,ILYBIUS,FALSE,
ILYODRILUS TEMPLETONI,ILYODRILUS TEMPLETONI,FALSE,
IRONOQUIA,IRONOQUIA,FALSE,
ISCHNURA,ISCHNURA,FALSE,
ISOCHAETIDES CURVISETOSUS,ISOCHAETIDES CURVISETOSUS,FALSE,
ISOGENUS,ISOGENUS,FALSE,
ISONYCHIA,ISONYCHIA,FALSE,
ISOPERLA,ISOPERLA,FALSE,
ISOPODA,ISOPODA,FALSE,
ISOTOMIDAE,ISOTOMIDAE,FALSE,NonTarget? Largely terrestrial
ISOTOMURUS,ISOTOMURUS,FALSE,NonTarget? Largely terrestrial
ISOTOMURUS PALUSTRIS,ISOTOMURUS PALUSTRIS,FALSE,NonTarget? Largely terrestrial
ISWAEON,ISWAEON,FALSE,
ITHYTRICHIA,ITHYTRICHIA,FALSE,
KLOOSIA,KLOOSIA,FALSE,
KOENIKEA,KOENIKEA,FALSE,
KRENDOWSKIA,KRENDOWSKIA,FALSE,
LABIOBAETIS,LABIOBAETIS,FALSE,
LABRUNDINIA,LABRUNDINIA,FALSE,
LACCOBIUS,LACCOBIUS,FALSE,
LACCOPHILUS,LACCOPHILUS,FALSE,
LACHLANIA,LACHLANIA,FALSE,
LADONA,LADONA,FALSE,
LAMPSILIS CARDIUM,LAMPSILIS CARDIUM,FALSE,
LAMPSILIS RADIATA,LAMPSILIS RADIATA,FALSE,
LAMPSILIS SILIQUOIDEA,LAMPSILIS SILIQUOIDEA,FALSE,
LAMPSILIS TERES,LAMPSILIS TERES,FALSE,
LARSIA,LARSIA,FALSE,
LASMIGONA COMPLANATA,LASMIGONA COMPLANATA,FALSE,
LAUTERBORNIELLA,LAUTERBORNIELLA,FALSE,
LEBERTIA,LEBERTIA,FALSE,
LEPIDOPTERA,LEPIDOPTERA,FALSE,
LEPIDOSTOMA,LEPIDOSTOMA,FALSE,
LEPTOCERIDAE,LEPTOCERIDAE,FALSE,
LEPTOCERUS,LEPTOCERUS AMERICANUS,TRUE,genus level recommended by Sean Sullivan
LEPTOCERUS AMERICANUS,LEPTOCERUS AMERICANUS,FALSE,
LEPTODEA FRAGILIS,LEPTODEA FRAGILIS,FALSE,
LEPTOHYPHIDAE,LEPTOHYPHIDAE,FALSE,
LEPTOPHLEBIA,LEPTOPHLEBIA,FALSE,
LEPTOPHLEBIIDAE,LEPTOPHLEBIIDAE,FALSE,
LESTES,LESTES,FALSE,
LESTIDAE,LESTIDAE,FALSE,
LETHOCERUS,LETHOCERUS,FALSE,
LEUCORRHINIA,LEUCORRHINIA,FALSE,
LEUCOTRICHIA,LEUCOTRICHIA,FALSE,
LEUCOTRICHIA PICTIPES,LEUCOTRICHIA PICTIPES,FALSE,
LEUCROCUTA,LEUCROCUTA,FALSE,
LIBELLULA,LIBELLULA,FALSE,
LIBELLULA LUCTUOSA,LIBELLULA LUCTUOSA,FALSE,
LIBELLULIDAE,LIBELLULIDAE,FALSE,
LIGUMIA,LIGUMIA,FALSE,
LIGUMIA RECTA,LIGUMIA RECTA,FALSE,
LIMNEPHILIDAE,LIMNEPHILIDAE,FALSE,
LIMNEPHILUS,LIMNEPHILUS,FALSE,
LIMNESIA,LIMNESIA,FALSE,
LIMNODRILUS,LIMNODRILUS,FALSE,
LIMNODRILUS CERVIX,LIMNODRILUS CERVIX,FALSE,
LIMNODRILUS CLAPAREDIANUS,LIMNODRILUS CLAPAREDIANUS,FALSE,
LIMNODRILUS HOFFMEISTERI,LIMNODRILUS HOFFMEISTERI,FALSE,
LIMNODRILUS PROFUNDICOLA,LIMNODRILUS PROFUNDICOLA,FALSE,
LIMNODRILUS UDEKEMIANUS,LIMNODRILUS UDEKEMIANUS,FALSE,
LIMNOPHILA,LIMNOPHILA,FALSE,
LIMNOPHORA,LIMNOPHORA,FALSE,
LIMNOPHYES,LIMNOPHYES,FALSE,
LIMNOPORUS,LIMNOPORUS,FALSE,
LIMONIA,LIMONIA,FALSE,
LIMONIIDAE,LIMONIIDAE,FALSE,
LIODESSUS,LIODESSUS,FALSE,
LIODESSUS AFFINIS,LIODESSUS AFFINIS,FALSE,
LIPOGOMPHUS,LIPOGOMPHUS,FALSE,
LOPESCLADIUS,LOPESCLADIUS,FALSE,
LUMBRICIDAE,LUMBRICIDAE,FALSE,NonTarget? Largely terrestrial
LUMBRICULIDAE,LUMBRICULIDAE,FALSE,
LUMBRICULUS,LUMBRICULUS,FALSE,
LUMBRICULUS VARIEGATUS,LUMBRICULUS VARIEGATUS,FALSE,
LYMNAEA,LYMNAEA,FALSE,
LYMNAEA STAGNALIS,LYMNAEA STAGNALIS,FALSE,
LYMNAEIDAE,LYMNAEIDAE,FALSE,
LYPE,LYPE,FALSE,
MACCAFFERTIUM,MACCAFFERTIUM,FALSE,
MACCAFFERTIUM BIPUNCTATUM,MACCAFFERTIUM BIPUNCTATUM,FALSE,
MACCAFFERTIUM EXIGUUM,MACCAFFERTIUM EXIGUUM,FALSE,
MACCAFFERTIUM INTEGRUM,MACCAFFERTIUM INTEGRUM,FALSE,
MACCAFFERTIUM MEXICANUM,MACCAFFERTIUM MEXICANUM,FALSE,
MACCAFFERTIUM PULCHELLUM,MACCAFFERTIUM PULCHELLUM,FALSE,
MACCAFFERTIUM TERMINATUM,MACCAFFERTIUM TERMINATUM,FALSE,
MACCAFFERTIUM TRIPUNCTATUM,MACCAFFERTIUM TRIPUNCTATUM,FALSE,
MACROBDELLA,MACROBDELLA,FALSE,
MACROBDELLA DECORA,MACROBDELLA DECORA,FALSE,
MACROBDELLA DITETRA,MACROBDELLA DITETRA,FALSE,
MACROMIA,MACROMIA,FALSE,
MACRONYCHUS,MACRONYCHUS GLABRATUS,TRUE,One species in NE. Sean Sullivan
MACRONYCHUS GLABRATUS,MACRONYCHUS GLABRATUS,FALSE,
MACROPELOPIA,MACROPELOPIA,FALSE,
MACROPELOPIINI,MACROPELOPIINI,FALSE,
MALENKA,MALENKA,FALSE,
MALLOCHOHELEA,CERATOPOGONINAE,TRUE,subfamily level recommended by Sean Sullivan
MAYATRICHIA,MAYATRICHIA,FALSE,
MEGALOPTERA,MEGALOPTERA,FALSE,
MESENCHYTRAEUS,MESENCHYTRAEUS,FALSE,
MESOSMITTIA,MESOSMITTIA,FALSE,
MESOVELIA,MESOVELIA,FALSE,
METRICHIA,METRICHIA,FALSE,
METRIOCNEMUS,METRIOCNEMUS,FALSE,
METROBATES,METROBATES,FALSE,
MICRACANTHIA,MICRACANTHIA,FALSE,
MICROCHIRONOMUS,MICROCHIRONOMUS,FALSE,
MICROCYLLOEPUS,MICROCYLLOEPUS,FALSE,
MICROCYLLOEPUS PUSILLUS,MICROCYLLOEPUS,TRUE,genus level recommended by Sean Sullivan
MICROPSECTRA,MICROPSECTRA,FALSE,
MICROTENDIPES,MICROTENDIPES,FALSE,
MICROVELIA,MICROVELIA,FALSE,
MIDEOPSIS,MIDEOPSIS,FALSE,
MOLANNA,MOLANNA,FALSE,
MOLOPHILUS,MOLOPHILUS,FALSE,
MOOREOBDELLA,ERPOBDELLA,TRUE,nomenclature change. Sean Sullivan
MOOREOBDELLA FERVIDA,ERPOBDELLA FERVIDA,TRUE,nomenclature change. Sean Sullivan
MOOREOBDELLA MICROSTOMA,ERPOBDELLA MICROSTOMA,TRUE,nomenclature change. Sean Sullivan
MOSELYANA,MOSELYANA,FALSE,
MUSCIDAE,MUSCIDAE,FALSE,
MUSCULIUM,MUSCULIUM,FALSE,
MUSCULIUM SECURIS,MUSCULIUM SECURIS,FALSE,
MUSCULIUM TRANSVERSUM,MUSCULIUM TRANSVERSUM,FALSE,
MYZOBDELLA,MYZOBDELLA,FALSE,
NAIDIDAE,NAIDIDAE,FALSE,
NAIDINAE,NAIDINAE,FALSE,
NAIS,NAIS,FALSE,
NAIS ALPINA,NAIS ALPINA,FALSE,
NAIS BARBATA,NAIS BARBATA,FALSE,
NAIS BEHNINGI,NAIS BEHNINGI,FALSE,
NAIS BRETSCHERI,NAIS BRETSCHERI,FALSE,
NAIS COMMUNIS,NAIS COMMUNIS,FALSE,
NAIS COMMUNIS/VARIABILIS COMPLEX,NAIS COMMUNIS/VARIABILIS COMPLEX,FALSE,
NAIS ELINGUIS,NAIS ELINGUIS,FALSE,
NAIS PARDALIS,NAIS PARDALIS,FALSE,
NAIS PSEUDOBTUSA,NAIS PSEUDOBTUSA,FALSE,
NAIS SIMPLEX,NAIS SIMPLEX,FALSE,
NAIS VARIABILIS,NAIS VARIABILIS,FALSE,
NANOCLADIUS,NANOCLADIUS,FALSE,
NASIAESCHNA PENTACANTHA,NASIAESCHNA PENTACANTHA,FALSE,
NATARSIA,NATARSIA,FALSE,
NAUCORIDAE,NAUCORIDAE,FALSE,
NEBRIOPORUS,NEBRIOPORUS,FALSE,
NECTOPSYCHE,NECTOPSYCHE,FALSE,
NECTOPSYCHE CANDIDA,NECTOPSYCHE CANDIDA,FALSE,
NECTOPSYCHE DIARINA,NECTOPSYCHE DIARINA,FALSE,
NECTOPSYCHE PAVIDA,NECTOPSYCHE PAVIDA,FALSE,
NEHALENNIA,NEHALENNIA,FALSE,
NEMATA,NEMATA,FALSE,
NEMATODA,NEMATA,TRUE,phylum level recommended by Sean Sullivan
NEMATOMORPHA,NEMATOMORPHA,FALSE,
NEMOTELUS,NEMOTELUS,FALSE,
NEMOURA,NEMOURIDAE,TRUE,questionable ID. Family-level recommended by Sean Sullivan
NEMOURIDAE,NEMOURIDAE,FALSE,
NEOACARUS,NEOACARUS,FALSE,
NEOCHOROTERPES,NEOCHOROTERPES,FALSE,
NEOELMIS,NEOELMIS,FALSE,
NEOGERRIS HESIONE,NEOGERRIS HESIONE,FALSE,
NEOPERLA,NEOPERLA,FALSE,
NEOPERLA CLYMENE,NEOPERLA,TRUE,genus level recommended by Sean Sullivan
NEOPHYLAX,NEOPHYLAX,FALSE,
NEOPLASTA,NEOPLASTA,FALSE,
NEOPLEA,NEOPLEA STRIOLA,TRUE,One species in NE. Sean Sullivan
NEOPLEA STRIOLA,NEOPLEA STRIOLA,FALSE,
NEOPORUS,NEOPORUS,FALSE,
NEOTRICHIA,NEOTRICHIA,FALSE,
NEPA,NEPA,FALSE,
NEPA APICULATA,NEPA,TRUE,genus level recommended by Sean Sullivan
NEPIDAE,NEPIDAE,FALSE,
NEPTICULIDAE,NEPTICULIDAE,FALSE,
NEUMANIA,NEUMANIA,FALSE,
NEURECLIPSIS,NEURECLIPSIS,FALSE,
NIGRONIA,NIGRONIA,FALSE,
NILOTANYPUS,NILOTANYPUS,FALSE,
NOCTUIDAE,NOCTUIDAE,FALSE,
NOTERIDAE,NOTERIDAE,FALSE,
NOTONECTA,NOTONECTA,FALSE,
NOTONECTIDAE,NOTONECTIDAE,FALSE,
NYCTIOPHYLAX,NYCTIOPHYLAX,FALSE,
OCHROTRICHIA,OCHROTRICHIA,FALSE,
OCHTHEBIUS,OCHTHEBIUS,FALSE,
ODONATA,ODONATA,FALSE,
ODONTOCERIDAE,ODONTOCERIDAE,FALSE,
ODONTOMESA,ODONTOMESA,FALSE,
ODONTOMYIA,ODONTOMYIA,FALSE,
OECETIS,OECETIS,FALSE,
OECETIS AVARA,OECETIS,TRUE,genus level recommended by Sean Sullivan
OECETIS CINERASCENS,OECETIS,TRUE,genus level recommended by Sean Sullivan
OLIGOCHAETA,OLIGOCHAETA,FALSE,
OLIGONEURIIDAE,OLIGONEURIIDAE,FALSE,
OPHIDONAIS SERPENTINA,OPHIDONAIS SERPENTINA,FALSE,
OPHIOGOMPHUS,OPHIOGOMPHUS,FALSE,
OPTIOSERVUS,OPTIOSERVUS,FALSE,
ORCONECTES,FAXONIUS,TRUE,nomenclature change. Sean Sullivan
ORCONECTES IMMUNIS,FAXONIUS IMMUNIS,TRUE,nomenclature change. Sean Sullivan
ORCONECTES VIRILIS,FAXONIUS VIRILIS,TRUE,nomenclature change. Sean Sullivan
OREODYTES,OREODYTES,FALSE,consider updating in the future
ORIBATIDA,ORIBATIDA,FALSE,
ORMOSIA,ORMOSIA,FALSE,
ORMOSIA ARCUATA,ORMOSIA,TRUE,genus level recommended by Sean Sullivan
ORTHOCLADIINAE,ORTHOCLADIINAE,FALSE,
ORTHOCLADIUS,ORTHOCLADIUS,FALSE,
ORTHOCLADIUS LIGNICOLA,ORTHOCLADIUS,TRUE,genus level recommended by Sean Sullivan
ORTHOCLADIUS MALLOCHI,ORTHOCLADIUS,TRUE,genus level recommended by Sean Sullivan
ORTHOCLADIUS OBUMBRATUS,ORTHOCLADIUS,TRUE,genus level recommended by Sean Sullivan
ORTHOCLADIUS WIENSI,ORTHOCLADIUS,TRUE,genus level recommended by Sean Sullivan
ORTHOPODOMYIA,ORTHOPODOMYIA,FALSE,
ORTHOTRICHIA,ORTHOTRICHIA,FALSE,
ORTHOTRICHIA CRISTATA,ORTHOTRICHIA,TRUE,genus level recommended by Sean Sullivan
OSTRACODA,OSTRACODA,FALSE,
OULIMNIUS,OULIMNIUS,FALSE,
OXYCERA,OXYCERA,FALSE,
OXYETHIRA,OXYETHIRA,FALSE,
PAGASTIA,PAGASTIA,FALSE,
PALAEMON,PALAEMON,FALSE,
PALINGENIIDAE,PALINGENIIDAE,FALSE,
PALMACORIXA,PALMACORIXA,FALSE,
PALPOMYIA,PALPOMYIA,FALSE,
PANTALA,PANTALA,FALSE,
PARACHAETOCLADIUS,PARACHAETOCLADIUS,FALSE,
PARACHIRONOMUS,PARACHIRONOMUS,FALSE,
PARACHIRONOMUS ABORTIVUS,PARACHIRONOMUS,TRUE,genus level recommended by Sean Sullivan
PARACHIRONOMUS DIRECTUS,PARACHIRONOMUS,TRUE,genus level recommended by Sean Sullivan
PARACLADIUS,PARACLADIUS,FALSE,
PARACLADOPELMA,PARACLADOPELMA,FALSE,
PARACLOEODES,PARACLOEODES MINUTUS,TRUE,One species in NE. Sean Sullivan
PARACLOEODES MINUTUS,PARACLOEODES MINUTUS,FALSE,
PARACYMUS,PARACYMUS,FALSE,
PARAGNETINA,PARAGNETINA,FALSE,
PARAGORDIUS,PARAGORDIUS,FALSE,
PARAKIEFFERIELLA,PARAKIEFFERIELLA,FALSE,
PARALAUTERBORNIELLA,PARALAUTERBORNIELLA NIGROHALTERALE,TRUE,One species in NE. Sean Sullivan
PARALAUTERBORNIELLA NIGROHALTERALE,PARALAUTERBORNIELLA NIGROHALTERALE,FALSE,
PARALAUTERBORNIELLA NIGROHALTERALIS,PARALAUTERBORNIELLA NIGROHALTERALE,TRUE,spelling
PARALEPTOPHLEBIA,PARALEPTOPHLEBIA,FALSE,consider updating in the future
PARALIMNOPHYES,PARALIMNOPHYES,FALSE,
PARAMERINA,PARAMERINA,FALSE,
PARAMETRIOCNEMUS,PARAMETRIOCNEMUS,FALSE,
PARANAIS,PARANAIS,FALSE,
PARANAIS FRICI,PARANAIS,TRUE,genus level recommended by Sean Sullivan
PARAPHAENOCLADIUS,PARAPHAENOCLADIUS,FALSE,
PARAPLEA,PARAPLEA,FALSE,
PARATANYTARSUS,PARATANYTARSUS,FALSE,
PARATENDIPES,PARATENDIPES,FALSE,
PEDICIA,PEDICIA,FALSE,
PELECYPODA,BIVALVIA,TRUE,nomenclature change
PELOCORIS,PELOCORIS,FALSE,
PELOCORIS FEMORATUS,PELOCORIS FEMORATUS,FALSE,
PELOSCOLEX MULTISETOSUS,QUISTADRILUS MULTISETOSUS,TRUE,nomenclature change
PELOSCOLEX SUPERIORENSIS,TASSERKIDRILUS SUPERIORENSIS,TRUE,nomenclature change
PELTODYTES,PELTODYTES,FALSE,
PELTOPERLA,PELTOPERLA,FALSE,
PENTAGENIA,PENTAGENIA,FALSE,
PENTANEURA,PENTANEURA,FALSE,
PERICOMA,PERICOMA,FALSE,
PERITHEMIS,PERITHEMIS,FALSE,
PERITHEMIS TENERA,PERITHEMIS TENERA,FALSE,
PERLESTA,PERLESTA,FALSE,
PERLESTA PLACIDA,PERLESTA,TRUE,genus level recommended by Sean Sullivan
PERLIDAE,PERLIDAE,FALSE,
PERLODIDAE,PERLODIDAE,FALSE,
PETROPHILA,PETROPHILA,FALSE,
PHAENOPSECTRA,PHAENOPSECTRA,FALSE,
PHORIDAE,PHORIDAE,FALSE,
PHRYGANEA,PHRYGANEA,FALSE,
PHRYGANEIDAE,PHRYGANEIDAE,FALSE,
PHYSA,PHYSIDAE,TRUE,nomenclature change. Sean Sullivan
PHYSELLA,PHYSIDAE,TRUE,nomenclature change. Sean Sullivan
PHYSIDAE,PHYSIDAE,FALSE,
PILARIA,PILARIA,FALSE,
PIONA,PIONA,FALSE,
PISIDIIDAE,SPHAERIIDAE,TRUE,nomenclature change. Sean Sullivan
PISIDIUM,PISIDIUM,FALSE,
PISIDIUM ADAMSI,PISIDIUM,TRUE,genus level recommended by Sean Sullivan
PISIDIUM CASERTANUM,PISIDIUM,TRUE,genus level recommended by Sean Sullivan
PISIDIUM COMPRESSUM,PISIDIUM,TRUE,genus level recommended by Sean Sullivan
PLACOBDELLA,PLACOBDELLA,FALSE,
PLACOBDELLA MONTIFERA,PLACOBDELLA MONTIFERA,FALSE,
PLACOBDELLA MULTILINEATA,PLACOBDELLA MULTILINEATA,FALSE,
PLACOBDELLA ORNATA,PLACOBDELLA ORNATA,FALSE,
PLACOBDELLA PAPILLIFERA,PLACOBDELLA PAPILLIFERA,FALSE,
PLACOBDELLA PARASITICA,PLACOBDELLA PARASITICA,FALSE,
PLACOBDELLA PICTA,PLACOBDELLA PICTA,FALSE,
PLANARIIDAE,PLANARIIDAE,FALSE,
PLANORBELLA,PLANORBELLA,FALSE,
PLANORBIDAE,PLANORBIDAE,FALSE,
PLATAMBUS,PLATAMBUS,FALSE,
PLATHEMIS,PLATHEMIS,FALSE,
PLATYCENTROPUS,PLATYCENTROPUS,FALSE,
PLAUDITUS,PLAUDITUS,FALSE,
PLECOPTERA,PLECOPTERA,FALSE,
PLEIDAE,PLEIDAE,FALSE,
PLUMATELLA,PLUMATELLA,FALSE,NonTarget?
PODURA,PODURA,FALSE,NonTarget? Largely terrestrial
POLYCENTROPODIDAE,POLYCENTROPODIDAE,FALSE,
POLYCENTROPUS,POLYCENTROPUS,FALSE,consider updating in the future
POLYPEDILUM,POLYPEDILUM,FALSE,
POLYPEDILUM AVICEPS,POLYPEDILUM AVICEPS,FALSE,
POLYPEDILUM BERGI,POLYPEDILUM BERGI,FALSE,
POLYPEDILUM CONVICTUM,POLYPEDILUM CONVICTUM GROUP,TRUE,formatting (CAPS and group)
POLYPEDILUM CONVICTUM GROUP,POLYPEDILUM CONVICTUM GROUP,FALSE,
POLYPEDILUM FALLAX,POLYPEDILUM FALLAX GROUP,TRUE,formatting (CAPS and group)
POLYPEDILUM FALLAX GR.,POLYPEDILUM FALLAX GROUP,TRUE,formatting (CAPS and group)
POLYPEDILUM FALLAX GROUP,POLYPEDILUM FALLAX GROUP,FALSE,
POLYPEDILUM FLAVUM,POLYPEDILUM FLAVUM,FALSE,
POLYPEDILUM HALTERALE,POLYPEDILUM HALTERALE GROUP,TRUE,formatting (CAPS and group)
POLYPEDILUM HALTERALE GR.,POLYPEDILUM HALTERALE GROUP,TRUE,formatting (CAPS and group)
POLYPEDILUM HALTERALE GROUP,POLYPEDILUM HALTERALE GROUP,FALSE,
POLYPEDILUM ILLINOENSE,POLYPEDILUM ILLINOENSE GROUP,TRUE,formatting (CAPS and group)
POLYPEDILUM ILLINOENSE GR.,POLYPEDILUM ILLINOENSE GROUP,TRUE,formatting (CAPS and group)
POLYPEDILUM ILLINOENSE GROUP,POLYPEDILUM ILLINOENSE GROUP,FALSE,
POLYPEDILUM LAETUM,POLYPEDILUM LAETUM,FALSE,
POLYPEDILUM SCALAENUM,POLYPEDILUM SCALAENUM GROUP,TRUE,formatting (CAPS and group)
POLYPEDILUM SCALAENUM GR.,POLYPEDILUM SCALAENUM GROUP,TRUE,formatting (CAPS and group)
POLYPEDILUM SCALAENUM GROUP,POLYPEDILUM SCALAENUM GROUP,FALSE,
POLYPEDILUM SIMULANS,POLYPEDILUM SIMULANS,FALSE,
POLYPEDILUM TRIGONUM,POLYPEDILUM TRIGONUM,FALSE,
POLYPEDILUM TRIGONUS,POLYPEDILUM TRIGONUS,FALSE,
POLYPEDILUM TRITUM,POLYPEDILUM TRITUM,FALSE,
POTAMANTHUS,POTAMANTHUS,FALSE,
POTAMILUS ALATUS,POTAMILUS ALATUS,FALSE,
POTAMILUS PURPURATUS,POTAMILUS PURPURATUS,FALSE,
POTAMOTHRIX BAVARICUS,POTAMOTHRIX BAVARICUS,FALSE,
POTAMYIA,POTAMYIA FLAVA,TRUE,One species in NE. Sean Sullivan
POTAMYIA FLAVA,POTAMYIA FLAVA,FALSE,
POTTHASTIA,POTTHASTIA,FALSE,
PRISTINA,PRISTINA,FALSE,
PRISTINA AEQUISETA,PRISTINA AEQUISETA,FALSE,
PRISTINA LONGISETA,PRISTINA LONGISETA,FALSE,
PRISTINA LONGISETA LONGISETA,PRISTINA LONGISETA,TRUE,removed subspecies
PRISTINA LONGISOMA,PRISTINA LONGISOMA,FALSE,
PRISTINA OSBORNI,PRISTINA OSBORNI,FALSE,
PRISTINA SIMA,PRISTINA SIMA,FALSE,
PRISTINELLA,PRISTINELLA,FALSE,
PROBEZZIA,PROBEZZIA,FALSE,
PROCLADIUS,PROCLADIUS,FALSE,
PROCLOEON,PROCLOEON,FALSE,
PRODIAMESA,PRODIAMESA,FALSE,
PROGOMPHUS,PROGOMPHUS,FALSE,
PROGOMPHUS OBSCURUS,PROGOMPHUS OBSCURUS,FALSE,
PROMENETUS,PROMENETUS,FALSE,
PROSTOMA,PROSTOMA,FALSE,
PROSTOMA GRAECENSE,PROSTOMA,TRUE,genus level recommended by Sean Sullivan
PROTANYPUS,PROTANYPUS,FALSE,
PROTOPTILA,PROTOPTILA,FALSE,
PSECTROCLADIUS,PSECTROCLADIUS,FALSE,
PSECTROTANYPUS,PSECTROTANYPUS,FALSE,
PSEPHENIDAE,PSEPHENIDAE,FALSE,
PSEUDIRON CENTRALIS,PSEUDIRON CENTRALIS,FALSE,
PSEUDOCHIRONOMUS,PSEUDOCHIRONOMUS,FALSE,
PSEUDOCLOEON,PSEUDOCLOEON,FALSE,
PSEUDOLIMNOPHILA,PSEUDOLIMNOPHILA,FALSE,
PSEUDORTHOCLADIUS,PSEUDORTHOCLADIUS,FALSE,
PSEUDOSMITTIA,PSEUDOSMITTIA,FALSE,
PSEUDOSTENOPHYLAX,PSEUDOSTENOPHYLAX,FALSE,
PSEUDOSUCCINEA COLUMELLA,PSEUDOSUCCINEA COLUMELLA,FALSE,
PSILOMETRIOCNEMUS,PSILOMETRIOCNEMUS,FALSE,
PSILOMETRIOCNEMUS TRIANNULATUS,PSILOMETRIOCNEMUS TRIANNULATUS,FALSE,questionable ID
PSYCHODA,PSYCHODA,FALSE,
PSYCHODIDAE,PSYCHODIDAE,FALSE,
PTERONARCYIDAE,PTERONARCYIDAE,FALSE,
PTERONARCYS,PTERONARCYS,FALSE,
PTERONARCYS CALIFORNICA,PTERONARCYS CALIFORNICA,FALSE,
PTERONARCYS DORSATA,PTERONARCYS DORSATA,FALSE,
PTILOSTOMIS,PTILOSTOMIS,FALSE,
PTYCHOPTERA,PTYCHOPTERA,FALSE,
PYCNOPSYCHE,PYCNOPSYCHE,FALSE,
PYGANODON GRANDIS,PYGANODON GRANDIS,FALSE,
PYRALIDAE,PYRALIDAE,FALSE,
QUADRULA QUADRULA,QUADRULA QUADRULA,FALSE,
QUISTADRILUS,QUISTADRILUS,FALSE,
QUISTADRILUS MULTISETOSUS,QUISTADRILUS MULTISETOSUS,FALSE,
QUISTRADRILUS,QUISTADRILUS MULTISETOSUS,TRUE,correct spelling per itis.gov
QUISTRADRILUS MULTISETOSUS,QUISTADRILUS MULTISETOSUS,TRUE,correct spelling per itis.gov
RADOTANYPUS,RADOTANYPUS,FALSE,
RANATRA,RANATRA,FALSE,
RHAGOVELIA,RHAGOVELIA,FALSE,
RHAGOVELIA OBESA,RHAGOVELIA,TRUE,genus level recommended by Sean Sullivan
RHANTUS,RHANTUS,FALSE,
RHEOCRICOTOPUS,RHEOCRICOTOPUS,FALSE,
RHEOSMITTIA,RHEOSMITTIA,FALSE,
RHEOTANYTARSUS,RHEOTANYTARSUS,FALSE,
RHEOTANYTARSUS AKRINA,RHEOTANYTARSUS,TRUE,genus level recommended by Sean Sullivan
RHEOTANYTARSUS DISTINCTISSIMUS,RHEOTANYTARSUS,TRUE,genus level recommended by Sean Sullivan
RHEUMATOBATES,RHEUMATOBATES,FALSE,
RHEUMATOBATES RILEYI,RHEUMATOBATES,TRUE,genus level recommended by Sean Sullivan
RHITHROGENA,RHITHROGENA,FALSE,
RHYACOPHILA,RHYACOPHILA,FALSE,
ROBACKIA,ROBACKIA,FALSE,
ROBACKIA DEMEIJEREI,ROBACKIA DEMEIJEREI,FALSE,questionable ID
ROEDERIODES,ROEDERIODES,FALSE,
SAETHERIA,SAETHERIA,FALSE,
SAETHERIA TYLUS,SAETHERIA,TRUE,genus level recommended by Sean Sullivan
SALDA,SALDA,FALSE,NonTarget? Heteroptera
SALDIDAE,SALDIDAE,FALSE,
SALDULA,SALDULA,FALSE,
SARCOPHAGIDAE,SARCOPHAGIDAE,FALSE,NonTarget? Largely terrestrial
SCIOMYZIDAE,SCIOMYZIDAE,FALSE,
SCIRTES,SCIRTES,FALSE,
SCIRTIDAE,SCIRTIDAE,FALSE,
SERRATELLA,SERRATELLA,FALSE,consider updating in the future
SERROMYIA,SERROMYIA,FALSE,
SIALIDAE,SIALIDAE,FALSE,
SIALIS,SIALIS,FALSE,
SIGARA,SIGARA,FALSE,
SIMULIIDAE,SIMULIIDAE,FALSE,
SIMULIUM,SIMULIUM,FALSE,
SIPHLONURIDAE,SIPHLONURIDAE,FALSE,
SIPHLONURUS,SIPHLONURUS,FALSE,
SISYRIDAE,SISYRIDAE,FALSE,
SLAVINA APPENDICULATA,SLAVINA APPENDICULATA,FALSE,
SMITTIA,SMITTIA,FALSE,
SOMATOCHLORA,SOMATOCHLORA,FALSE,
SPARBARUS,SPARBARUS,FALSE,
SPERCHON,SPERCHON,FALSE,
SPERCHONOPSIS,SPERCHONOPSIS,FALSE,
SPERCHONTIDAE,SPERCHONTIDAE,FALSE,
SPERCHOPSIS,SPERCHOPSIS,FALSE,
SPHAERIDIUM,SPHAERIDIUM,FALSE,
SPHAERIIDAE,SPHAERIIDAE,FALSE,
SPHAERIUM,SPHAERIUM,FALSE,
SPHAERIUM STRIATINUM,SPHAERIUM,TRUE,genus level recommended by Sean Sullivan
SPHAEROMIAS,SPHAEROMIAS,FALSE,
SPIROSPERMA,SPIROSPERMA,FALSE,
SPONGILLA,SPONGILLA,FALSE,NonTarget?
STAGNICOLA,STAGNICOLA,FALSE,
STAPHYLINIDAE,STAPHYLINIDAE,FALSE,
STELECHOMYIA,STELECHOMYIA,FALSE,
STEMPELLINA,STEMPELLINA,FALSE,
STEMPELLINELLA,STEMPELLINELLA,FALSE,
STENACRON,STENACRON,FALSE,
STENACRON INTERPUNCTATUM,STENACRON,TRUE,genus level recommended by Sean Sullivan
STENELMIS,STENELMIS,FALSE,
STENELMIS HUMEROSA,STENELMIS,TRUE,genus level recommended by Sean Sullivan
STENOCHIRONOMUS,STENOCHIRONOMUS,FALSE,
STENONEMA,STENONEMA,FALSE,
STENONEMA BIPUNCTATUM,MACCAFFERTIUM BIPUNCTATUM,TRUE,nomenclature change. Sean Sullivan
STENONEMA EXIGUUM,MACCAFFERTIUM EXIGUUM,TRUE,nomenclature change. Sean Sullivan
STENONEMA FEMORATUM,STENONEMA FEMORATUM,FALSE,
STENONEMA INTEGRUM,MACCAFFERTIUM INTEGRUM,TRUE,nomenclature change. Sean Sullivan
STENONEMA MEXICANUM,MACCAFFERTIUM MEXICANUM,TRUE,nomenclature change. Sean Sullivan
STENONEMA PULCHELLUM,MACCAFFERTIUM PULCHELLUM,TRUE,nomenclature change. Sean Sullivan
STENONEMA TERMINATUM,MACCAFFERTIUM TERMINATUM,TRUE,nomenclature change. Sean Sullivan
STENONEMA TRIPUNCTATUM,MACCAFFERTIUM TRIPUNCTATUM,TRUE,nomenclature change. Sean Sullivan
STICTOCHIRONOMUS,STICTOCHIRONOMUS,FALSE,
STICTOCLADIUS,STICTOCLADIUS,FALSE,
STICTOTARSUS,STICTOTARSUS,FALSE,
STILOBEZZIA,CERATOPOGONINAE,TRUE,subfamily level recommended by Sean Sullivan
STILOCLADIUS,STILOCLADIUS,FALSE,
STRATIOMYIDAE,STRATIOMYIDAE,FALSE,
STRATIOMYS,STRATIOMYS,FALSE,
STROPHITUS UNDULATUS,STROPHITUS UNDULATUS,FALSE,
STYLARIA,STYLARIA,FALSE,
STYLARIA FOSSULARIS,STYLARIA FOSSULARIS,FALSE,
STYLARIA LACUSTRIS,STYLARIA LACUSTRIS,FALSE,
STYLOGOMPHUS,STYLOGOMPHUS,FALSE,
STYLURUS,STYLURUS,FALSE,
SUBLETTEA,SUBLETTEA,FALSE,
SYMPETRUM,SYMPETRUM,FALSE,
SYMPHITOPSYCHE,CERATOPSYCHE,TRUE,genus level recommended by Sean Sullivan
SYMPHITOPSYCHE PIATRIX,CERATOPSYCHE,TRUE,genus level recommended by Sean Sullivan
SYMPOTTHASTIA,SYMPOTTHASTIA,FALSE,
SYRPHIDAE,SYRPHIDAE,FALSE,
TABANIDAE,TABANIDAE,FALSE,
TABANUS,TABANUS,FALSE,
TAENIOPTERYX,TAENIOPTERYX,FALSE,
TAENIOPTERYX BURKSI,TAENIOPTERYX,TRUE,genus level recommended by Sean Sullivan
TANYPODINAE,TANYPODINAE,FALSE,
TANYPODINI,TANYPODINI,FALSE,
TANYPUS,TANYPUS,FALSE,
TANYPUS CLAVATUS,TANYPUS,TRUE,genus level recommended by Sean Sullivan
TANYPUS PUNCTIPENNIS,TANYPUS,TRUE,genus level recommended by Sean Sullivan
TANYTARSINI,TANYTARSINI,FALSE,
TANYTARSUS,TANYTARSUS,FALSE,
TASSERKIDRILUS SUPERIORENSIS,TASSERKIDRILUS SUPERIORENSIS,FALSE,
TELEBASIS,TELEBASIS,FALSE,
TELOPELOPIA,TELOPELOPIA OKOBOJI,TRUE,One species in NE. Sean Sullivan
TELOPELOPIA OKOBOJI,TELOPELOPIA OKOBOJI,FALSE,
THERMONECTUS,THERMONECTUS,FALSE,
THIENEMANNIA,THIENEMANNIA,FALSE,
THIENEMANNIELLA,THIENEMANNIELLA,FALSE,
THIENEMANNIMYIA,THIENEMANNIMYIA GROUP,TRUE,formatting (CAPS and group)
THIENEMANNIMYIA GR.,THIENEMANNIMYIA GROUP,TRUE,formatting (CAPS and group)
THIENEMANNIMYIA GROUP,THIENEMANNIMYIA GROUP,FALSE,
THIENEMANNIMYIA SENATA,THIENEMANNIMYIA SENATA,FALSE,
TIPULA,TIPULA,FALSE,
TIPULIDAE,TIPULIDAE,FALSE,
TIPULOIDEA,TIPULOIDEA,FALSE,"Superfamily, Tipulidae taxonomy"
TORTOPUS,TORTOPUS,FALSE,
TOXORHYNCHITES,TOXORHYNCHITES,FALSE,
TREPAXONEMATA,TREPAXONEMATA,FALSE,
TREPOBATES,TREPOBATES,FALSE,
TRIAENODES,TRIAENODES,FALSE,
TRIAENODES TARDUS,TRIAENODES,TRUE,genus level recommended by Sean Sullivan
TRIBELOS,TRIBELOS,FALSE,
TRICHOCORIXA,TRICHOCORIXA,FALSE,
TRICHOPTERA,TRICHOPTERA,FALSE,
TRICHOTANYPUS,TRICHOTANYPUS,FALSE,
TRICORYTHIDAE,LEPTOHYPHIDAE,TRUE,nomenclature change. Sean Sullivan
TRICORYTHODES,TRICORYTHODES,FALSE,
TRICYPHONA,TRICYPHONA,FALSE,
TRIDACTYLIDAE,TRIDACTYLIDAE,FALSE,NonTarget? Largely terrestrial
TRISSOPELOPIA,TRISSOPELOPIA,FALSE,
TRITOGONIA VERRUCOSA,TRITOGONIA VERRUCOSA,FALSE,
TROPISTERNUS,TROPISTERNUS,FALSE,
TUBIFEX TUBIFEX,TUBIFEX TUBIFEX,FALSE,
TUBIFICIDAE,TUBIFICIDAE,FALSE,
TUBIFICINAE,TUBIFICINAE,FALSE,
TURBELLARIA,TREPAXONEMATA,TRUE,nomenclature change. Sean Sullivan
TVETENIA,TVETENIA,FALSE,
TVETENIA BAVARICA,TVETENIA BAVARICA GROUP,TRUE,formatting (CAPS and group)
TVETENIA BAVARICA GR.,TVETENIA BAVARICA GROUP,TRUE,formatting (CAPS and group)
TVETENIA BAVARICA GROUP,TVETENIA BAVARICA GROUP,FALSE,
TVETENIA VITRACIES,TVETENIA VITRACIES,FALSE,
TYRRELLIA,TYRRELLIA,FALSE,
UNCINAIS UNCINATA,UNCINAIS UNCINATA,FALSE,
UNIOMERUS TETRALASMUS,UNIOMERUS TETRALASMUS,FALSE,
UNIONICOLA,UNIONICOLA,FALSE,
UNIONIDAE,UNIONIDAE,FALSE,
UTTERBACKIA IMBECILLIS,UTTERBACKIA IMBECILLIS,FALSE,
UVARUS,UVARUS,FALSE,
VALVATA,VALVATA,FALSE,
VALVATA TRICARINATA,VALVATA TRICARINATA,FALSE,
VEJDOVSKYELLA,VEJDOVSKYELLA,FALSE,
VELIIDAE,VELIIDAE,FALSE,
WAPSA MOBILIS,PARANAIS,TRUE,nomenclature change
WILLIAMSONIA,WILLIAMSONIA,FALSE,
WORMALDIA,WORMALDIA,FALSE,
XENOCHIRONOMUS,XENOCHIRONOMUS XENOLABIS,TRUE,One species in NE. Sean Sullivan
XENOCHIRONOMUS XENOLABIS,XENOCHIRONOMUS XENOLABIS,FALSE,
ZAITZEVIA,ZAITZEVIA,FALSE,
ZAPADA CINCTIPES,ZAPADA CINCTIPES,FALSE,
ZAVRELIA,ZAVRELIA,FALSE,
ZAVRELIELLA MARMORATA,ZAVRELIELLA MARMORATA,FALSE,
ZAVRELIMYIA,ZAVRELIMYIA,FALSE,
ZEALEUCTRA CLAASSENI,ZEALEUCTRA CLAASSENI,FALSE,
ZYGOPTERA,ZYGOPTERA,FALSE,
