TaxaID_orig,Name type,OTU_BCG,Modified_BCG,Rationale
ALOSA CHRYSOCHLORIS,scientific,ALOSA CHRYSOCHLORIS,FALSE,
SKIPJACK HERRING,common,ALOSA CHRYSOCHLORIS,TRUE,common to scientific name
ALOSA PSEUDOHARENGUS,scientific,ALOSA PSEUDOHARENGUS,FALSE,
ALEWIFE,common,ALOSA PSEUDOHARENGUS,TRUE,common to scientific name
AMBLOPLITES ARIOMMUS,scientific,AMBLOPLITES ARIOMMUS,FALSE,
SHADOW BASS,common,AMBLOPLITES ARIOMMUS,TRUE,common to scientific name
AMBLOPLITES CONSTELLATUS,scientific,AMBLOPLITES CONSTELLATUS,FALSE,
OZARK BASS,common,AMBLOPLITES CONSTELLATUS,TRUE,common to scientific name
AMBLOPLITES RUPESTRIS,scientific,AMBLOPLITES RUPESTRIS,FALSE,
ROCK BASS,common,AMBLOPLITES RUPESTRIS,TRUE,common to scientific name
AMEIURUS,scientific,AMEIURUS,FALSE,
BULLHEADS,common,AMEIURUS,TRUE,common to scientific name
AMEIURUS SPP.,scientific,AMEIURUS,TRUE,syntax
AMEIURUS MELAS,scientific,AMEIURUS MELAS,FALSE,
BLACK BULLHEAD,common,AMEIURUS MELAS,TRUE,common to scientific name
AMEIURUS NATALIS,scientific,AMEIURUS NATALIS,FALSE,
YELLOW BULLHEAD,common,AMEIURUS NATALIS,TRUE,common to scientific name
AMEIURUS NEBULOSUS,scientific,AMEIURUS NEBULOSUS,FALSE,
BROWN BULLHEAD,common,AMEIURUS NEBULOSUS,TRUE,common to scientific name
AMIA CALVA,scientific,AMIA CALVA,FALSE,
BOWFIN,common,AMIA CALVA,TRUE,common to scientific name
AMMOCRYPTA CLARA,scientific,AMMOCRYPTA CLARA,FALSE,
WESTERN SAND DARTER,common,AMMOCRYPTA CLARA,TRUE,common to scientific name
AMMOCRYPTA CLARUM,scientific,AMMOCRYPTA CLARA,TRUE,slight name difference
AMMOCRYPTA VIVAX,scientific,AMMOCRYPTA VIVAX,FALSE,
SCALY SAND DARTER,common,AMMOCRYPTA VIVAX,TRUE,common to scientific name
ANGUILLA ROSTRATA,scientific,ANGUILLA ROSTRATA,FALSE,
AMERICAN EEL,common,ANGUILLA ROSTRATA,TRUE,common to scientific name
APHREDODERUS SAYANUS,scientific,APHREDODERUS SAYANUS,FALSE,
PIRATE PERCH,common,APHREDODERUS SAYANUS,TRUE,common to scientific name
APLODINOTUS GRUNNIENS,scientific,APLODINOTUS GRUNNIENS,FALSE,
FRESHWATER DRUM,common,APLODINOTUS GRUNNIENS,TRUE,common to scientific name
APODINOTUS GRUNNIENS,scientific,APLODINOTUS GRUNNIENS,TRUE,misspelling
ATRACTOSTEUS SPATULA,scientific,ATRACTOSTEUS SPATULA,FALSE,
ALLIGATOR GAR,common,ATRACTOSTEUS SPATULA,TRUE,common to scientific name
CAMPOSTOMA,scientific,CAMPOSTOMA,FALSE,
STONEROLLERS,common,CAMPOSTOMA,TRUE,common to scientific name
CAMPOSTOMA SP,scientific,CAMPOSTOMA,TRUE,syntax
CAMPOSTOMA SP.,scientific,CAMPOSTOMA,TRUE,syntax
CAMPOSTOMA SPP.,scientific,CAMPOSTOMA,TRUE,syntax
CAMPOSTOMA ANOMALUM,scientific,CAMPOSTOMA ANOMALUM,FALSE,
CENTRAL STONEROLLER,common,CAMPOSTOMA ANOMALUM,TRUE,common to scientific name
CAMPOSTOMA ANOMALUM PULLUM,scientific,CAMPOSTOMA ANOMALUM,TRUE,removed sub-species
CAMPOSTOMA ANOMALUM X RHINICHTHYS ATRATULUS,scientific,CAMPOSTOMA ANOMALUM X RHINICHTHYS ATRATULUS,FALSE,
CENTRAL STONEROLLER X BLACKNOSE DACE,common,CAMPOSTOMA ANOMALUM X RHINICHTHYS ATRATULUS,TRUE,common to scientific name
CENTRAL STONEROLLER X BLACKNOSE DACE HYBRID,common,CAMPOSTOMA ANOMALUM X RHINICHTHYS ATRATULUS,TRUE,common to scientific name
CAMPOSTOMA X RHINICHTHYS ANOMALUM X ATRATULUS,scientific,CAMPOSTOMA ANOMALUM X RHINICHTHYS ATRATULUS,TRUE,naming scheme
CAMPOSTOMA OLIGOLEPIS,scientific,CAMPOSTOMA OLIGOLEPIS,FALSE,
LARGESCALE STONEROLLER,common,CAMPOSTOMA OLIGOLEPIS,TRUE,common to scientific name
CARASSIUS AURATUS,scientific,CARASSIUS AURATUS,FALSE,
GOLDFISH,common,CARASSIUS AURATUS,TRUE,common to scientific name
CARASSIUS AURATUS KOI - ORANGE,scientific,CARASSIUS AURATUS,TRUE,naming scheme
CARPIODES,scientific,CARPIODES,FALSE,
CARPSUCKER,common,CARPIODES,TRUE,common to scientific name
CARPSUCKER (UNIDENTIFIED),common,CARPIODES,TRUE,common to scientific name
CARPIODES SP.,scientific,CARPIODES,TRUE,syntax
CARPIODES SPP.,scientific,CARPIODES,TRUE,syntax
CARPIODES CARPIO,scientific,CARPIODES CARPIO,FALSE,
RIVER CARPSUCKER,common,CARPIODES CARPIO,TRUE,common to scientific name
CARPOIDES CARPIO,scientific,CARPIODES CARPIO,TRUE,misspelling
CARPIODES CYPRINUS,scientific,CARPIODES CYPRINUS,FALSE,
QUILLBACK,common,CARPIODES CYPRINUS,TRUE,common to scientific name
CARPIODES VELIFER,scientific,CARPIODES VELIFER,FALSE,
HIGHFIN CARPSUCKER,common,CARPIODES VELIFER,TRUE,common to scientific name
CATOSTOMIDAE,scientific,CATOSTOMIDAE,FALSE,
JUV CATASTOMIDS (UNIDENTIFIED),common,CATOSTOMIDAE,TRUE,common to scientific name
SUCKER,common,CATOSTOMIDAE,TRUE,common to scientific name
SUCKER (UNIDENTIFIED),common,CATOSTOMIDAE,TRUE,common to scientific name
CATOSTOMIDAE - UNIDENTIFIED,scientific,CATOSTOMIDAE,TRUE,naming scheme
CATOSTOMUS CATOSTOMUS,scientific,CATOSTOMUS CATOSTOMUS,FALSE,
LONGNOSE SUCKER,common,CATOSTOMUS CATOSTOMUS,TRUE,common to scientific name
CATOSTOMUS COMMERSONII,scientific,CATOSTOMUS COMMERSONII,FALSE,
WHITE SUCKER,common,CATOSTOMUS COMMERSONII,TRUE,common to scientific name
CATOSTOMUS COMMERSONI,scientific,CATOSTOMUS COMMERSONII,TRUE,misspelling
CENTRARCHUS MACROPTERUS,scientific,CENTRARCHUS MACROPTERUS,FALSE,
FLIER,common,CENTRARCHUS MACROPTERUS,TRUE,common to scientific name
CHROSOMUS,scientific,CHROSOMUS,FALSE,
DACE,common,CHROSOMUS,TRUE,common to scientific name
CHROSOMUS EOS,scientific,CHROSOMUS EOS,FALSE,
NORTHERN REDBELLY DACE,common,CHROSOMUS EOS,TRUE,common to scientific name
CHROSOMUS ERYTHROGASTER,scientific,CHROSOMUS ERYTHROGASTER,FALSE,
SOUTHERN REDBELLY DACE,common,CHROSOMUS ERYTHROGASTER,TRUE,common to scientific name
PHOXINUS ERYTHROGASTER,scientific,CHROSOMUS ERYTHROGASTER,TRUE,nomenclature (genus)
CHROSOMUS NEOGAEUS,scientific,CHROSOMUS NEOGAEUS,FALSE,
FINESCALE DACE,common,CHROSOMUS NEOGAEUS,TRUE,common to scientific name
CLINOSTOMUS ELONGATUS,scientific,CLINOSTOMUS ELONGATUS,FALSE,
REDSIDE DACE,common,CLINOSTOMUS ELONGATUS,TRUE,common to scientific name
COTTUS,scientific,COTTUS,FALSE,
SCULPIN,common,COTTUS,TRUE,common to scientific name
COTTUS SPP.,scientific,COTTUS,TRUE,syntax
COTTUS BAIRDII,scientific,COTTUS BAIRDII,FALSE,
MOTTLED SCULPIN,common,COTTUS BAIRDII,TRUE,common to scientific name
COTTUS BAIRDI,scientific,COTTUS BAIRDII,TRUE,misspelling
COTTUS CAROLINAE,scientific,COTTUS CAROLINAE,FALSE,
BANDED SCULPIN,common,COTTUS CAROLINAE,TRUE,common to scientific name
COTTUS COGNATUS,scientific,COTTUS COGNATUS,FALSE,
SLIMY SCULPIN,common,COTTUS COGNATUS,TRUE,common to scientific name
COTTUS HYPSELURUS,scientific,COTTUS HYPSELURUS,FALSE,
OZARK SCULPIN,common,COTTUS HYPSELURUS,TRUE,common to scientific name
COTTUS IMMACULATUS,scientific,COTTUS IMMACULATUS,FALSE,
KNOBFIN SCULPIN,common,COTTUS IMMACULATUS,TRUE,common to scientific name
COTTUS SPECUS,scientific,COTTUS SPECUS,FALSE,
GROTTO SCULPIN,common,COTTUS SPECUS,TRUE,common to scientific name
CRYSTALLARIA ASPRELLA,scientific,CRYSTALLARIA ASPRELLA,FALSE,
CRYSTAL DARTER,common,CRYSTALLARIA ASPRELLA,TRUE,common to scientific name
CTENOPHARYNGODON IDELLA,scientific,CTENOPHARYNGODON IDELLA,FALSE,
GRASS CARP,common,CTENOPHARYNGODON IDELLA,TRUE,common to scientific name
CTENOPHARYNODON IDELLA,scientific,CTENOPHARYNGODON IDELLA,TRUE,misspelling
CULAEA INCONSTANS,scientific,CULAEA INCONSTANS,FALSE,
BROOK STICKLEBACK,common,CULAEA INCONSTANS,TRUE,common to scientific name
CYCLEPTUS ELONGATUS,scientific,CYCLEPTUS ELONGATUS,FALSE,
BLUE SUCKER,common,CYCLEPTUS ELONGATUS,TRUE,common to scientific name
CYCLEPTUS ELONGUS,scientific,CYCLEPTUS ELONGATUS,TRUE,misspelling
CYPRINELLA,scientific,CYPRINELLA,FALSE,
SATINFIN SHINERS,common,CYPRINELLA,TRUE,common to scientific name
CYPRINELLA SP.,scientific,CYPRINELLA,TRUE,syntax
CYPRINELLA SPP.,scientific,CYPRINELLA,TRUE,syntax
CYPRINELLA CAMURA,scientific,CYPRINELLA CAMURA,FALSE,
BLUNTFACE SHINER,common,CYPRINELLA CAMURA,TRUE,common to scientific name
CYPRINELLA GALACTURA,scientific,CYPRINELLA GALACTURA,FALSE,
WHITETAIL SHINER,common,CYPRINELLA GALACTURA,TRUE,common to scientific name
CYPRINELLA LUTRENSIS,scientific,CYPRINELLA LUTRENSIS,FALSE,
RED SHINER,common,CYPRINELLA LUTRENSIS,TRUE,common to scientific name
CYPRINELLA LUTRENSIS X SPILOPTERA,scientific,CYPRINELLA LUTRENSIS X SPILOPTERA,FALSE,
HYBRID: RED SHINER X SPOTFIN SHINER,common,CYPRINELLA LUTRENSIS X SPILOPTERA,TRUE,common to scientific name
RED SHINER X SPOTFIN SHINER,common,CYPRINELLA LUTRENSIS X SPILOPTERA,TRUE,common to scientific name
CYPRINELLA SPILOPTERA,scientific,CYPRINELLA SPILOPTERA,FALSE,
SPOTFIN SHINER,common,CYPRINELLA SPILOPTERA,TRUE,common to scientific name
CYPRINELLA VENUSTA,scientific,CYPRINELLA VENUSTA,FALSE,
BLACKTAIL SHINER,common,CYPRINELLA VENUSTA,TRUE,common to scientific name
CYPRINELLA VENUSTUS,scientific,CYPRINELLA VENUSTA,TRUE,slight name difference
CYPRINELLA WHIPPLEI,scientific,CYPRINELLA WHIPPLEI,FALSE,
STEELCOLOR SHINER,common,CYPRINELLA WHIPPLEI,TRUE,common to scientific name
CYPRINIDAE,scientific,CYPRINIDAE,FALSE,
MINNOW (UNIDENTIFIED),common,CYPRINIDAE,TRUE,common to scientific name
MINNOWS AND CARPS,common,CYPRINIDAE,TRUE,common to scientific name
CYPRINIDAE - UNIDENTIFIED,scientific,CYPRINIDAE,TRUE,naming scheme
CYPRINIDAE HYBRID,scientific,CYPRINIDAE HYBRID,FALSE,
HYBRID MINNOW,common,CYPRINIDAE HYBRID,TRUE,common to scientific name
HYBRID MINNOWS,common,CYPRINIDAE HYBRID,TRUE,common to scientific name
HYBRID MINNOWS AND CARPS,common,CYPRINIDAE HYBRID,TRUE,common to scientific name
CYPRINODON RUBROFLUVIATILIS,scientific,CYPRINODON RUBROFLUVIATILIS,FALSE,
RED RIVER PUPFISH,common,CYPRINODON RUBROFLUVIATILIS,TRUE,common to scientific name
CYPRINUS CARPIO,scientific,CYPRINUS CARPIO,FALSE,
COMMON CARP,common,CYPRINUS CARPIO,TRUE,common to scientific name
DOROSOMA,scientific,DOROSOMA,FALSE,
SHAD,common,DOROSOMA,TRUE,common to scientific name
SHAD (UNIDENTIFIED),common,DOROSOMA,TRUE,common to scientific name
DOROSOMA SP.,scientific,DOROSOMA,TRUE,syntax
DOROSOMA CEPEDIANUM,scientific,DOROSOMA CEPEDIANUM,FALSE,
GIZZARD SHAD,common,DOROSOMA CEPEDIANUM,TRUE,common to scientific name
DOROSOMA PETENENSE,scientific,DOROSOMA PETENENSE,FALSE,
THREADFIN SHAD,common,DOROSOMA PETENENSE,TRUE,common to scientific name
ELASSOMA ZONATUM,scientific,ELASSOMA ZONATUM,FALSE,
BANDED PYGMY SUNFISH,common,ELASSOMA ZONATUM,TRUE,common to scientific name
ERIMYSTAX HARRYI,scientific,ERIMYSTAX HARRYI,FALSE,
OZARK CHUB,common,ERIMYSTAX HARRYI,TRUE,common to scientific name
ERIMYSTAX X-PUNCTATUS,scientific,ERIMYSTAX X-PUNCTATUS,FALSE,
GRAVEL CHUB,common,ERIMYSTAX X-PUNCTATUS,TRUE,common to scientific name
ERIMYZON CLAVIFORMIS,scientific,ERIMYZON CLAVIFORMIS,FALSE,
WESTERN CREEK CHUBSUCKER,common,ERIMYZON CLAVIFORMIS,TRUE,common to scientific name
ERIMYZON OBLONGUS,scientific,ERIMYZON OBLONGUS,FALSE,
CREEK CHUBSUCKER,common,ERIMYZON OBLONGUS,TRUE,common to scientific name
ERIMYZON SUCETTA,scientific,ERIMYZON SUCETTA,FALSE,
LAKE CHUBSUCKER,common,ERIMYZON SUCETTA,TRUE,common to scientific name
ESOX AMERICANUS,scientific,ESOX AMERICANUS,FALSE,
REDFIN OR GRASS PICKEREL,common,ESOX AMERICANUS,TRUE,common to scientific name
ESOX AMERICANUS VERMICULATUS,scientific,ESOX AMERICANUS,TRUE,removed sub-species
ESOX LUCIUS,scientific,ESOX LUCIUS,FALSE,
NORTHERN PIKE,common,ESOX LUCIUS,TRUE,common to scientific name
ESOX MASQUINONGY,scientific,ESOX MASQUINONGY,FALSE,
MUSKELLUNGE,common,ESOX MASQUINONGY,TRUE,common to scientific name
ESOX NIGER,scientific,ESOX NIGER,FALSE,
CHAIN PICKEREL,common,ESOX NIGER,TRUE,common to scientific name
ETHEOSTOMA,scientific,ETHEOSTOMA,FALSE,
DARTER,common,ETHEOSTOMA,TRUE,common to scientific name
ETHEOSTOMA ARTESIAE,scientific,ETHEOSTOMA ARTESIAE,FALSE,
REDSPOT DARTER,common,ETHEOSTOMA ARTESIAE,TRUE,common to scientific name
ETHEOSTOMA ASPRIGENE,scientific,ETHEOSTOMA ASPRIGENE,FALSE,
MUD DARTER,common,ETHEOSTOMA ASPRIGENE,TRUE,common to scientific name
ETHEOSTOMA AUTUMNALE,scientific,ETHEOSTOMA AUTUMNALE,FALSE,
AUTUMN DARTER,common,ETHEOSTOMA AUTUMNALE,TRUE,common to scientific name
ETHEOSTOMA BLENNIOIDES,scientific,ETHEOSTOMA BLENNIOIDES,FALSE,
GREENSIDE DARTER,common,ETHEOSTOMA BLENNIOIDES,TRUE,common to scientific name
ETHEOSTOMA BURRI,scientific,ETHEOSTOMA BURRI,FALSE,
BROOK DARTER,common,ETHEOSTOMA BURRI,TRUE,common to scientific name
ETHEOSTOMA CAERULEUM,scientific,ETHEOSTOMA CAERULEUM,FALSE,
RAINBOW DARTER,common,ETHEOSTOMA CAERULEUM,TRUE,common to scientific name
ETHEOSTOMA CHLOROSOMA,scientific,ETHEOSTOMA CHLOROSOMA,FALSE,
BLUNTNOSE DARTER,common,ETHEOSTOMA CHLOROSOMA,TRUE,common to scientific name
ETHEOSTOMA CHLOROSOMUM,scientific,ETHEOSTOMA CHLOROSOMA,TRUE,slight name difference
ETHEOSTOMA COLLETTEI,scientific,ETHEOSTOMA COLLETTEI,FALSE,
CREOLE DARTER,common,ETHEOSTOMA COLLETTEI,TRUE,common to scientific name
ETHEOSTOMA CRAGINI,scientific,ETHEOSTOMA CRAGINI,FALSE,
ARKANSAS DARTER,common,ETHEOSTOMA CRAGINI,TRUE,common to scientific name
ETHEOSTOMA ERYTHROZONUM,scientific,ETHEOSTOMA ERYTHROZONUM,FALSE,
MERAMEC SADDLED DARTER,common,ETHEOSTOMA ERYTHROZONUM,TRUE,common to scientific name
ETHEOSTOMA EUZONUM,scientific,ETHEOSTOMA EUZONUM,FALSE,
ARKANSAS SADDLED DARTER,common,ETHEOSTOMA EUZONUM,TRUE,common to scientific name
ETHEOSTOMA EXILE,scientific,ETHEOSTOMA EXILE,FALSE,
IOWA DARTER,common,ETHEOSTOMA EXILE,TRUE,common to scientific name
ETHEOSTOMA FLABELLARE,scientific,ETHEOSTOMA FLABELLARE,FALSE,
FANTAIL DARTER,common,ETHEOSTOMA FLABELLARE,TRUE,common to scientific name
ETHEOSTOMA FLABELLARE FLABELLARE,scientific,ETHEOSTOMA FLABELLARE FLABELLARE,FALSE,
BARRED FANTAIL DARTER,common,ETHEOSTOMA FLABELLARE FLABELLARE,TRUE,common to scientific name
ETHEOSTOMA FLABELLARE LINEOLATUM,scientific,ETHEOSTOMA FLABELLARE LINEOLATUM,FALSE,
STRIPED FANTAIL DARTER,common,ETHEOSTOMA FLABELLARE LINEOLATUM,TRUE,common to scientific name
ETHEOSTOMA FUSIFORME,scientific,ETHEOSTOMA FUSIFORME,FALSE,
SWAMP DARTER,common,ETHEOSTOMA FUSIFORME,TRUE,common to scientific name
ETHEOSTOMA GRACILE,scientific,ETHEOSTOMA GRACILE,FALSE,
SLOUGH DARTER,common,ETHEOSTOMA GRACILE,TRUE,common to scientific name
ETHEOSTOMA HISTRIO,scientific,ETHEOSTOMA HISTRIO,FALSE,
HARLEQUIN DARTER,common,ETHEOSTOMA HISTRIO,TRUE,common to scientific name
ETHEOSTOMA MICROPERCA,scientific,ETHEOSTOMA MICROPERCA,FALSE,
LEAST DARTER,common,ETHEOSTOMA MICROPERCA,TRUE,common to scientific name
ETHEOSTOMA MIHILEZE,scientific,ETHEOSTOMA MIHILEZE,FALSE,
SUNBURST DARTER,common,ETHEOSTOMA MIHILEZE,TRUE,common to scientific name
ETHEOSTOMA NIANGUAE,scientific,ETHEOSTOMA NIANGUAE,FALSE,
NIANGUA DARTER,common,ETHEOSTOMA NIANGUAE,TRUE,common to scientific name
ETHEOSTOMA NIGRUM,scientific,ETHEOSTOMA NIGRUM,FALSE,
JOHNNY DARTER,common,ETHEOSTOMA NIGRUM,TRUE,common to scientific name
ETHEOSTOMA PARVIPINNE,scientific,ETHEOSTOMA PARVIPINNE,FALSE,
GOLDSTRIPE DARTER,common,ETHEOSTOMA PARVIPINNE,TRUE,common to scientific name
ETHEOSTOMA PROELIARE,scientific,ETHEOSTOMA PROELIARE,FALSE,
CYPRESS DARTER,common,ETHEOSTOMA PROELIARE,TRUE,common to scientific name
ETHEOSTOMA PROLIERE,scientific,ETHEOSTOMA PROELIARE,TRUE,misspelling
ETHEOSTOMA PUNCTULATUM,scientific,ETHEOSTOMA PUNCTULATUM,FALSE,
STIPPLED DARTER,common,ETHEOSTOMA PUNCTULATUM,TRUE,common to scientific name
ETHEOSTOMA RADIOSUM,scientific,ETHEOSTOMA RADIOSUM,FALSE,
ORANGEBELLY DARTER,common,ETHEOSTOMA RADIOSUM,TRUE,common to scientific name
ETHEOSTOMA SPECTABILE,scientific,ETHEOSTOMA SPECTABILE,FALSE,
ORANGETHROAT DARTER,common,ETHEOSTOMA SPECTABILE,TRUE,common to scientific name
ETHEOSTOMA STIGMAEUM,scientific,ETHEOSTOMA STIGMAEUM,FALSE,
SPECKLED DARTER,common,ETHEOSTOMA STIGMAEUM,TRUE,common to scientific name
ETHEOSTOMA TEDDYROOSEVELT,scientific,ETHEOSTOMA TEDDYROOSEVELT,FALSE,
HIGHLAND DARTER,common,ETHEOSTOMA TEDDYROOSEVELT,TRUE,common to scientific name
ETHEOSTOMA TETRAZONUM,scientific,ETHEOSTOMA TETRAZONUM,FALSE,
MISSOURI SADDLED DARTER,common,ETHEOSTOMA TETRAZONUM,TRUE,common to scientific name
ETHEOSTOMA UNIPORUM,scientific,ETHEOSTOMA UNIPORUM,FALSE,
CURRENT DARTER,common,ETHEOSTOMA UNIPORUM,TRUE,common to scientific name
ETHEOSTOMA WHIPPLEI,scientific,ETHEOSTOMA WHIPPLEI,FALSE,
REDFIN DARTER,common,ETHEOSTOMA WHIPPLEI,TRUE,common to scientific name
ETHEOSTOMA ZONALE,scientific,ETHEOSTOMA ZONALE,FALSE,
BANDED DARTER,common,ETHEOSTOMA ZONALE,TRUE,common to scientific name
FUNDULUS,scientific,FUNDULUS,FALSE,
TOPMINNOWS,common,FUNDULUS,TRUE,common to scientific name
FUNDULUS CATENATUS,scientific,FUNDULUS CATENATUS,FALSE,
NORTHERN STUDFISH,common,FUNDULUS CATENATUS,TRUE,common to scientific name
FUNDULUS CHRYSOTUS,scientific,FUNDULUS CHRYSOTUS,FALSE,
GOLDEN TOPMINNOW,common,FUNDULUS CHRYSOTUS,TRUE,common to scientific name
FUNDULUS DISPAR,scientific,FUNDULUS DISPAR,FALSE,
STARHEAD TOPMINNOW,common,FUNDULUS DISPAR,TRUE,common to scientific name
FUNDULUS KANSAE,scientific,FUNDULUS KANSAE,FALSE,
NORTHERN PLAINS KILLIFISH,common,FUNDULUS KANSAE,TRUE,common to scientific name
FUNDULUS KANSII,scientific,FUNDULUS KANSAE,TRUE,slight name difference
FUNDULUS NOTATUS,scientific,FUNDULUS NOTATUS,FALSE,
BLACKSTRIPE TOPMINNOW,common,FUNDULUS NOTATUS,TRUE,common to scientific name
FUNDULUS OLIVACEUS,scientific,FUNDULUS OLIVACEUS,FALSE,
BLACKSPOTTED TOPMINNOW,common,FUNDULUS OLIVACEUS,TRUE,common to scientific name
FUNDULUS SCIADICUS,scientific,FUNDULUS SCIADICUS,FALSE,
PLAINS TOPMINNOW,common,FUNDULUS SCIADICUS,TRUE,common to scientific name
FUNDULUS ZEBRINUS,scientific,FUNDULUS ZEBRINUS,FALSE,
PLAINS KILLIFISH,common,FUNDULUS ZEBRINUS,TRUE,common to scientific name
GAMBUSIA AFFINIS,scientific,GAMBUSIA AFFINIS,FALSE,
WESTERN MOSQUITOFISH,common,GAMBUSIA AFFINIS,TRUE,common to scientific name
GUMBUSIA AFFINIS,scientific,GAMBUSIA AFFINIS,TRUE,misspelling
HIODON ALOSOIDES,scientific,HIODON ALOSOIDES,FALSE,
GOLDEYE,common,HIODON ALOSOIDES,TRUE,common to scientific name
HIODON TERGISUS,scientific,HIODON TERGISUS,FALSE,
MOONEYE,common,HIODON TERGISUS,TRUE,common to scientific name
HYBOGNATHUS,scientific,HYBOGNATHUS,FALSE,
SILVERY MINNOW,common,HYBOGNATHUS,TRUE,common to scientific name
HYBOGNATHUS SPP.,scientific,HYBOGNATHUS,TRUE,syntax
HYBOGNATHUS ARGYRITIS,scientific,HYBOGNATHUS ARGYRITIS,FALSE,
WESTERN SILVERY MINNOW,common,HYBOGNATHUS ARGYRITIS,TRUE,common to scientific name
HYBOGNATHUS HANKINSONI,scientific,HYBOGNATHUS HANKINSONI,FALSE,
BRASSY MINNOW,common,HYBOGNATHUS HANKINSONI,TRUE,common to scientific name
HYBOGNATHUS HAYI,scientific,HYBOGNATHUS HAYI,FALSE,
CYPRESS MINNOW,common,HYBOGNATHUS HAYI,TRUE,common to scientific name
HYBOGNATHUS NUCHALIS,scientific,HYBOGNATHUS NUCHALIS,FALSE,
MISSISSIPPI SILVERY MINNOW,common,HYBOGNATHUS NUCHALIS,TRUE,common to scientific name
HYBOGNATHUS PLACITUS,scientific,HYBOGNATHUS PLACITUS,FALSE,
PLAINS MINNOW,common,HYBOGNATHUS PLACITUS,TRUE,common to scientific name
HYBOPSIS AMBLOPS,scientific,HYBOPSIS AMBLOPS,FALSE,
BIGEYE CHUB,common,HYBOPSIS AMBLOPS,TRUE,common to scientific name
HYBOPSIS AMNIS,scientific,HYBOPSIS AMNIS,FALSE,
PALLID SHINER,common,HYBOPSIS AMNIS,TRUE,common to scientific name
HYBOPSIS DORSALIS,scientific,HYBOPSIS DORSALIS,FALSE,
BIGMOUTH SHINER,common,HYBOPSIS DORSALIS,TRUE,common to scientific name
NOTROPIS DORSALIS,scientific,HYBOPSIS DORSALIS,TRUE,nomenclature (genus)
HYPENTELIUM NIGRICANS,scientific,HYPENTELIUM NIGRICANS,FALSE,
NORTHERN HOG SUCKER,common,HYPENTELIUM NIGRICANS,TRUE,common to scientific name
HYPOPHTHALMICHTHYS MOLITRIX,scientific,HYPOPHTHALMICHTHYS MOLITRIX,FALSE,
SILVER CARP,common,HYPOPHTHALMICHTHYS MOLITRIX,TRUE,common to scientific name
HYPOPHTHALMICHTHYS NOBILIS,scientific,HYPOPHTHALMICHTHYS NOBILIS,FALSE,
HYPOPHTHALMICHTHYS NOBILIS X MOLITRIX,scientific,HYPOPHTHALMICHTHYS NOBILIS X MOLITRIX,FALSE,
BIGHEAD CARP,common,HYPOPHTHALMICHTHYS NOBILIS,TRUE,common to scientific name
BIGHEAD CARP X SILVER CARP,common,HYPOPHTHALMICHTHYS NOBILIS X MOLITRIX,TRUE,common to scientific name
ICHTHYOMYZON,scientific,ICHTHYOMYZON,FALSE,
LAMPREY ICHTHYOMYZON,common,ICHTHYOMYZON,TRUE,common to scientific name
ICHTHYOMYZON SP,scientific,ICHTHYOMYZON,TRUE,syntax
ICHTHYOMYZON SP.,scientific,ICHTHYOMYZON,TRUE,syntax
ICHTHYOMYZON CASTANEUS,scientific,ICHTHYOMYZON CASTANEUS,FALSE,
CHESTNUT LAMPREY,common,ICHTHYOMYZON CASTANEUS,TRUE,common to scientific name
ICHTHYOMYZON FOSSOR,scientific,ICHTHYOMYZON FOSSOR,FALSE,
NORTHERN BROOK LAMPREY,common,ICHTHYOMYZON FOSSOR,TRUE,common to scientific name
ICHTHYOMYZON GAGEI,scientific,ICHTHYOMYZON GAGEI,FALSE,
SOUTHERN BROOK LAMPREY,common,ICHTHYOMYZON GAGEI,TRUE,common to scientific name
ICHTHYOMYZON UNICUSPIS,scientific,ICHTHYOMYZON UNICUSPIS,FALSE,
SILVER LAMPREY,common,ICHTHYOMYZON UNICUSPIS,TRUE,common to scientific name
ICTALURUS FURCATUS,scientific,ICTALURUS FURCATUS,FALSE,
BLUE CATFISH,common,ICTALURUS FURCATUS,TRUE,common to scientific name
ICTALURUS PUNCTATUS,scientific,ICTALURUS PUNCTATUS,FALSE,
CHANNEL CATFISH,common,ICTALURUS PUNCTATUS,TRUE,common to scientific name
ICTIOBUS,scientific,ICTIOBUS,FALSE,
BUFFALO,common,ICTIOBUS,TRUE,common to scientific name
BUFFALO (UNIDENTIFIED),common,ICTIOBUS,TRUE,common to scientific name
ICTIOBUS SP.,scientific,ICTIOBUS,TRUE,syntax
ICTIOBUS SPP.,scientific,ICTIOBUS,TRUE,syntax
ICTIOBUS BUBALUS,scientific,ICTIOBUS BUBALUS,FALSE,
SMALLMOUTH BUFFALO,common,ICTIOBUS BUBALUS,TRUE,common to scientific name
ICTIOBUS BUBALUS X NIGER,scientific,ICTIOBUS BUBALUS X NIGER,FALSE,
SMALLMOUTH X BLACK BUFFALO,common,ICTIOBUS BUBALUS X NIGER,TRUE,common to scientific name
SMALLMOUTH X BLACK BUFFALO HYBRID,common,ICTIOBUS BUBALUS X NIGER,TRUE,common to scientific name
ICTIOBUS CYPRINELLUS,scientific,ICTIOBUS CYPRINELLUS,FALSE,
BIGMOUTH BUFFALO,common,ICTIOBUS CYPRINELLUS,TRUE,common to scientific name
ICTIOBUS NIGER,scientific,ICTIOBUS NIGER,FALSE,
BLACK BUFFALO,common,ICTIOBUS NIGER,TRUE,common to scientific name
LABIDESTHES SICCULUS,scientific,LABIDESTHES SICCULUS,FALSE,
BROOK SILVERSIDE,common,LABIDESTHES SICCULUS,TRUE,common to scientific name
LAMPETRA,scientific,LAMPETRA,FALSE,
LAMPREY LAMPETRA,common,LAMPETRA,TRUE,common to scientific name
LAMPETRA SP.,scientific,LAMPETRA,TRUE,syntax
LAMPETRA AEPYPTERA,scientific,LAMPETRA AEPYPTERA,FALSE,
LEAST BROOK LAMPREY,common,LAMPETRA AEPYPTERA,TRUE,common to scientific name
LEPISOSTEIDAE,scientific,LEPISOSTEIDAE,FALSE,
GAR,common,LEPISOSTEIDAE,TRUE,common to scientific name
LEPISOSTEUS,scientific,LEPISOSTEUS,FALSE,
SLENDER GARS,common,LEPISOSTEUS,TRUE,common to scientific name
LEPISOSTEUS SP,scientific,LEPISOSTEUS,TRUE,syntax
LEPISOSTEUS SP.,scientific,LEPISOSTEUS,TRUE,syntax
LEPISOSTEUS SPP.,scientific,LEPISOSTEUS,TRUE,syntax
LEPISOSTEUS OCULATUS,scientific,LEPISOSTEUS OCULATUS,FALSE,
SPOTTED GAR,common,LEPISOSTEUS OCULATUS,TRUE,common to scientific name
LEPISOSTEUS OSSEUS,scientific,LEPISOSTEUS OSSEUS,FALSE,
LONGNOSE GAR,common,LEPISOSTEUS OSSEUS,TRUE,common to scientific name
LEPISOSTEUS PLATOSTOMUS,scientific,LEPISOSTEUS PLATOSTOMUS,FALSE,
SHORTNOSE GAR,common,LEPISOSTEUS PLATOSTOMUS,TRUE,common to scientific name
LEPOMIS,scientific,LEPOMIS,FALSE,
JUVENILE SUNFISH (UNIDENTIFIED),common,LEPOMIS,TRUE,common to scientific name
SUNFISH,common,LEPOMIS,TRUE,common to scientific name
LEPOMIS SP,scientific,LEPOMIS,TRUE,syntax
LEPOMIS SP.,scientific,LEPOMIS,TRUE,syntax
LEPOMIS SP. X SP.,scientific,LEPOMIS,TRUE,"two unknown lepomis, collapsed to genus"
LEPOMIS SP1. X LEPOMIS SP2.,scientific,LEPOMIS,TRUE,"two unknown lepomis, collapsed to genus"
LEPOMIS SPP.,scientific,LEPOMIS,TRUE,syntax
LEPOMIS CYANELLUS,scientific,LEPOMIS CYANELLUS,FALSE,
GREEN SUNFISH,common,LEPOMIS CYANELLUS,TRUE,common to scientific name
LEPOMIS CYANELLUS HYBRID,scientific,LEPOMIS CYANELLUS HYBRID,FALSE,
GREEN SUNFISH HYBRID,common,LEPOMIS CYANELLUS HYBRID,TRUE,common to scientific name
LEPOMIS CYANELLUS X GULOSUS,scientific,LEPOMIS CYANELLUS X GULOSUS,FALSE,
GREEN SUNFISH X WARMOUTH,common,LEPOMIS CYANELLUS X GULOSUS,TRUE,common to scientific name
GREEN SUNFISH X WARMOUTH HYBRID,common,LEPOMIS CYANELLUS X GULOSUS,TRUE,common to scientific name
LEPOMIS CYANELLUS X HUMILIS,scientific,LEPOMIS CYANELLUS X HUMILIS,FALSE,
GREEN SUNFISH X ORANGESPOTTED SUNFISH,common,LEPOMIS CYANELLUS X HUMILIS,TRUE,common to scientific name
GREEN SUNFISH X ORANGESPOTTED SUNFISH HYBRID,common,LEPOMIS CYANELLUS X HUMILIS,TRUE,common to scientific name
LEPOMIS CYANELLUS X LEPOMIS HUMILIS,scientific,LEPOMIS CYANELLUS X HUMILIS,TRUE,naming scheme
LEPOMIS CYANELLUS X MEGALOTIS,scientific,LEPOMIS CYANELLUS X MEGALOTIS,FALSE,
GREEN SUNFISH X LONGEAR SUNFISH,common,LEPOMIS CYANELLUS X MEGALOTIS,TRUE,common to scientific name
GREEN SUNFISH X LONGEAR SUNFISH HYBRID,common,LEPOMIS CYANELLUS X MEGALOTIS,TRUE,common to scientific name
LONGEAR SUNFISH X GREEN SUNFISH,common,LEPOMIS CYANELLUS X MEGALOTIS,TRUE,common to scientific name
LEPOMIS CYANELLUS X LEPOMIS MEGALOTIS,scientific,LEPOMIS CYANELLUS X MEGALOTIS,TRUE,naming scheme
LEPOMIS CYANELLUS X MICROLOPHUS,scientific,LEPOMIS CYANELLUS X MICROLOPHUS,FALSE,
GREEN SUNFISH X REDEAR SUNFISH,common,LEPOMIS CYANELLUS X MICROLOPHUS,TRUE,common to scientific name
GREEN SUNFISH X REDEAR SUNFISH HYBRID,common,LEPOMIS CYANELLUS X MICROLOPHUS,TRUE,common to scientific name
LEPOMIS CYANELLUS X LEPOMIS MICROLOPHUS,scientific,LEPOMIS CYANELLUS X MICROLOPHUS,TRUE,naming scheme
LEPOMIS CYANELLUS X UNIDENTIFIED,scientific,LEPOMIS CYANELLUS X UNIDENTIFIED,FALSE,
GREEN SUNFISH X UNIDENTIFIED,common,LEPOMIS CYANELLUS X UNIDENTIFIED,TRUE,common to scientific name
LEPOMIS CYANELLUS X SP.,scientific,LEPOMIS CYANELLUS X UNIDENTIFIED,TRUE,naming scheme
LEPOMIS GIBBOSUS,scientific,LEPOMIS GIBBOSUS,FALSE,
PUMPKINSEED,common,LEPOMIS GIBBOSUS,TRUE,common to scientific name
LEPOMIS GULOSUS,scientific,LEPOMIS GULOSUS,FALSE,
WARMOUTH,common,LEPOMIS GULOSUS,TRUE,common to scientific name
CHAENOBRYTTUS GULOSUS,scientific,LEPOMIS GULOSUS,TRUE,nomenclature (genus)
LEPOMIS HUMILIS,scientific,LEPOMIS HUMILIS,FALSE,
LEPOMIS HUMILUS,scientific,LEPOMIS HUMILIS,FALSE,
ORANGESPOTTED SUNFISH,common,LEPOMIS HUMILIS,TRUE,common to scientific name
LEPOMIS HUMILIS X MEGALOTIS,scientific,LEPOMIS HUMILIS X MEGALOTIS,FALSE,
ORANGESPOTTED SUNFISH X LONGEAR SUNFISH,common,LEPOMIS HUMILIS X MEGALOTIS,TRUE,common to scientific name
ORANGESPOTTED SUNFISH X LONGEAR SUNFISH HYBRID,common,LEPOMIS HUMILIS X MEGALOTIS,TRUE,common to scientific name
LEPOMIS HYBRID,scientific,LEPOMIS HYBRID,FALSE,
HYBRID SUNFISH,common,LEPOMIS HYBRID,TRUE,common to scientific name
HYBRID SUNFISH  (UNIDENTIFIED),common,LEPOMIS HYBRID,TRUE,common to scientific name
HYBRID SUNFISH (UNIDENTIFIED),common,LEPOMIS HYBRID,TRUE,common to scientific name
SUNFISH HYBRID,common,LEPOMIS HYBRID,TRUE,common to scientific name
LEPOMIS MACROCHIRUS,scientific,LEPOMIS MACROCHIRUS,FALSE,
BLUEGILL,common,LEPOMIS MACROCHIRUS,TRUE,common to scientific name
LEPOMIS MACROCHIRUS HYBRID,scientific,LEPOMIS MACROCHIRUS HYBRID,FALSE,
BLUEGILL HYBRID,common,LEPOMIS MACROCHIRUS HYBRID,TRUE,common to scientific name
LEPOMIS MACROCHIRUS X CYANELLUS,scientific,LEPOMIS MACROCHIRUS X CYANELLUS,FALSE,
BLUEGILL X GREEN SUNFISH,common,LEPOMIS MACROCHIRUS X CYANELLUS,TRUE,common to scientific name
BLUEGILL X GREEN SUNFISH HYBRID,common,LEPOMIS MACROCHIRUS X CYANELLUS,TRUE,common to scientific name
GREEN SUNFISH X BLUEGILL HYBRID,common,LEPOMIS MACROCHIRUS X CYANELLUS,TRUE,common to scientific name
HYBRID GREEN SUNFISH X BLUEGILL,common,LEPOMIS MACROCHIRUS X CYANELLUS,TRUE,common to scientific name
LEPOMIS CYANELLUS X LEPOMIS MACROCHIRUS,scientific,LEPOMIS MACROCHIRUS X CYANELLUS,TRUE,naming scheme
LEPOMIS CYANELLUS X MACROCHIRUS,scientific,LEPOMIS MACROCHIRUS X CYANELLUS,TRUE,naming scheme
LEPOMIS MACROCHIRUS X GIBBOSUS,scientific,LEPOMIS MACROCHIRUS X GIBBOSUS,FALSE,
BLUEGILL X PUMPKINSEED,common,LEPOMIS MACROCHIRUS X GIBBOSUS,TRUE,common to scientific name
LEPOMIS MACROCHIRUS X GULOSUS,scientific,LEPOMIS MACROCHIRUS X GULOSUS,FALSE,
BLUEGILL X WARMOUTH,common,LEPOMIS MACROCHIRUS X GULOSUS,TRUE,common to scientific name
BLUEGILL X WARMOUTH HYBRID,common,LEPOMIS MACROCHIRUS X GULOSUS,TRUE,common to scientific name
LEPOMIS MACROCHIRUS X HUMILIS,scientific,LEPOMIS MACROCHIRUS X HUMILIS,FALSE,
BLUEGILL X ORANGESPOTTED SUNFISH,common,LEPOMIS MACROCHIRUS X HUMILIS,TRUE,common to scientific name
BLUEGILL X ORANGESPOTTED SUNFISH HYBRID,common,LEPOMIS MACROCHIRUS X HUMILIS,TRUE,common to scientific name
ORANGESPOTTED SUNFISH X BLUEGILL,common,LEPOMIS MACROCHIRUS X HUMILIS,TRUE,common to scientific name
LEPOMIS HUMILIS X LEPOMIS MACROCHIRUS,scientific,LEPOMIS MACROCHIRUS X HUMILIS,TRUE,naming scheme
LEPOMIS MACROCHIRUS X MEGALOTIS,scientific,LEPOMIS MACROCHIRUS X MEGALOTIS,FALSE,
BLUEGILL X LONGEAR SUNFISH,common,LEPOMIS MACROCHIRUS X MEGALOTIS,TRUE,common to scientific name
BLUEGILL X LONGEAR SUNFISH HYBRID,common,LEPOMIS MACROCHIRUS X MEGALOTIS,TRUE,common to scientific name
HYBRID BLUEGILL X LONGEAR SUNFISH,common,LEPOMIS MACROCHIRUS X MEGALOTIS,TRUE,common to scientific name
LEPOMIS MACROCHIRUS X LEPOMIS MEGALOTIS,scientific,LEPOMIS MACROCHIRUS X MEGALOTIS,TRUE,naming scheme
LEPOMIS MACROCHIRUS X MICROLOPHUS,scientific,LEPOMIS MACROCHIRUS X MICROLOPHUS,FALSE,
BLUEGILL X REDEAR SUNFISH,common,LEPOMIS MACROCHIRUS X MICROLOPHUS,TRUE,common to scientific name
BLUEGILL X REDEAR SUNFISH HYBRID,common,LEPOMIS MACROCHIRUS X MICROLOPHUS,TRUE,common to scientific name
LEPOMIS MACROCHIRUS X LEPOMIS MICROLOPHUS,scientific,LEPOMIS MACROCHIRUS X MICROLOPHUS,TRUE,naming scheme
LEPOMIS MACROCHIRUS X UNIDENTIFIED,scientific,LEPOMIS MACROCHIRUS X UNIDENTIFIED,FALSE,
BLUEGILL X UNIDENTIFIED,common,LEPOMIS MACROCHIRUS X UNIDENTIFIED,TRUE,common to scientific name
LEPOMIS MACROCHIRUS X SP.,scientific,LEPOMIS MACROCHIRUS X UNIDENTIFIED,TRUE,naming scheme
LEPOMIS MARGINATUS,scientific,LEPOMIS MARGINATUS,FALSE,
DOLLAR SUNFISH,common,LEPOMIS MARGINATUS,TRUE,common to scientific name
LEPOMIS MEGALOTIS,scientific,LEPOMIS MEGALOTIS,FALSE,
LONGEAR SUNFISH,common,LEPOMIS MEGALOTIS,TRUE,common to scientific name
LEPOMIS MEGALOTIS HYBRID,scientific,LEPOMIS MEGALOTIS HYBRID,FALSE,
LONGEAR SUNFISH HYBRID,common,LEPOMIS MEGALOTIS HYBRID,TRUE,common to scientific name
LEPOMIS MEGALOTIS X UNIDENTIFIED,scientific,LEPOMIS MEGALOTIS X UNIDENTIFIED,FALSE,
LONGEAR SUNFISH X UNIDENTIFIED,common,LEPOMIS MEGALOTIS X UNIDENTIFIED,TRUE,common to scientific name
LEPOMIS MEGALOTIS X SP.,scientific,LEPOMIS MEGALOTIS X UNIDENTIFIED,TRUE,naming scheme
LEPOMIS MICROLOPHUS,scientific,LEPOMIS MICROLOPHUS,FALSE,
REDEAR SUNFISH,common,LEPOMIS MICROLOPHUS,TRUE,common to scientific name
LEPOMIS MINIATUS,scientific,LEPOMIS MINIATUS,FALSE,
REDSPOTTED SUNFISH,common,LEPOMIS MINIATUS,TRUE,common to scientific name
LEPOMIS PUNCTATUS,scientific,LEPOMIS PUNCTATUS,FALSE,
SPOTTED SUNFISH,common,LEPOMIS PUNCTATUS,TRUE,common to scientific name
LEPOMIS SYMMETRICUS,scientific,LEPOMIS SYMMETRICUS,FALSE,
BANTAM SUNFISH,common,LEPOMIS SYMMETRICUS,TRUE,common to scientific name
LETHENTERON APPENDIX,scientific,LETHENTERON APPENDIX,FALSE,
AMERICAN BROOK LAMPREY,common,LETHENTERON APPENDIX,TRUE,common to scientific name
LOTA LOTA,scientific,LOTA LOTA,FALSE,
BURBOT,common,LOTA LOTA,TRUE,common to scientific name
LUXILUS CARDINALIS,scientific,LUXILUS CARDINALIS,FALSE,
CARDINAL SHINER,common,LUXILUS CARDINALIS,TRUE,common to scientific name
LUXILUS CHRYSOCEPHALUS,scientific,LUXILUS CHRYSOCEPHALUS,FALSE,
STRIPED SHINER,common,LUXILUS CHRYSOCEPHALUS,TRUE,common to scientific name
LUXILUS CHRYSOCEPHALUS X NOTROPIS PERCOBROMUS,scientific,LUXILUS CHRYSOCEPHALUS X NOTROPIS PERCOBROMUS,FALSE,
STRIPED SHINER X CARMINE SHINER,common,LUXILUS CHRYSOCEPHALUS X NOTROPIS PERCOBROMUS,TRUE,common to scientific name
LUXILUS CHRYSOCEPHALUS X ZONATUS,scientific,LUXILUS CHRYSOCEPHALUS X ZONATUS,FALSE,
STRIPED SHINER X  BLEEDING SHINER,common,LUXILUS CHRYSOCEPHALUS X ZONATUS,TRUE,common to scientific name
LUXILUS CHRYSOCEPHALUS X LUXILUS ZONATUS,scientific,LUXILUS CHRYSOCEPHALUS X ZONATUS,TRUE,naming scheme
LUXILUS CORNUTUS,scientific,LUXILUS CORNUTUS,FALSE,
COMMON SHINER,common,LUXILUS CORNUTUS,TRUE,common to scientific name
LUXILIS CORNUTUS,scientific,LUXILUS CORNUTUS,TRUE,misspelling
LUXILUS CORNUTUS X CHROSOMUS ERYTHROGASTER,scientific,LUXILUS CORNUTUS X CHROSOMUS ERYTHROGASTER,FALSE,
COMMON SHINER X SOUTHERN REDBELLY DACE,common,LUXILUS CORNUTUS X CHROSOMUS ERYTHROGASTER,TRUE,common to scientific name
HYBRID: COMMON SHINER X SO. REDBELLY DACE,common,LUXILUS CORNUTUS X CHROSOMUS ERYTHROGASTER,TRUE,common to scientific name
LUXILUS CORNUTUS X NOTROPIS PERCOBROMUS,scientific,LUXILUS CORNUTUS X NOTROPIS PERCOBROMUS,FALSE,
COMMON SHINER X CARMINE SHINER,common,LUXILUS CORNUTUS X NOTROPIS PERCOBROMUS,TRUE,common to scientific name
HYBRID: COMMON SHINER X CARMINE SHINER,common,LUXILUS CORNUTUS X NOTROPIS PERCOBROMUS,TRUE,common to scientific name
LUXILUS CORNUTUS X SEMOTILUS ATROMACULATUS,scientific,LUXILUS CORNUTUS X SEMOTILUS ATROMACULATUS,FALSE,
COMMON SHINER X CREEK CHUB,common,LUXILUS CORNUTUS X SEMOTILUS ATROMACULATUS,TRUE,common to scientific name
COMMON SHINER X CREEK CHUB HYBRID,common,LUXILUS CORNUTUS X SEMOTILUS ATROMACULATUS,TRUE,common to scientific name
LUXILUS X SEMOTILUS CORNUTUS X ATROMACULATUS,scientific,LUXILUS CORNUTUS X SEMOTILUS ATROMACULATUS,TRUE,naming scheme
LUXILUS PILSBRYI,scientific,LUXILUS PILSBRYI,FALSE,
DUSKYSTRIPE SHINER,common,LUXILUS PILSBRYI,TRUE,common to scientific name
LUXILUS ZONATUS,scientific,LUXILUS ZONATUS,FALSE,
BLEEDING SHINER,common,LUXILUS ZONATUS,TRUE,common to scientific name
LUXILUS ZONATUS X NOTROPIS NUBILUS,scientific,LUXILUS ZONATUS X NOTROPIS NUBILUS,FALSE,
BLEEDING SHINER X OZARK MINNOW,common,LUXILUS ZONATUS X NOTROPIS NUBILUS,TRUE,common to scientific name
LYTHRURUS FUMEUS,scientific,LYTHRURUS FUMEUS,FALSE,
RIBBON SHINER,common,LYTHRURUS FUMEUS,TRUE,common to scientific name
LYTHRURUS SNELSONI,scientific,LYTHRURUS SNELSONI,FALSE,
OUACHITA MOUNTAIN SHINER,common,LYTHRURUS SNELSONI,TRUE,common to scientific name
LYTHRURUS UMBRATILIS,scientific,LYTHRURUS UMBRATILIS,FALSE,
REDFIN SHINER,common,LYTHRURUS UMBRATILIS,TRUE,common to scientific name
MACRHYBOPSIS AESTIVALIS,scientific,MACRHYBOPSIS AESTIVALIS,FALSE,
SPECKLED CHUB,common,MACRHYBOPSIS AESTIVALIS,TRUE,common to scientific name
MACRHYBOPSIS AUSTRALIS,scientific,MACRHYBOPSIS AUSTRALIS,FALSE,
PRAIRIE CHUB,common,MACRHYBOPSIS AUSTRALIS,TRUE,common to scientific name
MACRHYBOPSIS HYOSTOMA,scientific,MACRHYBOPSIS HYOSTOMA,FALSE,
SHOAL CHUB,common,MACRHYBOPSIS HYOSTOMA,TRUE,common to scientific name
MACRHYBOPSIS HYOSTOMUS,scientific,MACRHYBOPSIS HYOSTOMA,TRUE,slight name difference
MACRHYBOPSIS MEEKI,scientific,MACRHYBOPSIS MEEKI,FALSE,
SICKLEFIN CHUB,common,MACRHYBOPSIS MEEKI,TRUE,common to scientific name
MACRHYBOPSIS STORERIANA,scientific,MACRHYBOPSIS STORERIANA,FALSE,
SILVER CHUB,common,MACRHYBOPSIS STORERIANA,TRUE,common to scientific name
MACRHYBOPSIS TETRANEMA,scientific,MACRHYBOPSIS TETRANEMA,FALSE,
PEPPERED CHUB,common,MACRHYBOPSIS TETRANEMA,TRUE,common to scientific name
MARGARISCUS MARGARITA,scientific,MARGARISCUS MARGARITA,FALSE,
PEARL DACE,common,MARGARISCUS MARGARITA,TRUE,common to scientific name
MARGARISCUS NACHTRIEBI,scientific,MARGARISCUS NACHTRIEBI,FALSE,
NORTHERN PEARL DACE,common,MARGARISCUS NACHTRIEBI,TRUE,common to scientific name
MARGARISCUS NACHTRIEBI HYBRID,scientific,MARGARISCUS NACHTRIEBI HYBRID,FALSE,
NORTHERN PEARL DACE HYBRID,common,MARGARISCUS NACHTRIEBI HYBRID,TRUE,common to scientific name
MENIDIA AUDENS,scientific,MENIDIA AUDENS,FALSE,
MISSISSIPPI SILVERSIDE,common,MENIDIA AUDENS,TRUE,common to scientific name
MENIDIA BERYLLINA,scientific,MENIDIA BERYLLINA,FALSE,
INLAND SILVERSIDE,common,MENIDIA BERYLLINA,TRUE,common to scientific name
MICROPTERUS,scientific,MICROPTERUS,FALSE,
BLACK BASS,common,MICROPTERUS,TRUE,common to scientific name
MICROPTERUS SP.,scientific,MICROPTERUS,TRUE,syntax
MICROPTERUS DOLOMIEU,scientific,MICROPTERUS DOLOMIEU,FALSE,
SMALLMOUTH BASS,common,MICROPTERUS DOLOMIEU,TRUE,common to scientific name
MICROPTERUS DOLOMIEU X PUNCTULATUS,scientific,MICROPTERUS DOLOMIEU X PUNCTULATUS,FALSE,
SMALLMOUTH BASS X SPOTTED BASS,common,MICROPTERUS DOLOMIEU X PUNCTULATUS,TRUE,common to scientific name
HYBRID: MICROPTERUS CROSS,scientific,MICROPTERUS HYBRID,FALSE,naming scheme
MICROPTERUS HYBRID,scientific,MICROPTERUS HYBRID,FALSE,
BASS HYBRID,common,MICROPTERUS HYBRID,TRUE,common to scientific name
MICROPTERUS PUNCTULATUS,scientific,MICROPTERUS PUNCTULATUS,FALSE,
SPOTTED BASS,common,MICROPTERUS PUNCTULATUS,TRUE,common to scientific name
MICROPTERUS PUNCTUCATUS,scientific,MICROPTERUS PUNCTULATUS,TRUE,slight name difference
MICROPTERUS PUNCTULATUS X SALMOIDES,scientific,MICROPTERUS PUNCTULATUS X SALMOIDES,FALSE,
SPOTTED BASS X LARGEMOUTH BASS,common,MICROPTERUS PUNCTULATUS X SALMOIDES,TRUE,common to scientific name
MICROPTERUS PUNCTULATUS X MICROPTERUS SALMOIDES,scientific,MICROPTERUS PUNCTULATUS X SALMOIDES,TRUE,naming scheme
MICROPTERUS SALMOIDES,scientific,MICROPTERUS SALMOIDES,FALSE,
LARGEMOUTH BASS,common,MICROPTERUS SALMOIDES,TRUE,common to scientific name
MINYTREMA MELANOPS,scientific,MINYTREMA MELANOPS,FALSE,
SPOTTED SUCKER,common,MINYTREMA MELANOPS,TRUE,common to scientific name
MINYTREMA SP.,scientific,MINYTREMA MELANOPS,TRUE,
MORONE,scientific,MORONE,FALSE,
BASS,common,MORONE,TRUE,common to scientific name
MORONE (UNIDENTIFIED),common,MORONE,TRUE,common to scientific name
UNIDENTIFIED MORONE,common,MORONE,TRUE,common to scientific name
MORONE SP.,scientific,MORONE,TRUE,syntax
MORONE AMERICANA,scientific,MORONE AMERICANA,FALSE,
WHITE PERCH,common,MORONE AMERICANA,TRUE,common to scientific name
MORONE CHRYSOPS,scientific,MORONE CHRYSOPS,FALSE,
WHITE BASS,common,MORONE CHRYSOPS,TRUE,common to scientific name
MORONE MISSISSIPPIENSIS,scientific,MORONE MISSISSIPPIENSIS,FALSE,
YELLOW BASS,common,MORONE MISSISSIPPIENSIS,TRUE,common to scientific name
MORONE SAXATILIS,scientific,MORONE SAXATILIS,FALSE,
STRIPED BASS,common,MORONE SAXATILIS,TRUE,common to scientific name
MORONE SAXATILUS,scientific,MORONE SAXATILIS,TRUE,misspelling
MORONE SAXATILIS X CHRYSOPS,scientific,MORONE SAXATILIS X CHRYSOPS,FALSE,
WIPER,common,MORONE SAXATILIS X CHRYSOPS,TRUE,common to scientific name
WIPER (PALMETTO BASS),common,MORONE SAXATILIS X CHRYSOPS,TRUE,common to scientific name
MORONE CHRYSOPS X SAXATILIS,scientific,MORONE SAXATILIS X CHRYSOPS,TRUE,naming scheme
MOXOSTOMA,scientific,MOXOSTOMA,FALSE,
REDHORSE,common,MOXOSTOMA,TRUE,common to scientific name
REDHORSE (UNIDENTIFIED),common,MOXOSTOMA,TRUE,common to scientific name
MOXOSTOMA SP,scientific,MOXOSTOMA,TRUE,syntax
MOXOSTOMA SP.,scientific,MOXOSTOMA,TRUE,syntax
MOXOSTOMA SPP.,scientific,MOXOSTOMA,TRUE,syntax
MOXOSTOMA ANISURUM,scientific,MOXOSTOMA ANISURUM,FALSE,
SILVER REDHORSE,common,MOXOSTOMA ANISURUM,TRUE,common to scientific name
MOXOSTOMA CARINATUM,scientific,MOXOSTOMA CARINATUM,FALSE,
RIVER REDHORSE,common,MOXOSTOMA CARINATUM,TRUE,common to scientific name
MOXOSTOMA DUQUESNII,scientific,MOXOSTOMA DUQUESNII,FALSE,
BLACK REDHORSE,common,MOXOSTOMA DUQUESNII,TRUE,common to scientific name
MOXOSTOMA DUQUESNEI,scientific,MOXOSTOMA DUQUESNII,TRUE,misspelling
MOXOSTOMA ERYTHRURUM,scientific,MOXOSTOMA ERYTHRURUM,FALSE,
GOLDEN REDHORSE,common,MOXOSTOMA ERYTHRURUM,TRUE,common to scientific name
MOXOSTOMA MACROLEPIDOTUM,scientific,MOXOSTOMA MACROLEPIDOTUM,FALSE,
SHORTHEAD REDHORSE,common,MOXOSTOMA MACROLEPIDOTUM,TRUE,common to scientific name
MOXOSTOMA PISOLABRUM,scientific,MOXOSTOMA PISOLABRUM,FALSE,
PEALIP REDHORSE,common,MOXOSTOMA PISOLABRUM,TRUE,common to scientific name
MOXOSTOMA VALENCIENNESI,scientific,MOXOSTOMA VALENCIENNESI,FALSE,
GREATER REDHORSE,common,MOXOSTOMA VALENCIENNESI,TRUE,common to scientific name
NOCOMIS ASPER,scientific,NOCOMIS ASPER,FALSE,
REDSPOT CHUB,common,NOCOMIS ASPER,TRUE,common to scientific name
NOCOMIS BIGUTTATUS,scientific,NOCOMIS BIGUTTATUS,FALSE,
HORNYHEAD CHUB,common,NOCOMIS BIGUTTATUS,TRUE,common to scientific name
NOTEMIGONUS CRYSOLEUCAS,scientific,NOTEMIGONUS CRYSOLEUCAS,FALSE,
GOLDEN SHINER,common,NOTEMIGONUS CRYSOLEUCAS,TRUE,common to scientific name
NOTHONOTUS JULIAE,scientific,NOTHONOTUS JULIAE,FALSE,
YOKE DARTER,common,NOTHONOTUS JULIAE,TRUE,common to scientific name
ETHEOSTOMA JULIAE,scientific,NOTHONOTUS JULIAE,TRUE,nomenclature (genus)
NOTROPIS,scientific,NOTROPIS,FALSE,
EASTERN SHINER,common,NOTROPIS,TRUE,common to scientific name
NOTROPIS SP.,scientific,NOTROPIS,TRUE,syntax
NOTROPIS SPP.,scientific,NOTROPIS,TRUE,syntax
NOTROPIS ANOGENUS,scientific,NOTROPIS ANOGENUS,FALSE,
PUGNOSE SHINER,common,NOTROPIS ANOGENUS,TRUE,common to scientific name
NOTROPIS ATHERINOIDES,scientific,NOTROPIS ATHERINOIDES,FALSE,
EMERALD SHINER,common,NOTROPIS ATHERINOIDES,TRUE,common to scientific name
NOTROPIS ATROCAUDALIS,scientific,NOTROPIS ATROCAUDALIS,FALSE,
BLACKSPOT SHINER,common,NOTROPIS ATROCAUDALIS,TRUE,common to scientific name
NOTROPIS BAIRDI,scientific,NOTROPIS BAIRDI,FALSE,
RED RIVER SHINER,common,NOTROPIS BAIRDI,TRUE,common to scientific name
NOTROPIS BLENNIUS,scientific,NOTROPIS BLENNIUS,FALSE,
RIVER SHINER,common,NOTROPIS BLENNIUS,TRUE,common to scientific name
NOTROPIS BOOPS,scientific,NOTROPIS BOOPS,FALSE,
BIGEYE SHINER,common,NOTROPIS BOOPS,TRUE,common to scientific name
NOTROPIS BUCCATUS,scientific,NOTROPIS BUCCATUS,FALSE,
SILVERJAW MINNOW,common,NOTROPIS BUCCATUS,TRUE,common to scientific name
NOTROPIS BUCHANANI,scientific,NOTROPIS BUCHANANI,FALSE,
GHOST SHINER,common,NOTROPIS BUCHANANI,TRUE,common to scientific name
NOTROPIS CHALYBAEUS,scientific,NOTROPIS CHALYBAEUS,FALSE,
IRONCOLOR SHINER,common,NOTROPIS CHALYBAEUS,TRUE,common to scientific name
NOTROPIS GIRARDI,scientific,NOTROPIS GIRARDI,FALSE,
ARKANSAS RIVER SHINER,common,NOTROPIS GIRARDI,TRUE,common to scientific name
NOTROPIS GREENEI,scientific,NOTROPIS GREENEI,FALSE,
WEDGESPOT SHINER,common,NOTROPIS GREENEI,TRUE,common to scientific name
NOTROPIS HETERODON,scientific,NOTROPIS HETERODON,FALSE,
BLACKCHIN SHINER,common,NOTROPIS HETERODON,TRUE,common to scientific name
NOTROPIS HETEROLEPIS,scientific,NOTROPIS HETEROLEPIS,FALSE,
BLACKNOSE SHINER,common,NOTROPIS HETEROLEPIS,TRUE,common to scientific name
NOTROPIS HUDSONIUS,scientific,NOTROPIS HUDSONIUS,FALSE,
SPOTTAIL SHINER,common,NOTROPIS HUDSONIUS,TRUE,common to scientific name
NOTROPIS MACULATUS,scientific,NOTROPIS MACULATUS,FALSE,
TAILLIGHT SHINER,common,NOTROPIS MACULATUS,TRUE,common to scientific name
NOTROPIS NUBILUS,scientific,NOTROPIS NUBILUS,FALSE,
OZARK MINNOW,common,NOTROPIS NUBILUS,TRUE,common to scientific name
NOTROPIS ORTENBURGERI,scientific,NOTROPIS ORTENBURGERI,FALSE,
KIAMICHI SHINER,common,NOTROPIS ORTENBURGERI,TRUE,common to scientific name
NOTROPIS OZARCANUS,scientific,NOTROPIS OZARCANUS,FALSE,
OZARK SHINER,common,NOTROPIS OZARCANUS,TRUE,common to scientific name
NOTROPIS PERCOBROMUS,scientific,NOTROPIS PERCOBROMUS,FALSE,
CARMINE SHINER,common,NOTROPIS PERCOBROMUS,TRUE,common to scientific name
NOTROPIS POTTERI,scientific,NOTROPIS POTTERI,FALSE,
CHUB SHINER,common,NOTROPIS POTTERI,TRUE,common to scientific name
NOTROPIS RUBELLUS,scientific,NOTROPIS RUBELLUS,FALSE,
ROSYFACE SHINER,common,NOTROPIS RUBELLUS,TRUE,common to scientific name
NOTROPIS SHUMARDI,scientific,NOTROPIS SHUMARDI,FALSE,
SILVERBAND SHINER,common,NOTROPIS SHUMARDI,TRUE,common to scientific name
NOTROPIS STRAMINEUS,scientific,NOTROPIS STRAMINEUS,FALSE,
SAND SHINER,common,NOTROPIS STRAMINEUS,TRUE,common to scientific name
NOTROPIS SUTTKUSI,scientific,NOTROPIS SUTTKUSI,FALSE,
ROCKY SHINER,common,NOTROPIS SUTTKUSI,TRUE,common to scientific name
NOTROPIS TELESCOPUS,scientific,NOTROPIS TELESCOPUS,FALSE,
TELESCOPE SHINER,common,NOTROPIS TELESCOPUS,TRUE,common to scientific name
NOTROPIS TEXANUS,scientific,NOTROPIS TEXANUS,FALSE,
WEED SHINER,common,NOTROPIS TEXANUS,TRUE,common to scientific name
NOTROPIS TOPEKA,scientific,NOTROPIS TOPEKA,FALSE,
TOPEKA SHINER,common,NOTROPIS TOPEKA,TRUE,common to scientific name
NOTROPIS VOLUCELLUS,scientific,NOTROPIS VOLUCELLUS,FALSE,
MIMIC SHINER,common,NOTROPIS VOLUCELLUS,TRUE,common to scientific name
NOTROPIS WICKLIFFI,scientific,NOTROPIS WICKLIFFI,FALSE,
CHANNEL SHINER,common,NOTROPIS WICKLIFFI,TRUE,common to scientific name
NOTURUS,scientific,NOTURUS,FALSE,
MADTOM,common,NOTURUS,TRUE,common to scientific name
NOTURUS ALBATER,scientific,NOTURUS ALBATER,FALSE,
OZARK MADTOM,common,NOTURUS ALBATER,TRUE,common to scientific name
NOTURUS ELEUTHERUS,scientific,NOTURUS ELEUTHERUS,FALSE,
MOUNTAIN MADTOM,common,NOTURUS ELEUTHERUS,TRUE,common to scientific name
NOTURUS EXILIS,scientific,NOTURUS EXILIS,FALSE,
SLENDER MADTOM,common,NOTURUS EXILIS,TRUE,common to scientific name
NOTURUS FLAVATER,scientific,NOTURUS FLAVATER,FALSE,
CHECKERED MADTOM,common,NOTURUS FLAVATER,TRUE,common to scientific name
NOTURUS FLAVUS,scientific,NOTURUS FLAVUS,FALSE,
STONECAT,common,NOTURUS FLAVUS,TRUE,common to scientific name
NOTURUS GYRINUS,scientific,NOTURUS GYRINUS,FALSE,
TADPOLE MADTOM,common,NOTURUS GYRINUS,TRUE,common to scientific name
NOTURUS MIURUS,scientific,NOTURUS MIURUS,FALSE,
BRINDLED MADTOM,common,NOTURUS MIURUS,TRUE,common to scientific name
NOTURUS NOCTURNUS,scientific,NOTURUS NOCTURNUS,FALSE,
FRECKLED MADTOM,common,NOTURUS NOCTURNUS,TRUE,common to scientific name
NOTURUS PLACIDUS,scientific,NOTURUS PLACIDUS,FALSE,
NEOSHO MADTOM,common,NOTURUS PLACIDUS,TRUE,common to scientific name
ONCHORHYNCHUS CLARKI,scientific,ONCHORHYNCHUS CLARKI,FALSE,
CUTTHROAT TROUT,common,ONCHORHYNCHUS CLARKI,TRUE,common to scientific name
ONCORHYNCHUS KISUTCH,scientific,ONCORHYNCHUS KISUTCH,FALSE,
COHO SALMON,common,ONCORHYNCHUS KISUTCH,TRUE,common to scientific name
ONCORHYNCHUS MYKISS,scientific,ONCORHYNCHUS MYKISS,FALSE,
RAINBOW TROUT,common,ONCORHYNCHUS MYKISS,TRUE,common to scientific name
OPSOPOEODUS EMILIAE,scientific,OPSOPOEODUS EMILIAE,FALSE,
PUGNOSE MINNOW,common,OPSOPOEODUS EMILIAE,TRUE,common to scientific name
PERCA FLAVESCENS,scientific,PERCA FLAVESCENS,FALSE,
YELLOW PERCH,common,PERCA FLAVESCENS,TRUE,common to scientific name
PERCIDAE,scientific,PERCIDAE,FALSE,
PERCHES,common,PERCIDAE,TRUE,common to scientific name
UNIDENTIFIED FISH IN VIAL - DARTER,common,PERCIDAE,TRUE,common to scientific name
PERCINA,scientific,PERCINA,FALSE,
ROUGHBELLY DARTERS,common,PERCINA,TRUE,common to scientific name
PERCINA SPP.,scientific,PERCINA,TRUE,syntax
PERCINA CAPRODES,scientific,PERCINA CAPRODES,FALSE,
LOGPERCH,common,PERCINA CAPRODES,TRUE,common to scientific name
PERCINA CAPRODES FULVITAENIA,scientific,PERCINA CAPRODES,TRUE,removed sub-species
PERCINA COPELANDI,scientific,PERCINA COPELANDI,FALSE,
CHANNEL DARTER,common,PERCINA COPELANDI,TRUE,common to scientific name
PERCINA CYMATOTAENIA,scientific,PERCINA CYMATOTAENIA,FALSE,
BLUESTRIPE DARTER,common,PERCINA CYMATOTAENIA,TRUE,common to scientific name
PERCINA EVIDES,scientific,PERCINA EVIDES,FALSE,
GILT DARTER,common,PERCINA EVIDES,TRUE,common to scientific name
PERCINA FULVITAENIA,scientific,PERCINA FULVITAENIA,FALSE,
OZARK LOGPERCH,common,PERCINA FULVITAENIA,TRUE,common to scientific name
PERCINA MACROLEPIDA,scientific,PERCINA MACROLEPIDA,FALSE,
BIGSCALE LOGPERCH,common,PERCINA MACROLEPIDA,TRUE,common to scientific name
PERCINA MACULATA,scientific,PERCINA MACULATA,FALSE,
BLACKSIDE DARTER,common,PERCINA MACULATA,TRUE,common to scientific name
PERCINA NASUTA,scientific,PERCINA NASUTA,FALSE,
LONGNOSE DARTER,common,PERCINA NASUTA,TRUE,common to scientific name
PERCINA PANTHERINA,scientific,PERCINA PANTHERINA,FALSE,
LEOPARD DARTER,common,PERCINA PANTHERINA,TRUE,common to scientific name
PERCINA PHOXOCEPHALA,scientific,PERCINA PHOXOCEPHALA,FALSE,
SLENDERHEAD DARTER,common,PERCINA PHOXOCEPHALA,TRUE,common to scientific name
PERCINA PHOXOCEPHALA X CAPRODES,scientific,PERCINA PHOXOCEPHALA X CAPRODES,FALSE,
SLENDERHEAD DARTER X LOGPERCH,common,PERCINA PHOXOCEPHALA X CAPRODES,TRUE,common to scientific name
SLENDERHEAD DARTER X LOGPERCH HYBRID,common,PERCINA PHOXOCEPHALA X CAPRODES,TRUE,common to scientific name
PERCINA SCIERA,scientific,PERCINA SCIERA,FALSE,
DUSKY DARTER,common,PERCINA SCIERA,TRUE,common to scientific name
PERCINA SHUMARDI,scientific,PERCINA SHUMARDI,FALSE,
RIVER DARTER,common,PERCINA SHUMARDI,TRUE,common to scientific name
PERCINA URANIDEA,scientific,PERCINA URANIDEA,FALSE,
STARGAZING DARTER,common,PERCINA URANIDEA,TRUE,common to scientific name
PERCINA VIGIL,scientific,PERCINA VIGIL,FALSE,
SADDLEBACK DARTER,common,PERCINA VIGIL,TRUE,common to scientific name
PERCOPSIS OMISCOMAYCUS,scientific,PERCOPSIS OMISCOMAYCUS,FALSE,
TROUT-PERCH,common,PERCOPSIS OMISCOMAYCUS,TRUE,common to scientific name
PETROMYZONTIDAE,scientific,PETROMYZONTIDAE,FALSE,
LAMPREY,common,PETROMYZONTIDAE,TRUE,common to scientific name
PETROMYZONTIFORMES AMMOCOETE,scientific,PETROMYZONTIFORMES AMMOCOETE,FALSE,
LAMPREY AMMOCETE,common,PETROMYZONTIFORMES AMMOCOETE,TRUE,common to scientific name
LAMPREY AMMOCOETE,common,PETROMYZONTIFORMES AMMOCOETE,TRUE,common to scientific name
AMMOCOETE,scientific,PETROMYZONTIFORMES AMMOCOETE,TRUE,naming scheme
PHENACOBIUS MIRABILIS,scientific,PHENACOBIUS MIRABILIS,FALSE,
SUCKERMOUTH MINNOW,common,PHENACOBIUS MIRABILIS,TRUE,common to scientific name
PHENACOBIUS MIRABLILUS,scientific,PHENACOBIUS MIRABILIS,TRUE,misspelling
PHOXINUS,scientific,PHOXINUS,FALSE,
PIMEPHALES NOTATUS,scientific,PIMEPHALES NOTATUS,FALSE,
BLUNTNOSE MINNOW,common,PIMEPHALES NOTATUS,TRUE,common to scientific name
PIMEPHALES PROMELAS,scientific,PIMEPHALES PROMELAS,FALSE,
FATHEAD MINNOW,common,PIMEPHALES PROMELAS,TRUE,common to scientific name
PIMEPHALES TENELLUS,scientific,PIMEPHALES TENELLUS,FALSE,
SLIM MINNOW,common,PIMEPHALES TENELLUS,TRUE,common to scientific name
PIMEPHALES VIGILAX,scientific,PIMEPHALES VIGILAX,FALSE,
BULLHEAD MINNOW,common,PIMEPHALES VIGILAX,TRUE,common to scientific name
PLATYGOBIO GRACILIS,scientific,PLATYGOBIO GRACILIS,FALSE,
FLATHEAD CHUB,common,PLATYGOBIO GRACILIS,TRUE,common to scientific name
POLYODON SPATHULA,scientific,POLYODON SPATHULA,FALSE,
PADDLEFISH,common,POLYODON SPATHULA,TRUE,common to scientific name
POMOXIS,scientific,POMOXIS,FALSE,
CRAPPIES,common,POMOXIS,TRUE,common to scientific name
POMOXIS SPP.,scientific,POMOXIS,TRUE,syntax
POMOXIS ANNULARIS,scientific,POMOXIS ANNULARIS,FALSE,
WHITE CRAPPIE,common,POMOXIS ANNULARIS,TRUE,common to scientific name
POMOXIS NIGROMACULATUS,scientific,POMOXIS NIGROMACULATUS,FALSE,
BLACK CRAPPIE,common,POMOXIS NIGROMACULATUS,TRUE,common to scientific name
PYLODICTIS OLIVARIS,scientific,PYLODICTIS OLIVARIS,FALSE,
FLATHEAD CATFISH,common,PYLODICTIS OLIVARIS,TRUE,common to scientific name
PYLODICTUS OLIVARIS,scientific,PYLODICTIS OLIVARIS,TRUE,slight name difference
PYLODICTUS OLIVARUS,scientific,PYLODICTIS OLIVARIS,TRUE,slight name difference
RHINICHTHYS ATRATULUS,scientific,RHINICHTHYS ATRATULUS,FALSE,
EASTERN BLACKNOSE DACE,common,RHINICHTHYS ATRATULUS,TRUE,common to scientific name
RHINICHTHYS CATARACTAE,scientific,RHINICHTHYS CATARACTAE,FALSE,
LONGNOSE DACE,common,RHINICHTHYS CATARACTAE,TRUE,common to scientific name
RHINICHTHYS OBTUSUS,scientific,RHINICHTHYS OBTUSUS,FALSE,
WESTERN BLACKNOSE DACE,common,RHINICHTHYS OBTUSUS,TRUE,common to scientific name
SALMO TRUTTA,scientific,SALMO TRUTTA,FALSE,
BROWN TROUT,common,SALMO TRUTTA,TRUE,common to scientific name
SALMO TRUTTA X SALVELINUS FONTINALIS,scientific,SALMO TRUTTA X SALVELINUS FONTINALIS,FALSE,
TIGER TROUT,common,SALMO TRUTTA X SALVELINUS FONTINALIS,TRUE,common to scientific name
SALVELINUS FONTINALIS,scientific,SALVELINUS FONTINALIS,FALSE,
BROOK TROUT,common,SALVELINUS FONTINALIS,TRUE,common to scientific name
SANDER CANADENSIS,scientific,SANDER CANADENSIS,FALSE,
SAUGER,common,SANDER CANADENSIS,TRUE,common to scientific name
SANDER CANADENSE,scientific,SANDER CANADENSIS,TRUE,slight name difference
SANDER VITREUS,scientific,SANDER VITREUS,FALSE,
WALLEYE,common,SANDER VITREUS,TRUE,common to scientific name
WALLEYE (DEAD ON BANK),common,SANDER VITREUS,TRUE,common to scientific name
STIZOSTEDION VITREUM,scientific,SANDER VITREUS,TRUE,synonymous with SANDER VITREUS
SANDER VITREUS X CANADENSIS,scientific,SANDER VITREUS X CANADENSIS,FALSE,
SAUGEYE,common,SANDER VITREUS X CANADENSIS,TRUE,common to scientific name
SANDER VITREUM X CANADENSE,scientific,SANDER VITREUS X CANADENSIS,TRUE,slight name difference
SCAPHIRHYNCHUS PLATORYNCHUS,scientific,SCAPHIRHYNCHUS PLATORYNCHUS,FALSE,
SHOVELNOSE STURGEON,common,SCAPHIRHYNCHUS PLATORYNCHUS,TRUE,common to scientific name
SEMOTILUS ATROMACULATUS,scientific,SEMOTILUS ATROMACULATUS,FALSE,
CREEK CHUB,common,SEMOTILUS ATROMACULATUS,TRUE,common to scientific name
SEMOTILUS ARTOMACULATUS,scientific,SEMOTILUS ATROMACULATUS,TRUE,misspelling
UMBRA LIMI,scientific,UMBRA LIMI,FALSE,
CENTRAL MUDMINNOW,common,UMBRA LIMI,TRUE,common to scientific name
UNIDENTIFIED,common,UNIDENTIFIED,FALSE,
UNK. SP.,scientific,UNIDENTIFIED,TRUE,naming scheme
