orig_TaxaID,OTU_BCG_MO,ModifiedBCG,Notes
ABLABESMYIA,ABLABESMYIA,FALSE,
ACARINA,ACARINA,FALSE,
ACENTRELLA,ACENTRELLA,FALSE,
ACERPENNA,ACERPENNA,FALSE,
ACILIUS,ACILIUS,FALSE,
ACILIUS FRATERNUS,ACILIUS FRATERNUS,FALSE,
ACRONEURIA,ACRONEURIA,FALSE,
AEDES,AEDES,FALSE,
AESHNA,AESHNA,FALSE,
AESHNIDAE,AESHNIDAE,FALSE,
AGABUS,AGABUS,FALSE,
AGAPETUS,AGAPETUS,FALSE,
AGNETINA CAPITATA,AGNETINA CAPITATA,FALSE,
AGNETINA FLAVESCENS,AGNETINA FLAVESCENS,FALSE,
AGRYPNIA,AGRYPNIA,FALSE,
ALLOCAPNIA,ALLOCAPNIA,FALSE,
ALLOCRANGONYX,ALLOCRANGONYX,FALSE,
ALLOGNOSTA,ALLOGNOSTA,FALSE,
ALLOGNOSTRA,ALLOGNOSTA,TRUE,misspelling
ALLOPERLA,ALLOPERLA,FALSE,
AMELETIDAE,AMELETIDAE,FALSE,
AMELETUS,AMELETUS,FALSE,
AMELETUS LINEATUS,AMELETUS LINEATUS,FALSE,
AMELETUS LUDENS,AMELETUS LUDENS,FALSE,
AMERCAENIS,AMERCAENIS,FALSE,
AMPHIAGRION,AMPHIAGRION,FALSE,
AMPHINEMURA,AMPHINEMURA,FALSE,
AMPHIPODA,AMPHIPODA,FALSE,
ANACAENA,ANACAENA,FALSE,
ANAFROPTILUM,ANAFROPTILUM,FALSE,
ANAX,ANAX,FALSE,
ANCYLIDAE,ANCYLIDAE,FALSE,
ANCYRONYX,ANCYRONYX,FALSE,
ANCYRONYX VARIEGATUS,ANCYRONYX VARIEGATUS,FALSE,
ANISOPTERA,ANISOPTERA,FALSE,
ANOPHELES,ANOPHELES,FALSE,
ANTHOPOTAMUS,ANTHOPOTAMUS,FALSE,
ANTOCHA,ANTOCHA,FALSE,
APEDILUM,APEDILUM,FALSE,
APOBAETIS,APOBAETIS,FALSE,
AQUARIUS,AQUARIUS,FALSE,
ARCHILESTES,ARCHILESTES,FALSE,
ARGIA,ARGIA,FALSE,
ARIGOMPHUS,ARIGOMPHUS,FALSE,
ASELLIDAE,ASELLIDAE,FALSE,
ASHEUM BECKAE,ASHEUM BECKAE,FALSE,
ATHERIX,ATHERIX,FALSE,
ATTANEURIA RURALIS,ATTANEURIA RURALIS,FALSE,
AULODRILUS,AULODRILUS,FALSE,
AULODRILUS PIGUETI,AULODRILUS PIGUETI,FALSE,
AXARUS,AXARUS,FALSE,
BACTRURUS,BACTRURUS,FALSE,
BAETIDAE,BAETIDAE,FALSE,
BAETIS,BAETIS,FALSE,
BAETISCA,BAETISCA,FALSE,
BAETISCA LACUSTRIS,BAETISCA LACUSTRIS,FALSE,
BAETISCA OBESA,BAETISCA OBESA,FALSE,
BAETISCIDAE,BAETISCIDAE,FALSE,
BANKSIOLA,BANKSIOLA,FALSE,
BARBAETIS,BARBAETIS,FALSE,
BASIAESCHNA,BASIAESCHNA,FALSE,
BASIAESCHNA JANATA,BASIAESCHNA JANATA,FALSE,
BELLURA,BELLURA,FALSE,
BELOSTOMA,BELOSTOMA,FALSE,
BEROSUS,BEROSUS,FALSE,
BEZZIA/PALPOMYIA,BEZZIA/PALPOMYIA,FALSE,
BIDESSONOTUS,BIDESSONOTUS,FALSE,
BITTACOMORPHA,BITTACOMORPHA,FALSE,
BOYERIA,BOYERIA,FALSE,
BRACHYCERCUS,BRACHYCERCUS,FALSE,
BRACHYVATUS,BRACHYVATUS,FALSE,
BRACONIDAE,BRACONIDAE,FALSE,
BRANCHIOBDELLIDA,BRANCHIOBDELLIDA,FALSE,
BRANCHIURA SOWERBYI,BRANCHIURA SOWERBYI,FALSE,
BRILLIA,BRILLIA,FALSE,
BRYOPHAENOCLADIUS,BRYOPHAENOCLADIUS,FALSE,
BUENOA,BUENOA,FALSE,
CAECIDOTEA,CAECIDOTEA,FALSE,
CAECIDOTEA (BLIND & UNPIGMENTED),CAECIDOTEA,TRUE,naming scheme
CAECIDOTEA (EPIGEAN),CAECIDOTEA,TRUE,naming scheme
CAECIDOTEA (HYPOGEAN),CAECIDOTEA,TRUE,naming scheme
CAENIDAE,CAENIDAE,FALSE,
CAENIS,CAENIS,FALSE,
CAENIS AMICA,CAENIS AMICA,FALSE,
CAENIS ANCEPS,CAENIS ANCEPS,FALSE,
CAENIS HILARIS,CAENIS HILARIS,FALSE,
CAENIS LATIPENNIS,CAENIS LATIPENNIS,FALSE,
CAENIS PUNCTATA,CAENIS PUNCTATA,FALSE,
CALLIBAETIS,CALLIBAETIS,FALSE,
CALOPARYPHUS,CALOPARYPHUS,FALSE,
CALOPTERYGIDAE,CALOPTERYGIDAE,FALSE,
CALOPTERYX,CALOPTERYX,FALSE,
CAMBARELLUS PUER,CAMBARELLUS PUER,FALSE,
CAMBARIDAE,CAMBARIDAE,FALSE,
CAMBARUS DIOGENES,CAMBARUS DIOGENES,FALSE,
CAMBARUS HUBBSI,CAMBARUS HUBBSI,FALSE,
CAMBARUS MACULATUS,CAMBARUS MACULATUS,FALSE,
CAMPELOMA,CAMPELOMA,FALSE,
CAPNIIDAE,CAPNIIDAE,FALSE,
CARDIOCLADIUS,CARDIOCLADIUS,FALSE,
CENTROPTILUM,ANAFROPTILUM,TRUE,nomenclature change
CERACLEA,CERACLEA,FALSE,
CERATOPOGONIDAE,CERATOPOGONIDAE,FALSE,
CERATOPOGONINAE,CERATOPOGONINAE,FALSE,
CERATOPSYCHE,CERATOPSYCHE,FALSE,
CERATOPSYCHE MOROSA GROUP,CERATOPSYCHE MOROSA GROUP,FALSE,
CERATOPSYCHE MOROSA GRP,CERATOPSYCHE MOROSA GROUP,TRUE,naming scheme (group)
CERATOPSYCHE PIATRIX,CERATOPSYCHE PIATRIX,FALSE,
CERATOPSYCHE SLOSSONAE,CERATOPSYCHE SLOSSONAE,FALSE,
CERCOBRACHYS,CERCOBRACHYS,FALSE,
CERNOTINA,CERNOTINA,FALSE,
CHAETARTHRIA,CHAETARTHRIA,FALSE,
CHAETOCLADIUS,CHAETOCLADIUS,FALSE,
CHAOBORUS,CHAOBORUS,FALSE,
CHAULIODES,CHAULIODES,FALSE,
CHAULIODES PECTINICORNIS,CHAULIODES PECTINICORNIS,FALSE,
CHAULIODES RASTRICORNIS,CHAULIODES RASTRICORNIS,FALSE,
CHELIFERA,CHELIFERA,FALSE,
CHEUMATOPSYCHE,CHEUMATOPSYCHE,FALSE,
CHEUMATOSPYCHE,CHEUMATOPSYCHE,TRUE,misspelling
CHIMARRA,CHIMARRA,FALSE,
CHIRONOMIDAE,CHIRONOMIDAE,FALSE,
CHIRONOMINAE,CHIRONOMINAE,FALSE,
CHIRONOMINI,CHIRONOMINI,FALSE,
CHIRONOMUS,CHIRONOMUS,FALSE,
CHLOROPERLIDAE,CHLOROPERLIDAE,FALSE,
CHLOROTABANUS,CHLOROTABANUS,FALSE,
CHORDODIDAE,CHORDODIDAE,FALSE,
CHOROTERPES,CHOROTERPES,FALSE,
CHROMAGRION,CHROMAGRION,FALSE,
CHRYSOMELIDAE,CHRYSOMELIDAE,FALSE,
CHRYSOPS,CHRYSOPS,FALSE,
CLADOPELMA,CLADOPELMA,FALSE,
CLADOTANYTARSUS,CLADOTANYTARSUS,FALSE,
CLIMACIA,CLIMACIA,FALSE,
CLINOCERA,CLINOCERA,FALSE,
CLINOTANYPUS,CLINOTANYPUS,FALSE,
CLIOPERLA CLIO,CLIOPERLA CLIO,FALSE,
CNEPHIA,CNEPHIA,FALSE,
COELOTANYPUS,COELOTANYPUS,FALSE,
COENAGRIONIDAE,COENAGRIONIDAE,FALSE,
COLEOPTERA,COLEOPTERA,FALSE,
CONCHAPELOPIA,CONCHAPELOPIA,FALSE,
CONSTEMPELLINA,CONSTEMPELLINA,FALSE,
COPELATUS,COPELATUS,FALSE,
COPTOTOMUS,COPTOTOMUS,FALSE,
CORBICULA,CORBICULA,FALSE,
CORDULEGASTER,CORDULEGASTER,FALSE,
CORDULIIDAE,CORDULIIDAE,FALSE,
CORDULIINAE,CORDULIINAE,FALSE,
CORISELLA,CORISELLA,FALSE,
CORIXIDAE,CORIXIDAE,FALSE,
CORYDALUS,CORYDALUS,FALSE,
CORYNONEURA,CORYNONEURA,FALSE,
COSSIDAE,COSSIDAE,FALSE,
CRAMBIDAE,CRAMBIDAE,FALSE,
CRANGONYX,CRANGONYX,FALSE,
CRICOTOPUS /ORTHOCLADIUS,CRICOTOPUS/ORTHOCLADIUS,TRUE,space
CRICOTOPUS BICINCTUS,CRICOTOPUS BICINCTUS GROUP,TRUE,naming scheme (group)
CRICOTOPUS BICINCTUS GROUP,CRICOTOPUS BICINCTUS GROUP,FALSE,
CRICOTOPUS SYLVESTRIS GROUP,CRICOTOPUS SYLVESTRIS GROUP,FALSE,
CRICOTOPUS SYLVESTRIS GRP,CRICOTOPUS SYLVESTRIS GROUP,TRUE,naming scheme (group)
CRICOTOPUS TRIFASCIA,CRICOTOPUS TRIFASCIA,FALSE,
CRICOTOPUS/ORTHOCLADIUS,CRICOTOPUS/ORTHOCLADIUS,FALSE,
CRYPTOCHIRONOMUS,CRYPTOCHIRONOMUS,FALSE,
CRYPTOLABIS,CRYPTOLABIS,FALSE,
CRYPTOTENDIPES,CRYPTOTENDIPES,FALSE,
CULEX,CULEX,FALSE,
CULICIDAE,CULICIDAE,FALSE,
CULISETA,CULISETA,FALSE,
CYBISTER,CYBISTER,FALSE,
CYCLORRHAPHOUS-BRACHYCERA,CYCLORRHAPHOUS-BRACHYCERA,FALSE,
CYMBIODYTA,CYMBIODYTA,FALSE,
CYRNELLUS,CYRNELLUS,FALSE,
CYRNELLUS FRATERNUS,CYRNELLUS FRATERNUS,FALSE,
DACTYLOLABIS,DACTYLOLABIS,FALSE,
DANNELLA,DANNELLA,FALSE,
DANNELLA LITA,DANNELLA LITA,FALSE,
DASYHELEINAE,DASYHELEINAE,FALSE,
DEMICRYPTOCHIRONOMUS,DEMICRYPTOCHIRONOMUS,FALSE,
DESMOPACHNIA,DESMOPACHRIA,TRUE,misspelling
DESMOPACHRIA,DESMOPACHRIA,FALSE,
DIAMESA,DIAMESA,FALSE,
DIBUSA ANGATA,DIBUSA ANGATA,FALSE,
DICRANOPSELAPHUS,DICRANOPSELAPHUS,FALSE,
DICRANOTA,DICRANOTA,FALSE,
DICROTENDIPES,DICROTENDIPES,FALSE,
DIDYMOPS,DIDYMOPS,FALSE,
DINEUTUS,DINEUTUS,FALSE,
DIPHETOR,DIPHETOR,FALSE,
DIPLECTRONA,DIPLECTRONA,FALSE,
DIPLOCLADIUS,DIPLOCLADIUS,FALSE,
DIPTERA,DIPTERA,FALSE,
DIXA,DIXA,FALSE,
DIXELLA,DIXELLA,FALSE,
DIXIDAE,DIXIDAE,FALSE,
DJALMABATISTA,DJALMABATISTA,FALSE,
DOLICHOPODIDAE,DOLICHOPODIDAE,FALSE,
DROMOGOMPHUS,DROMOGOMPHUS,FALSE,
DRYOPIDAE,DRYOPIDAE,FALSE,
DUBIRAPHIA,DUBIRAPHIA,FALSE,
DYTHEMIS,DYTHEMIS,FALSE,
DYTISCIDAE,DYTISCIDAE,FALSE,
DYTISCUS,DYTISCUS,FALSE,
ECTOPRIA,ECTOPRIA,FALSE,
ECTOPRIA NERVOSA,ECTOPRIA NERVOSA,FALSE,
EINFELDIA,EINFELDIA,FALSE,
ELIMIA,ELIMIA,FALSE,
ELIMIDAE,ELMIDAE,TRUE,misspelling
ELMIDAE,ELMIDAE,FALSE,
EMPIDIDAE,EMPIDIDAE,FALSE,
ENALLAGMA,ENALLAGMA,FALSE,
ENCHYTRAEIDAE,ENCHYTRAEIDAE,FALSE,
ENDOCHIRONOMUS,ENDOCHIRONOMUS,FALSE,
ENDOTRIBELOS,ENDOTRIBELOS,FALSE,
ENOCHRUS,ENOCHRUS,FALSE,
EPHEMERA,EPHEMERA,FALSE,
EPHEMERA SIMULANS,EPHEMERA SIMULANS,FALSE,
EPHEMERELLA,EPHEMERELLA,FALSE,
EPHEMERELLA INVARIA,EPHEMERELLA INVARIA,FALSE,
EPHEMERELLA NEEDHAMI,EPHEMERELLA NEEDHAMI,FALSE,
EPHEMERELLA SUBVARIA,EPHEMERELLA SUBVARIA,FALSE,
EPHEMERELLIDAE,EPHEMERELLIDAE,FALSE,
EPHEMERIDAE,EPHEMERIDAE,FALSE,
EPHEMEROPTERA,EPHEMEROPTERA,FALSE,
EPHORON,EPHORON,FALSE,
EPHYDRIDAE,EPHYDRIDAE,FALSE,
EPIAESCHNA HEROS,EPIAESCHNA HEROS,FALSE,
EPICORDULIA,EPICORDULIA,FALSE,
EPITHECA (EPICORDULIA),EPITHECA (EPICORDULIA),FALSE,
EPITHECA (TETRAGONEURIA),EPITHECA (TETRAGONEURIA),FALSE,
EPOICOCLADIUS,EPOICOCLADIUS,FALSE,
ERIOPTERA,ERIOPTERA,FALSE,
ERPETOGOMPHUS,ERPETOGOMPHUS,FALSE,
ERPOBDELLIDAE,ERPOBDELLIDAE,FALSE,
ERYTHEMIS,ERYTHEMIS,FALSE,
ERYTHRODIPLAX,ERYTHRODIPLAX,FALSE,
EUBRANCHIPUS SERRATUS,EUBRANCHIPUS SERRATUS,FALSE,
EUKIEFFERIELLA,EUKIEFFERIELLA,FALSE,
EUKIEFFERIELLA BREHMI GROUP,EUKIEFFERIELLA BREHMI GROUP,FALSE,
EUKIEFFERIELLA BREHMI GRP,EUKIEFFERIELLA BREHMI GROUP,TRUE,naming scheme (group)
EUKIEFFERIELLA BREMI GROUP,EUKIEFFERIELLA BREHMI GROUP,TRUE,misspelling and naming scheme (group)
EUKIEFFERIELLA BREVICALCAR GROUP,EUKIEFFERIELLA BREVICALCAR GROUP,FALSE,
EUKIEFFERIELLA CLARIPENNIS GROUP,EUKIEFFERIELLA CLARIPENNIS GROUP,FALSE,
EUKIEFFERIELLA DEVONICA GROUP,EUKIEFFERIELLA DEVONICA GROUP,FALSE,
EUKIEFFERIELLA DEVONICA GRP,EUKIEFFERIELLA DEVONICA GROUP,TRUE,naming scheme (group)
EUKIEFFERIELLA GRACEI GROUP,EUKIEFFERIELLA GRACEI GROUP,FALSE,
EUKIEFFERIELLA GRACEI GRP,EUKIEFFERIELLA GRACEI GROUP,TRUE,naming scheme (group)
EUPARYPHUS,EUPARYPHUS,FALSE,
EURYLOPHELLA,EURYLOPHELLA,FALSE,
EURYLOPHELLA AESTIVA,EURYLOPHELLA AESTIVA,FALSE,
EURYLOPHELLA BICOLOR,EURYLOPHELLA BICOLOR,FALSE,
EURYLOPHELLA ENOENSIS,EURYLOPHELLA ENOENSIS,FALSE,
EURYLOPHELLA MACDUNNOUGHI,EURYLOPHELLA MACDUNNOUGHI,FALSE,
FALLCEON,FALLCEON,FALSE,
FALLICAMBARUS FODIENS,FALLICAMBARUS FODIENS,FALSE,
FAXONIUS,FAXONIUS,FALSE,
FAXONIUS HARRISONII,FAXONIUS HARRISONII,FALSE,
FAXONIUS HYLAS,FAXONIUS HYLAS,FALSE,
FAXONIUS IMMUNIS,FAXONIUS IMMUNIS,FALSE,
FAXONIUS LONGIDIGITUS,FAXONIUS LONGIDIGITUS,FALSE,
FAXONIUS LUTEUS,FAXONIUS LUTEUS,FALSE,
FAXONIUS MACRUS,FAXONIUS MACRUS,FALSE,
FAXONIUS MEDIUS,FAXONIUS MEDIUS,FALSE,
FAXONIUS NEGLECTUS,FAXONIUS NEGLECTUS,FALSE,
FAXONIUS OZARKAE,FAXONIUS OZARKAE,FALSE,
FAXONIUS PALMERI,FAXONIUS PALMERI,FALSE,
FAXONIUS PERUNCUS,FAXONIUS PERUNCUS,FALSE,
FAXONIUS PUNCTIMANUS,FAXONIUS PUNCTIMANUS,FALSE,
FAXONIUS QUADRUNCUS,FAXONIUS QUADRUNCUS,FALSE,
FAXONIUS VIRILIS,FAXONIUS VIRILIS,FALSE,
FAXONIUS WILLIAMSI,FAXONIUS WILLIAMSI,FALSE,
FERRISSIA,FERRISSIA,FALSE,
FITTKAUIMYIA,FITTKAUIMYIA,FALSE,
FORCIPOMYIINAE,FORCIPOMYIINAE,FALSE,
FOSSARIA,FOSSARIA,FALSE,
GAMMARUS,GAMMARUS,FALSE,
GELASTOCORIS,GELASTOCORIS,FALSE,
GEORTHOCLADIUS,GEORTHOCLADIUS,FALSE,
GERRIDAE,GERRIDAE,FALSE,
GERRIS,GERRIS,FALSE,
GLOSSIPHONIIDAE,GLOSSIPHONIIDAE,FALSE,
GLOSSOSOMA,GLOSSOSOMA,FALSE,
GLOSSOSOMATIDAE,GLOSSOSOMATIDAE,FALSE,
GLYPTOTENDIPES,GLYPTOTENDIPES,FALSE,
GOELDICHIRONOMUS,GOELDICHIRONOMUS,FALSE,
GOMPHIDAE,GOMPHIDAE,FALSE,
GOMPHUS,GOMPHUS,FALSE,
GONOMYIA,GONOMYIA,FALSE,
GORDIIDAE,GORDIIDAE,FALSE,
GRAPHODERUS,GRAPHODERUS,FALSE,
GRAPHODERUS LIBERUS,GRAPHODERUS LIBERUS,FALSE,
GUTTIPELOPIA,GUTTIPELOPIA,FALSE,
GYMNOCHTHEBIUS,GYMNOCHTHEBIUS,FALSE,
GYMNOMETRIOCNEMUS,GYMNOMETRIOCNEMUS,FALSE,
GYRAULUS,GYRAULUS,FALSE,
GYRETES,GYRETES,FALSE,
GYRINIDAE,GYRINIDAE,FALSE,
GYRINUS,GYRINUS,FALSE,
HABROPHLEBIODES,HABROPHLEBIODES,FALSE,
HAEMOPIS TERRESTRIS,HAEMOPIS TERRESTRIS,FALSE,
HAGENIUS,HAGENIUS,FALSE,
HAGENIUS BREVISTYLUS,HAGENIUS BREVISTYLUS,FALSE,
HALIPLIDAE,HALIPLIDAE,FALSE,
HALIPLUS,HALIPLUS,FALSE,
HAPLOPERLA,HAPLOPERLA,FALSE,
HAPLOTAXIDAE,HAPLOTAXIDAE,FALSE,
HAPLOTAXIS,HAPLOTAXIS,FALSE,
HARNISCHIA,HARNISCHIA,FALSE,
HEBRIDAE,HEBRIDAE,FALSE,
HEBRUS,HEBRUS,FALSE,
HELICHUS,HELICHUS,FALSE,
HELICHUS BASALIS,HELICHUS BASALIS,FALSE,
HELICHUS FASTIGIATUS,HELICHUS FASTIGIATUS,FALSE,
HELICHUS LITHOPHILUS,HELICHUS LITHOPHILUS,FALSE,
HELICHUS STRIATUS,HELICHUS STRIATUS,FALSE,
HELICOPSYCHE,HELICOPSYCHE,FALSE,
HELICOPSYCHIDAE,HELICOPSYCHIDAE,FALSE,
HELISOMA,HELISOMA,FALSE,
HELIUS,HELIUS,FALSE,
HELOCHARES,HELOCHARES,FALSE,
HELOCOMBUS,HELOCOMBUS,FALSE,
HELOCORDULIA,HELOCORDULIA,FALSE,
HELOPELOPIA,HELOPELOPIA,FALSE,
HELOPHORUS,HELOPHORUS,FALSE,
HELOPICUS NALATUS,HELOPICUS NALATUS,FALSE,
HEMERODROMIA,HEMERODROMIA,FALSE,
HEPTAGENIA,HEPTAGENIA,FALSE,
HEPTAGENIIDAE,HEPTAGENIIDAE,FALSE,
HESPEROCORIXA,HESPEROCORIXA,FALSE,
HETAERINA,HETAERINA,FALSE,
HETERELMIS,HETERELMIS,FALSE,
HETEROCERIDAE,HETEROCERIDAE,FALSE,
HETEROCLOEON,HETEROCLOEON,FALSE,
HETEROSTERNUTA,HETEROSTERNUTA,FALSE,
HETEROSTERNUTA PULCHRA,HETEROSTERNUTA PULCHRA,FALSE,
HETEROSTERNUTA WICKHAMI,HETEROSTERNUTA WICKHAMI,FALSE,
HETEROTRISSOCLADIUS,HETEROTRISSOCLADIUS,FALSE,
HEXAGENIA,HEXAGENIA,FALSE,
HEXAGENIA ATROCAUDATA,HEXAGENIA ATROCAUDATA,FALSE,
HEXAGENIA LIMBATA,HEXAGENIA LIMBATA,FALSE,
HEXATOMA,HEXATOMA,FALSE,
HIRUDINIDAE,HIRUDINIDAE,FALSE,
HIRUNDINIDAE,HIRUDINIDAE,TRUE,misspelling
HYALELLA AZTECA,HYALELLA AZTECA,FALSE,
HYBOMITRA,HYBOMITRA,FALSE,
HYDATICUS,HYDATICUS,FALSE,
HYDATOPHYLAX,HYDATOPHYLAX,FALSE,
HYDRACARINA,HYDRACARINA,FALSE,
HYDRAENA,HYDRAENA,FALSE,
HYDROBAENUS,HYDROBAENUS,FALSE,
HYDROBIIDAE,HYDROBIIDAE,FALSE,
HYDROBIUS,HYDROBIUS,FALSE,
HYDROCANTHUS,HYDROCANTHUS,FALSE,
HYDROCHARA,HYDROCHARA,FALSE,
HYDROCHUS,HYDROCHUS,FALSE,
HYDROMETRA,HYDROMETRA,FALSE,
HYDROPERLA,HYDROPERLA,FALSE,
HYDROPERLA CROSBYI,HYDROPERLA CROSBYI,FALSE,
HYDROPHILIDAE,HYDROPHILIDAE,FALSE,
HYDROPHILUS,HYDROPHILUS,FALSE,
HYDROPORUS,HYDROPORUS,FALSE,
HYDROPSYCHE,HYDROPSYCHE,FALSE,
HYDROPSYCHIDAE,HYDROPSYCHIDAE,FALSE,
HYDROPTILA,HYDROPTILA,FALSE,
HYDROPTILIDAE,HYDROPTILIDAE,FALSE,
HYDROVATUS,HYDROVATUS,FALSE,
HYGROTUS,HYGROTUS,FALSE,
HYPORHYGMA,HYPORHYGMA,FALSE,
ILYBIUS,ILYBIUS,FALSE,
ILYODRILUS TEMPLETONI,ILYODRILUS TEMPLETONI,FALSE,
IRONOQUIA,IRONOQUIA,FALSE,
ISCHNURA,ISCHNURA,FALSE,
ISONYCHIA,ISONYCHIA,FALSE,
ISONYCHIA BICOLOR,ISONYCHIA BICOLOR,FALSE,
ISONYCHIA RUFA,ISONYCHIA RUFA,FALSE,
ISONYCHIA SICCA,ISONYCHIA SICCA,FALSE,
ISONYCHIIDAE,ISONYCHIIDAE,FALSE,
ISOPERLA,ISOPERLA,FALSE,
KIEFFERULUS,KIEFFERULUS,FALSE,
KLOOSIA,KLOOSIA,FALSE,
KRENOPELOPIA,KRENOPELOPIA,FALSE,
KRENOSMITTIA,KRENOSMITTIA,FALSE,
KRIBIODORUM PERPULCHRUM,KRIBIODORUM PERPULCHRUM,FALSE,
LABRUNDINIA,LABRUNDINIA,FALSE,
LACCOBIUS,LACCOBIUS,FALSE,
LACCODYTES,LACCODYTES,FALSE,
LACCOPHILUS,LACCOPHILUS,FALSE,
LAEVAPEX,LAEVAPEX,FALSE,
LARSIA,LARSIA,FALSE,
LAUTERBORNIELLA,LAUTERBORNIELLA,FALSE,
LEPIDOPTERA,LEPIDOPTERA,FALSE,
LEPIDOSTOMA,LEPIDOSTOMA,FALSE,
LEPTOCERIDAE,LEPTOCERIDAE,FALSE,
LEPTOCERUS AMERICANUS,LEPTOCERUS AMERICANUS,FALSE,
LEPTOHYPHIDAE,LEPTOHYPHIDAE,FALSE,
LEPTOPHLEBIA,LEPTOPHLEBIA,FALSE,
LEPTOPHLEBIIDAE,LEPTOPHLEBIIDAE,FALSE,
LEPTOXIS,LEPTOXIS,FALSE,
LESTES,LESTES,FALSE,
LESTIDAE,LESTIDAE,FALSE,
LETHOCERUS,LETHOCERUS,FALSE,
LEUCOTRICHIA,LEUCOTRICHIA,FALSE,
LEUCROCUTA,LEUCROCUTA,FALSE,
LEUCTRA,LEUCTRA,FALSE,
LEUCTRIDAE,LEUCTRIDAE,FALSE,
LIBELLULA,LIBELLULA,FALSE,
LIBELLULIDAE,LIBELLULIDAE,FALSE,
LIBELLULINAE,LIBELLULINAE,FALSE,
LIMNEBIUS,LIMNEBIUS,FALSE,
LIMNEPHILIDAE,LIMNEPHILIDAE,FALSE,
LIMNODRILUS,LIMNODRILUS,FALSE,
LIMNODRILUS CERVIX,LIMNODRILUS CERVIX,FALSE,
LIMNODRILUS CLAPAREDIANUS,LIMNODRILUS CLAPAREDIANUS,FALSE,
LIMNODRILUS HOFFMEISTERI,LIMNODRILUS HOFFMEISTERI,FALSE,
LIMNODRILUS UDEKEMIANUS,LIMNODRILUS UDEKEMIANUS,FALSE,
LIMNOPHILA,LIMNOPHILA,FALSE,
LIMNOPHYES,LIMNOPHYES,FALSE,
LIMONIA,LIMONIA,FALSE,
LIODESSUS,LIODESSUS,FALSE,
LIOPOREUS,LIOPOREUS,FALSE,
LIOPOREUS TRIANGULARIS,LIOPOREUS TRIANGULARIS,FALSE,
LIPINIELLA,LIPINIELLA,FALSE,
LIRCEUS,LIRCEUS,FALSE,
LOPESCLADIUS,LOPESCLADIUS,FALSE,
LUMBRICIDAE,LUMBRICIDAE,FALSE,
LUMBRICINA,LUMBRICINA,FALSE,
LUMBRICULIDAE,LUMBRICULIDAE,FALSE,
LUTROCHUS,LUTROCHUS,FALSE,
LYMNAEA,LYMNAEA,FALSE,
LYMNAEIDAE,LYMNAEIDAE,FALSE,
LYPE DIVERSA,LYPE DIVERSA,FALSE,
MACCAFFERTIUM,MACCAFFERTIUM,FALSE,
MACCAFFERTIUM BEDNARIKI,MACCAFFERTIUM BEDNARIKI,FALSE,
MACCAFFERTIUM EXIGUUM,MACCAFFERTIUM EXIGUUM,FALSE,
MACCAFFERTIUM INTEGRUM,MACCAFFERTIUM INTEGRUM,FALSE,
MACCAFFERTIUM MEDIOPUNCTATUM,MACCAFFERTIUM MEDIOPUNCTATUM,FALSE,
MACCAFFERTIUM MEXICANUM INTEGRUM,MACCAFFERTIUM MEXICANUM INTEGRUM,FALSE,
MACCAFFERTIUM MODESTUM,MACCAFFERTIUM MODESTUM,FALSE,
MACCAFFERTIUM PULCHELLUM,MACCAFFERTIUM PULCHELLUM,FALSE,
MACCAFFERTIUM TERMINATUM,MACCAFFERTIUM TERMINATUM,FALSE,
MACCAFFERTIUM VICARIUM,MACCAFFERTIUM VICARIUM,FALSE,
MACROMIA,MACROMIA,FALSE,
MACRONYCHUS,MACRONYCHUS,FALSE,
MACRONYCHUS GLABRATUS,MACRONYCHUS GLABRATUS,FALSE,
MARILIA,MARILIA,FALSE,
MEGALOPTERA,MEGALOPTERA,FALSE,
MENETUS,MENETUS,FALSE,
MENETUS SAMPSONI,MENETUS SAMPSONI,FALSE,
MERRAGATA,MERRAGATA,FALSE,
MESOCRICOTOPUS,MESOCRICOTOPUS,FALSE,
MESOSMITTIA,MESOSMITTIA,FALSE,
MESOVELIA,MESOVELIA,FALSE,
MESOVELIIDAE,MESOVELIIDAE,FALSE,
METRIOCNEMUS,METRIOCNEMUS,FALSE,
METRIOCNEMUS (N.SP.),METRIOCNEMUS,TRUE,naming scheme
METROBATES,METROBATES,FALSE,
MICRASEMA,MICRASEMA,FALSE,
MICROCHIRONOMUS,MICROCHIRONOMUS,FALSE,
MICROCYLLOEPUS,MICROCYLLOEPUS,FALSE,
MICROCYLLOEPUS PUSILLUS,MICROCYLLOEPUS PUSILLUS,FALSE,
MICROMENETUS,MICROMENETUS,FALSE,
MICROPSECTRA,MICROPSECTRA,FALSE,
MICROTENDIPES,MICROTENDIPES,FALSE,
MICROVELIA,MICROVELIA,FALSE,
MOLANNA,MOLANNA,FALSE,
MOLOPHILUS,MOLOPHILUS,FALSE,
MONODIAMESA,MONODIAMESA,FALSE,
MONOPELOPIA,MONOPELOPIA,FALSE,
MUSCIDAE,MUSCIDAE,FALSE,
MYSTACIDES,MYSTACIDES,FALSE,
MYXOSARGUS,MYXOSARGUS,FALSE,
NANOCLADIUS,NANOCLADIUS,FALSE,
NASIAESCHNA,NASIAESCHNA,FALSE,
NASIAESCHNA PENTACANTHA,NASIAESCHNA PENTACANTHA,FALSE,
NATARSIA,NATARSIA,FALSE,
NECTOPSYCHE,NECTOPSYCHE,FALSE,
NECTOPSYCHE ALBIDA,NECTOPSYCHE ALBIDA,FALSE,
NECTOPSYCHE CANDIDA,NECTOPSYCHE CANDIDA,FALSE,
NECTOPSYCHE DIARINA,NECTOPSYCHE DIARINA,FALSE,
NECTOPSYCHE EXQUISITA,NECTOPSYCHE EXQUISITA,FALSE,
NECTOPSYCHE PAVIDA,NECTOPSYCHE PAVIDA,FALSE,
NECTOPSYCHE SPILOMA,NECTOPSYCHE SPILOMA,FALSE,
NEMATOMORPHA,NEMATOMORPHA,FALSE,
NEMOTELUS,NEMOTELUS,FALSE,
NEMOURIDAE,NEMOURIDAE,FALSE,
NEOPERLA,NEOPERLA,FALSE,
NEOPHYLAX,NEOPHYLAX,FALSE,
NEOPLASTA,NEOPLASTA,FALSE,
NEOPLEA,NEOPLEA,FALSE,
NEOPORUS,NEOPORUS,FALSE,
NEOTRICHIA,NEOTRICHIA,FALSE,
NEOZAVRELIA,NEOZAVRELIA,FALSE,
NEPA,NEPA,FALSE,
NEURECLIPSIS,NEURECLIPSIS,FALSE,
NEUROCORDULIA,NEUROCORDULIA,FALSE,
NIGRONIA,NIGRONIA,FALSE,
NIGRONIA FASCIATUS,NIGRONIA FASCIATUS,FALSE,
NIGRONIA SERRICORNIS,NIGRONIA SERRICORNIS,FALSE,
NILOTANYPUS,NILOTANYPUS,FALSE,
NILOTHAUMA,NILOTHAUMA,FALSE,
NIXE,NIXE,FALSE,
NOCTUIDAE,NOCTUIDAE,FALSE,
NOTONECTA,NOTONECTA,FALSE,
NOTONECTIDAE,NOTONECTIDAE,FALSE,
NYCTIOPHYLAX,NYCTIOPHYLAX,FALSE,
OCHROTRICHIA,OCHROTRICHIA,FALSE,
OCHTHEBIUS,OCHTHEBIUS,FALSE,
ODONATA,ODONATA,FALSE,
ODONTOMYIA,ODONTOMYIA,FALSE,
OECETIS,OECETIS,FALSE,
OLIGOCHAETA,OLIGOCHAETA,FALSE,
OLIVERIDIA,OLIVERIDIA,FALSE,
OMISUS,OMISUS,FALSE,
OPHIOGOMPHUS,OPHIOGOMPHUS,FALSE,
OPTIOSERVUS,OPTIOSERVUS,FALSE,
OPTIOSERVUS SANDERSONI,OPTIOSERVUS SANDERSONI,FALSE,
OREODYTES,OREODYTES,FALSE,
ORMOSIA,ORMOSIA,FALSE,
ORTHEMIS FERRUGINEA,ORTHEMIS FERRUGINEA,FALSE,
ORTHOCLADIINAE,ORTHOCLADIINAE,FALSE,
ORTHOCLADIUS,ORTHOCLADIUS,FALSE,
ORTHOCLADIUS (EUORTHOCLADIUS),ORTHOCLADIUS (EUORTHOCLADIUS),FALSE,
ORTHOCLADIUS (SYMPOSIOCLADIUS),ORTHOCLADIUS (SYMPOSIOCLADIUS),FALSE,
ORTHOCLADIUS LAMELLATUS,ORTHOCLADIUS LAMELLATUS,FALSE,
ORTHOCLADIUS NIMIDENS,ORTHOCLADIUS NIMIDENS,FALSE,
ORTHOCLADIUS ROBAKI,ORTHOCLADIUS ROBAKI,FALSE,
ORTHOTRICHIA,ORTHOTRICHIA,FALSE,
OXYETHIRA,OXYETHIRA,FALSE,
PACHYDIPLAX LONGIPENNIS,PACHYDIPLAX LONGIPENNIS,FALSE,
PADUNIELLA NEARCTICA,PADUNIELLA NEARCTICA,FALSE,
PAGASTIELLA,PAGASTIELLA,FALSE,
PALAEMONETES KADIAKENSIS,PALAEMONETES KADIAKENSIS,FALSE,
PALMACORIXA,PALMACORIXA,FALSE,
PANTALA,PANTALA,FALSE,
PARABOREOCHLUS,PARABOREOCHLUS,FALSE,
PARACAPNIA,PARACAPNIA,FALSE,
PARACAPNIA ANGULATA,PARACAPNIA ANGULATA,FALSE,
PARACHAETOCLADIUS,PARACHAETOCLADIUS,FALSE,
PARACHIRONOMUS,PARACHIRONOMUS,FALSE,
PARACLADOPELMA,PARACLADOPELMA,FALSE,
PARACLOEODES,PARACLOEODES,FALSE,
PARACLOEODES MINUTUS,PARACLOEODES MINUTUS,FALSE,
PARACRICOTOPUS,PARACRICOTOPUS,FALSE,
PARACYMUS,PARACYMUS,FALSE,
PARADELPHOMYIA,PARADELPHOMYIA,FALSE,
PARAGNETINA,PARAGNETINA,FALSE,
PARAGNETINA MEDIA,PARAGNETINA MEDIA,FALSE,
PARAKIEFFERIELLA,PARAKIEFFERIELLA,FALSE,
PARALAUTERBORNIELLA,PARALAUTERBORNIELLA,FALSE,
PARALEPTOPHLEBIA,PARALEPTOPHLEBIA,FALSE,
PARAMERINA,PARAMERINA,FALSE,
PARAMETRIOCNEMUS,PARAMETRIOCNEMUS,FALSE,
PARANYCTIOPHYLAX,PARANYCTIOPHYLAX,FALSE,
PARAPHAENOCLADIUS,PARAPHAENOCLADIUS,FALSE,
PARAPOYNX,PARAPOYNX,FALSE,
PARATANYTARSUS,PARATANYTARSUS,FALSE,
PARATENDIPES,PARATENDIPES,FALSE,
PEDICIA,PEDICIA,FALSE,
PELOCORIS,PELOCORIS,FALSE,
PELOSCOLEX FEROX,PELOSCOLEX FEROX,FALSE,
PELTODYTES,PELTODYTES,FALSE,
PENTACORA,PENTACORA,FALSE,
PENTAGENIA VITTIGERA,PENTAGENIA VITTIGERA,FALSE,
PENTANEURA,PENTANEURA,FALSE,
PENTANEURA (SPECIES A),PENTANEURA (SPECIES A),FALSE,
PERICOMA,PERICOMA,FALSE,
PERICOMA/TELMATOSCOPUS,PERICOMA/TELMATOSCOPUS,FALSE,
PERITHEMIS,PERITHEMIS,FALSE,
PERLESTA,PERLESTA,FALSE,
PERLIDAE,PERLIDAE,FALSE,
PERLINELLA DRYMO,PERLINELLA DRYMO,FALSE,
PERLINELLA EPHYRE,PERLINELLA EPHYRE,FALSE,
PERLODIDAE,PERLODIDAE,FALSE,
PETROPHILA,PETROPHILA,FALSE,
PHAENOPSECTRA,PHAENOPSECTRA,FALSE,
PHILOPOTAMIDAE,PHILOPOTAMIDAE,FALSE,
PHORIDAE,PHORIDAE,FALSE,
PHRYGANEIDAE,PHRYGANEIDAE,FALSE,
PHYSELLA,PHYSELLA,FALSE,
PILARIA,PILARIA,FALSE,
PISCICOLIDAE,PISCICOLIDAE,FALSE,
PISIDIIDAE,PISIDIIDAE,FALSE,
PISIDIUM,PISIDIUM,FALSE,
PLANARIIDAE,PLANARIIDAE,FALSE,
PLANORBELLA,PLANORBELLA,FALSE,
PLANORBIDAE,PLANORBIDAE,FALSE,
PLANORBULA,PLANORBULA,FALSE,
PLATAMBUS,PLATAMBUS,FALSE,
PLATHEMIS,PLATHEMIS,FALSE,
PLATHEMIS LYDIA,PLATHEMIS LYDIA,FALSE,
PLATYCENTROPUS,PLATYCENTROPUS,FALSE,
PLATYSMITTIA,PLATYSMITTIA,FALSE,
PLATYVELIA,PLATYVELIA,FALSE,
PLAUDITUS,PLAUDITUS,FALSE,
PLECOPTERA,PLECOPTERA,FALSE,
PLEUROCERA,PLEUROCERA,FALSE,
PLEUROCERIDAE,PLEUROCERIDAE,FALSE,
POLYCENTROPODIDAE,POLYCENTROPODIDAE,FALSE,
POLYCENTROPUS,POLYCENTROPUS,FALSE,
POLYEPDILUM TRITUM,POLYPEDILUM TRITUM,TRUE,misspelling
POLYPEDILUM,POLYPEDILUM,FALSE,
POLYPEDILUM AVICEPS,POLYPEDILUM AVICEPS,FALSE,
POLYPEDILUM BECKAE,POLYPEDILUM BECKAE,FALSE,
POLYPEDILUM CONVICTUM GROUP,POLYPEDILUM CONVICTUM GROUP,FALSE,
POLYPEDILUM FALLAX GROUP,POLYPEDILUM FALLAX GROUP,FALSE,
POLYPEDILUM FALLAX GRP,POLYPEDILUM FALLAX GROUP,TRUE,naming scheme (group)
POLYPEDILUM FLAVUM,POLYPEDILUM FLAVUM,FALSE,
POLYPEDILUM HALTERALE GROUP,POLYPEDILUM HALTERALE GROUP,FALSE,
POLYPEDILUM HALTERALE GRP,POLYPEDILUM HALTERALE GROUP,TRUE,naming scheme (group)
POLYPEDILUM ILLINOENSE GROUP,POLYPEDILUM ILLINOENSE GROUP,FALSE,
POLYPEDILUM ILLINOENSE GRP,POLYPEDILUM ILLINOENSE GROUP,TRUE,naming scheme (group)
POLYPEDILUM LAETUM,POLYPEDILUM LAETUM,FALSE,
POLYPEDILUM ONTARIO,POLYPEDILUM ONTARIO,FALSE,
POLYPEDILUM SCALAENUM GROUP,POLYPEDILUM SCALAENUM GROUP,FALSE,
POLYPEDILUM SCALAENUM GRP,POLYPEDILUM SCALAENUM GROUP,TRUE,naming scheme (group)
POLYPEDILUM TRIGONUM,POLYPEDILUM TRIGONUM,FALSE,
POLYPEDILUM TRITUM,POLYPEDILUM TRITUM,FALSE,
POMATIOPSIS LAPIDARIA,POMATIOPSIS LAPIDARIA,FALSE,
POTAMANTHIDAE,POTAMANTHIDAE,FALSE,
POTAMOTHRIX,POTAMOTHRIX,FALSE,
POTAMOTHRIX BAVARICUS,POTAMOTHRIX BAVARICUS,FALSE,
POTAMYIA FLAVA,POTAMYIA FLAVA,FALSE,
POTTHASTIA,POTTHASTIA,FALSE,
PRIONOCERA,PRIONOCERA,FALSE,
PROCAMBARUS,PROCAMBARUS,FALSE,
PROCAMBARUS ACUTUS,PROCAMBARUS ACUTUS,FALSE,
PROCAMBARUS GRACILIS,PROCAMBARUS GRACILIS,FALSE,
PROCLADIUS,PROCLADIUS,FALSE,
PROCLOEON,PROCLOEON,FALSE,
PROGOMPHUS,PROGOMPHUS,FALSE,
PROGOMPHUS OBSCURUS,PROGOMPHUS OBSCURUS,FALSE,
PROSIMULIUM,PROSIMULIUM,FALSE,
PROSTOIA,PROSTOIA,FALSE,
PROTOPLASA FITCHII,PROTOPLASA FITCHII,FALSE,
PROTOPTILA,PROTOPTILA,FALSE,
PSECTROCLADIUS,PSECTROCLADIUS,FALSE,
PSECTROTANYPUS,PSECTROTANYPUS,FALSE,
PSEPHENUS HERRICKI,PSEPHENUS HERRICKI,FALSE,
PSEUDOCENTROPTILOIDES,PSEUDOCENTROPTILOIDES,FALSE,
PSEUDOCHIRONOMUS,PSEUDOCHIRONOMUS,FALSE,
PSEUDOCLOEON,PSEUDOCLOEON,FALSE,
PSEUDODIAMESA,PSEUDODIAMESA,FALSE,
PSEUDOLIMNOPHILA,PSEUDOLIMNOPHILA,FALSE,
PSEUDORTHOCLADIUS,PSEUDORTHOCLADIUS,FALSE,
PSEUDOSMITTIA,PSEUDOSMITTIA,FALSE,
PSEUDOSUCCINEA,PSEUDOSUCCINEA,FALSE,
PSILOMETRIOCNEMUS,PSILOMETRIOCNEMUS,FALSE,
PSYCHODA,PSYCHODA,FALSE,
PSYCHODIDAE,PSYCHODIDAE,FALSE,
PSYCHOMYIA,PSYCHOMYIA,FALSE,
PSYCHOMYIIDAE,PSYCHOMYIIDAE,FALSE,
PTERONARCYIDAE,PTERONARCYIDAE,FALSE,
PTERONARCYS PICTETII,PTERONARCYS PICTETII,FALSE,
PTILOSTOMIS,PTILOSTOMIS,FALSE,
PTYCHOPTERA,PTYCHOPTERA,FALSE,
PYCNOPSYCHE,PYCNOPSYCHE,FALSE,
PYRALIDAE,PYRALIDAE,FALSE,
QUISTADRILUS MULTISETOSUS,QUISTRADRILUS MULTISETOSUS,TRUE,misspelling
QUISTRADRILUS MULTISETOSUS,QUISTRADRILUS MULTISETOSUS,FALSE,
RANATRA,RANATRA,FALSE,
RANATRA BUENOI,RANATRA BUENOI,FALSE,
RANATRA FUSCA,RANATRA FUSCA,FALSE,
RANATRA KIRKALDYI,RANATRA KIRKALDYI,FALSE,
RANATRA NIGRA,RANATRA NIGRA,FALSE,
RHABDOMASTIX,RHABDOMASTIX,FALSE,
RHAGOVELIA,RHAGOVELIA,FALSE,
RHAMPHOMYIA,RHAMPHOMYIA,FALSE,
RHANTUS,RHANTUS,FALSE,
RHEOCRICOTOPUS,RHEOCRICOTOPUS,FALSE,
RHEOSMITTIA,RHEOSMITTIA,FALSE,
RHEOTANYTARSUS,RHEOTANYTARSUS,FALSE,
RHEUMATOBATES,RHEUMATOBATES,FALSE,
RHITHROGENA,RHITHROGENA,FALSE,
RHYACOPHILA,RHYACOPHILA,FALSE,
RHYACOPHILIDAE,RHYACOPHILIDAE,FALSE,
ROBACKIA,ROBACKIA,FALSE,
SAETHERIA,SAETHERIA,FALSE,
SALDIDAE,SALDIDAE,FALSE,
SALPINGIDAE,SALPINGIDAE,FALSE,
SCATHOPHAGIDAE,SCATHOPHAGIDAE,FALSE,
SCATOPHAGIDAE,SCATHOPHAGIDAE,TRUE,misspelling
SCELIONIDAE,SCELIONIDAE,FALSE,
SCIARIDAE,SCIARIDAE,FALSE,
SCIOMYZIDAE,SCIOMYZIDAE,FALSE,
SCIRTES,SCIRTES,FALSE,
SCIRTIDAE,SCIRTIDAE,FALSE,
SERRATELLA,SERRATELLA,FALSE,
SERRATELLA FRISONI,SERRATELLA FRISONI,FALSE,
SERRATELLA SERRATOIDES,SERRATELLA SERRATOIDES,FALSE,
SETODES,SETODES,FALSE,
SHIPSA ROTUNDA,SHIPSA ROTUNDA,FALSE,
SIALIDAE,SIALIDAE,FALSE,
SIALIS,SIALIS,FALSE,
SIGARA,SIGARA,FALSE,
SILVIUS,SILVIUS,FALSE,
SIMULIIDAE,SIMULIIDAE,FALSE,
SIMULIUM,SIMULIUM,FALSE,
SIPHLONURIDAE,SIPHLONURIDAE,FALSE,
SIPHLONURUS,SIPHLONURUS,FALSE,
SISYRA,SISYRA,FALSE,
SISYRIDAE,SISYRIDAE,FALSE,
SMITTIA,SMITTIA,FALSE,
SOMATOCHLORA,SOMATOCHLORA,FALSE,
SPARBARUS,SPARBARUS,FALSE,
SPERCHOPSIS,SPERCHOPSIS,FALSE,
SPHAERIUM (PISIDIIDAE),SPHAERIUM (PISIDIIDAE),FALSE,
SPIROSPERMA,SPIROSPERMA,FALSE,
STAGNICOLA,STAGNICOLA,FALSE,
STEGOPTERNA,STEGOPTERNA,FALSE,
STEINOVELIA,STEINOVELIA,FALSE,
STELECHOMYIA,KRIBIODORUM PERPULCHRUM,TRUE,nomenclature change
STEMPELLINA,STEMPELLINA,FALSE,
STEMPELLINELLA,STEMPELLINELLA,FALSE,
STENACRON,STENACRON,FALSE,
STENELMIS,STENELMIS,FALSE,
STENELMIS SEXLINEATA,STENELMIS SEXLINEATA,FALSE,
STENLEMIS,STENELMIS,TRUE,misspelling
STENOCHIRONOMUS,STENOCHIRONOMUS,FALSE,
STENONEMA FEMORATUM,STENONEMA FEMORATUM,FALSE,
STICTOCHIRONOMUS,STICTOCHIRONOMUS,FALSE,
STILOCLADIUS,STILOCLADIUS,FALSE,
STRATIOMYIDAE,STRATIOMYIDAE,FALSE,
STRATIOMYS,STRATIOMYS,FALSE,
STROPHOPTERYX,STROPHOPTERYX,FALSE,
STROPHOPTERYX CUCULLATA,STROPHOPTERYX CUCULLATA,FALSE,
STROPHOPTERYX FASCIATA,STROPHOPTERYX FASCIATA,FALSE,
STYGOBROMUS,STYGOBROMUS,FALSE,
STYLOGOMPHUS ALBISTYLUS,STYLOGOMPHUS ALBISTYLUS,FALSE,
STYLURUS,STYLURUS,FALSE,
SUBLETTEA,SUBLETTEA,FALSE,
SUPHISELLUS,SUPHISELLUS,FALSE,
SYMPETRUM,SYMPETRUM,FALSE,
SYMPOTTHASTIA,SYMPOTTHASTIA,FALSE,
SYNORTHOCLADIUS,SYNORTHOCLADIUS,FALSE,
SYRPHIDAE,SYRPHIDAE,FALSE,
TABANIDAE,TABANIDAE,FALSE,
TABANUS,TABANUS,FALSE,
TABANUS/WHITNEOMYIA/ATYLOTUS,TABANUS/WHITNEOMYIA/ATYLOTUS,FALSE,
TAENIOPTERYGIDAE,TAENIOPTERYGIDAE,FALSE,
TAENIOPTERYX,TAENIOPTERYX,FALSE,
TAENIOPTERYX BURKSI,TAENIOPTERYX BURKSI,FALSE,
TANYDERIDAE,TANYDERIDAE,FALSE,
TANYPODINAE,TANYPODINAE,FALSE,
TANYPUS,TANYPUS,FALSE,
TANYTARSUS,TANYTARSUS,FALSE,
TASSERKIDRILUS SUPERIORENSIS,TASSERKIDRILUS SUPERIORENSIS,FALSE,
TELEBASIS,TELEBASIS,FALSE,
TELMATOSCOPUS,TELMATOSCOPUS,FALSE,
TELOGANOPSIS DEFICIENS,TELOGANOPSIS DEFICIENS,FALSE,
TELOPELOPIA,TELOPELOPIA,FALSE,
TETRAGONEURIA,TETRAGONEURIA,FALSE,
THERMONECTUS,THERMONECTUS,FALSE,
THIENEMANNIELLA,THIENEMANNIELLA,FALSE,
THIENEMANNIMYIA GROUP,THIENEMANNIMYIA GROUP,FALSE,
THIENEMANNIMYIA GRP.,THIENEMANNIMYIA GROUP,TRUE,naming scheme (group)
THIENEMANNIMYIA GRP,THIENEMANNIMYIA GROUP,TRUE,naming scheme (group)
TIPULA,TIPULA,FALSE,
TIPULIDAE,TIPULIDAE,FALSE,
TOKUNAGAIA,TOKUNAGAIA,FALSE,
TRAMEA,TRAMEA,FALSE,
TREPOBATES,TREPOBATES,FALSE,
TRIAENODES,TRIAENODES,FALSE,
TRIBELOS,TRIBELOS,FALSE,
TRICHOCLINOCERA,TRICHOCLINOCERA,FALSE,
TRICHOCORIXA,TRICHOCORIXA,FALSE,
TRICHOPTERA,TRICHOPTERA,FALSE,
TRICORYTHODES,TRICORYTHODES,FALSE,
TRISSOPELOPIA,TRISSOPELOPIA,FALSE,
TROPISTERNUS,TROPISTERNUS,FALSE,
TUBIFEX TUBIFEX,TUBIFEX TUBIFEX,FALSE,
TUBIFICIDAE,TUBIFICIDAE,FALSE,
TUBIFICINAE,TUBIFICINAE,FALSE,
TVETENIA,TVETENIA,FALSE,
TVETENIA BAVARICA GROUP,TVETENIA BAVARICA GROUP,FALSE,
TVETENIA BAVARICA GRP,TVETENIA BAVARICA GROUP,TRUE,naming scheme (group)
TVETENIA VITRACIES,TVETENIA VITRACIES,FALSE,
UENOIDAE,UENOIDAE,FALSE,
UNDESCRIBED EMPIDIDAE,EMPIDIDAE,TRUE,naming scheme
UNIONIDAE,UNIONIDAE,FALSE,
URANOTAENIA,URANOTAENIA,FALSE,
UVARUS,UVARUS,FALSE,
VARICHAETADRILUS ANGUSTIPENIS,VARICHAETADRILUS ANGUSTIPENIS,FALSE,
VELIIDAE,VELIIDAE,FALSE,
VIVIPARUS,VIVIPARUS,FALSE,
WORMALDIA,WORMALDIA,FALSE,
XENOCHIRONOMUS,XENOCHIRONOMUS,FALSE,
XESTOCHIRONOMUS,XESTOCHIRONOMUS,FALSE,
XYLOTOPUS,XYLOTOPUS,FALSE,
ZAVRELIA,ZAVRELIA,FALSE,
ZAVRELIELLA,ZAVRELIELLA,FALSE,
ZAVRELIMYIA,ZAVRELIMYIA,FALSE,
ZAVRELIMYIA (PARAMERINA),ZAVRELIMYIA (PARAMERINA),FALSE,
ZEALEUCTRA,ZEALEUCTRA,FALSE,
ZYGOPTERA,ZYGOPTERA,FALSE,
