TaxaID,NonTarget,BCG_Attr,BCG_Attr2,FFG,HABIT,LIFE_CYCLE,AirBreather,HABSTRUCT,HABSTRUCT_Full,BioticIndex_MO,BISource_MO,FFG_MO,PrimaryFFG_MO,SecondaryFFG_MO,FFG_Source,FHG_MO,PrimaryHabit_MO,SecondaryHabit_MO,FHG_Source,Phylum,Class,Subclass,Order,Family,Subfamily,Tribe,Genus
ABLABESMYIA,FALSE,4,4_middle,PR,SP,multi,FALSE,,,6.4,L*,"Pr,Ga",PR,GA,MC,Sp,SP,,,ARTHROPODA,INSECTA,,DIPTERA,CHIRONOMIDAE,TANYPODINAE,PENTANEURINI,ABLABESMYIA
ACARINA,FALSE,,,,,,FALSE,,,,,,,,,,,,,ARTHROPODA,ARACHNIDA,,,,,,
ACENTRELLA,FALSE,4,4_middle,CG,SW,multi,FALSE,CS,coarse,4,B,Ga,GA,,MC,"Sw,Cg",SW,CG,,ARTHROPODA,INSECTA,,EPHEMEROPTERA,BAETIDAE,,,ACENTRELLA
ACERPENNA,FALSE,4,4_middle,CG,SW,multi,FALSE,,,3.7,L,Ga,GA,,MC,"Sw,Cg",SW,CG,,ARTHROPODA,INSECTA,,EPHEMEROPTERA,BAETIDAE,,,ACERPENNA
ACILIUS,FALSE,4,4_middle,PR,SW,uni,TRUE,,,9,KY,"Pr,Pi",PR,PI,MC,"Sw,Dv",SW,DV,,ARTHROPODA,INSECTA,,COLEOPTERA,DYTISCIDAE,,,ACILIUS
ACILIUS FRATERNUS,FALSE,4,4_middle,PR,SW,uni,TRUE,,,9,KY,"Pr,Pi",PR,PI,MC,"Sw,Dv",SW,DV,,ARTHROPODA,INSECTA,,COLEOPTERA,DYTISCIDAE,,,ACILIUS
ACRONEURIA,FALSE,3,,PR,CN,semi,FALSE,,,,,,,,,,,,,ARTHROPODA,INSECTA,,PLECOPTERA,PERLIDAE,,,ACRONEURIA
AEDES,FALSE,4,4_middle,CF,SW,multi,TRUE,,,5.5,KS,"Ga,Fi",GA,FI,MC,"Sw,Dv",SW,DV,,ARTHROPODA,INSECTA,,DIPTERA,CULICIDAE,,,AEDES
AESHNA,FALSE,4,4_middle,PR,CB,semi,FALSE,,,,,,,,,,,,,ARTHROPODA,INSECTA,,ODONATA,AESHNIDAE,,,AESHNA
AESHNIDAE,FALSE,4,4_middle,PR,"CB,CN",uni,FALSE,,,3,H,Pr,PR,,MC,Cl,CL,,,ARTHROPODA,INSECTA,,ODONATA,AESHNIDAE,,,
AGABUS,FALSE,4,4_middle,PR,SW,semi,TRUE,RM,root_mat,5,B,"Pr,Pi",PR,PI,MC,"Sw,Dv",SW,DV,,ARTHROPODA,INSECTA,,COLEOPTERA,DYTISCIDAE,,,AGABUS
AGAPETUS,FALSE,2,,,,uni,FALSE,,,,,,,,,,,,,ARTHROPODA,INSECTA,,TRICHOPTERA,GLOSSOSOMATIDAE,,,AGAPETUS
AGNETINA CAPITATA,FALSE,3,,PR,CN,semi,FALSE,,,,,,,,,,,,,ARTHROPODA,INSECTA,,PLECOPTERA,PERLIDAE,,,AGNETINA
AGNETINA FLAVESCENS,FALSE,3,,PR,CN,semi,FALSE,,,,,,,,,,,,,ARTHROPODA,INSECTA,,PLECOPTERA,PERLIDAE,,,AGNETINA
AGRYPNIA,FALSE,4,4_middle,SH,,uni,FALSE,,,,,,,,,,,,,ARTHROPODA,INSECTA,,TRICHOPTERA,PHRYGANEIDAE,,,AGRYPNIA
ALLOCAPNIA,FALSE,3,,SH,"SP,CN",uni,FALSE,CS,coarse,2.8,L,Sh,SH,,MC,Cg,CG,,,ARTHROPODA,INSECTA,,PLECOPTERA,CAPNIIDAE,,,ALLOCAPNIA
ALLOCRANGONYX,FALSE,,,CG,SP,,FALSE,,,,,,,,,,,,,ARTHROPODA,CRUSTACEA,,AMPHIPODA,ALLOCRANGONYCTIDAE,,,ALLOCRANGONYX
ALLOGNOSTA,FALSE,4,4_worse,CG,SP,NA,TRUE,,,10,KY,Ga,GA,,MC,"Sp,Bu",SP,BU,,ARTHROPODA,INSECTA,,DIPTERA,STRATIOMYIDAE,,,ALLOGNOSTA
ALLOPERLA,FALSE,2,,PR,CN,uni,FALSE,,,1.4,L,Pr,PR,,MC,Cg,CG,,,ARTHROPODA,INSECTA,,PLECOPTERA,CHLOROPERLIDAE,,,ALLOPERLA
AMELETIDAE,FALSE,3,,SC,SW,uni,FALSE,,,,,,,,,,,,,ARTHROPODA,INSECTA,,EPHEMEROPTERA,AMELETIDAE,,,
AMELETUS,FALSE,3,,SC,SW,uni,FALSE,,,,,,,,,,,,,ARTHROPODA,INSECTA,,EPHEMEROPTERA,AMELETIDAE,,,AMELETUS
AMELETUS LINEATUS,FALSE,3,,SC,SW,uni,FALSE,,,,,,,,,,,,,ARTHROPODA,INSECTA,,EPHEMEROPTERA,AMELETIDAE,,,AMELETUS
AMELETUS LUDENS,FALSE,3,,SC,SW,uni,FALSE,,,,,,,,,,,,,ARTHROPODA,INSECTA,,EPHEMEROPTERA,AMELETIDAE,,,AMELETUS
AMERCAENIS,FALSE,4,4_middle,"CF,CG",SP,uni,FALSE,,,,,,,,,,,,,ARTHROPODA,INSECTA,,EPHEMEROPTERA,CAENIDAE,,,AMERCAENIS
AMPHIAGRION,FALSE,,,PR,"CN,CB",,FALSE,,,,,,,,,,,,,ARTHROPODA,INSECTA,,ODONATA,COENAGRIONIDAE,,,AMPHIAGRION
AMPHINEMURA,FALSE,3,,SH,"SP,CN",uni,FALSE,CS,coarse,3.4,L,"Sh,Ga",SH,GA,MC,"Sp,Cg",SP,CG,,ARTHROPODA,INSECTA,,PLECOPTERA,NEMOURIDAE,,,AMPHINEMURA
AMPHIPODA,FALSE,,,CG,SP,,FALSE,,,,,,,,,,,,,ARTHROPODA,MALACOSTRACA,,AMPHIPODA,,,,
ANACAENA,FALSE,4,4_middle,PR,BU,uni,TRUE,,,,,,,,,,,,,ARTHROPODA,INSECTA,,COLEOPTERA,HYDROPHILIDAE,,,ANACAENA
ANAFROPTILUM,FALSE,4,4_middle,CG,SW,NA,FALSE,,,6.3,L,"Ga,Sc",GA,SC,MC,"Sw,Cg",SW,CG,,ARTHROPODA,INSECTA,,EPHEMEROPTERA,BAETIDAE,,,ANAFROPTILUM
ANAX,FALSE,4,4_worse,PR,"CB,CN","multi,uni",FALSE,,,,,,,,,,,,,ARTHROPODA,INSECTA,,ODONATA,AESHNIDAE,,,ANAX
ANCYLIDAE,FALSE,4,4_middle,SC,CB,uni,FALSE,,,7.1,L***,Sc,SC,,EPA,,,,,MOLLUSCA,GASTROPODA,,BASOMMATOPHORA,ANCYLIDAE,,,
ANCYRONYX,FALSE,4,4_middle,CG,CN,"semi,uni",FALSE,,,,,,,,,,,,,ARTHROPODA,INSECTA,,COLEOPTERA,ELMIDAE,,,ANCYRONYX
ANCYRONYX VARIEGATUS,FALSE,4,4_middle,CG,CN,"semi,uni",FALSE,SG,snag,6.9,L,"Ga,Sc",GA,SC,MC,"Cg,Sp",CG,SP,,ARTHROPODA,INSECTA,,COLEOPTERA,ELMIDAE,,,ANCYRONYX
ANISOPTERA,FALSE,,,,,,FALSE,,,,,,,,,,,,,ARTHROPODA,INSECTA,,ODONATA,,,,
ANOPHELES,FALSE,4,4_middle,CF,SW,multi,TRUE,,,9.1,L,Fi,FI,,MC,Sw,SW,,,ARTHROPODA,INSECTA,,DIPTERA,CULICIDAE,,,ANOPHELES
ANTHOPOTAMUS,FALSE,4,4_worse,CF,BU,uni,FALSE,,,,,,,,,,,,,ARTHROPODA,INSECTA,,EPHEMEROPTERA,POTAMANTHIDAE,,,ANTHOPOTAMUS
ANTOCHA,FALSE,3,,CG,CN,multi,FALSE,,,4.6,L,Ga,GA,,MC,Cg,CG,,,ARTHROPODA,INSECTA,,DIPTERA,TIPULIDAE,,,ANTOCHA
APEDILUM,FALSE,,,CG,,,FALSE,,,,,Ga,GA,,KY,,,,,ARTHROPODA,INSECTA,,DIPTERA,CHIRONOMIDAE,CHIRONOMINAE,CHIRONOMINI,APEDILUM
APOBAETIS,FALSE,,,CG,"SW,CN",,FALSE,NF,pool,6,KS,Ga,GA,,EPA****,"Sw,Cg",SW,CG,,ARTHROPODA,INSECTA,,EPHEMEROPTERA,BAETIDAE,,,APOBAETIS
AQUARIUS,FALSE,4,4_middle,PR,SK,multi,TRUE,,,6.4,KS,"Pr,Pi",PR,PI,MC,Sk,SK,,,ARTHROPODA,INSECTA,,HEMIPTERA,GERRIDAE,,,AQUARIUS
ARCHILESTES,FALSE,4,4_middle,PR,CB,uni,FALSE,,,,,,,,,,,,,ARTHROPODA,INSECTA,,ODONATA,LESTIDAE,,,ARCHILESTES
ARGIA,FALSE,4,4_worse,PR,"CB,CN",uni,FALSE,,,8.7,L,Pr,PR,,MC,"Cl,Cg",CL,CG,,ARTHROPODA,INSECTA,,ODONATA,COENAGRIONIDAE,,,ARGIA
ARIGOMPHUS,FALSE,4,4_middle,PR,BU,semi,FALSE,,,6.4,KS,Pr,PR,,MC,Bu,BU,,,ARTHROPODA,INSECTA,,ODONATA,GOMPHIDAE,,,ARIGOMPHUS
ASELLIDAE,FALSE,4,4_middle,CG,SP,NA,FALSE,,,,,,,,,,,,,ARTHROPODA,MALACOSTRACA,EUMALACOSTRACA,ISOPODA,ASELLIDAE,,,
ASHEUM BECKAE,FALSE,,,,,,FALSE,,,,,,,,,,,,,ARTHROPODA,INSECTA,,DIPTERA,CHIRONOMIDAE,CHIRONOMINAE,CHIRONOMINI,ASHEUM
ATHERIX,FALSE,4,4_better,PR,SP,uni,FALSE,,,,,,,,,,,,,ARTHROPODA,INSECTA,,DIPTERA,ATHERICIDAE,,,ATHERIX
ATTANEURIA RURALIS,FALSE,3,,PR,"CN,SW",semi,FALSE,,,,,,,,,,,,,ARTHROPODA,INSECTA,,PLECOPTERA,PERLIDAE,,,ATTANEURIA
AULODRILUS,FALSE,4,4_middle,CG,"BU,SP",NA,FALSE,NF,pool,8,B,Ga,GA,,EPA,,,,,ANNELIDA,CLITELLATA,OLIGOCHAETA,TUBIFICIDA,TUBIFICIDAE,,,AULODRILUS
AULODRILUS PIGUETI,FALSE,4,4_middle,CG,"BU,SP",,FALSE,,,,,,,,,,,,,ANNELIDA,CLITELLATA,OLIGOCHAETA,TUBIFICIDA,NAIDIDAE,,,AULODRILUS
AXARUS,FALSE,4,4_better,CG,SP,NA,FALSE,,,6,B,Ga,GA,,MC,"Sp,Bu",SP,BU,,ARTHROPODA,INSECTA,,DIPTERA,CHIRONOMIDAE,CHIRONOMINAE,CHIRONOMINI,AXARUS
BACTRURUS,FALSE,,,,,NA,FALSE,,,,,,,,,,,,,ARTHROPODA,MALACOSTRACA,,AMPHIPODA,CRANGONYCTIDAE,,,BACTRURUS
BAETIDAE,FALSE,4,4_middle,CG,SW,multi,FALSE,,,4,H,"Ga,Sc",GA,SC,MC,"Sw,Cg",SW,CG,,ARTHROPODA,INSECTA,,EPHEMEROPTERA,BAETIDAE,,,
BAETIS,FALSE,4,4_middle,CG,"SW,CN",multi,FALSE,,,6,B,"Ga,Sc",GA,SC,MC,"Sw,Cg",SW,CG,,ARTHROPODA,INSECTA,,EPHEMEROPTERA,BAETIDAE,,,BAETIS
BAETISCA,FALSE,4,4_middle,CG,"SP,SW",uni,FALSE,,,,,,,,,,,,,ARTHROPODA,INSECTA,,EPHEMEROPTERA,BAETISCIDAE,,,BAETISCA
BAETISCA LACUSTRIS,FALSE,4,4_middle,CG,"SP,SW",uni,FALSE,,,4,B,"Ga,Sc",GA,SC,MC**,"Sp,Cg",SP,CG,,ARTHROPODA,INSECTA,,EPHEMEROPTERA,BAETISCIDAE,,,BAETISCA
BAETISCA OBESA,FALSE,4,4_middle,CG,"SP,SW",uni,FALSE,,,,,,,,,,,,,ARTHROPODA,INSECTA,,EPHEMEROPTERA,BAETISCIDAE,,,BAETISCA
BAETISCIDAE,FALSE,4,4_middle,CG,"SP,CN",uni,FALSE,,,,,,,,,,,,,ARTHROPODA,INSECTA,,EPHEMEROPTERA,BAETISCIDAE,,,
BANKSIOLA,FALSE,4,4_middle,SH,,uni,FALSE,,,,,,,,,,,,,ARTHROPODA,INSECTA,,TRICHOPTERA,PHRYGANEIDAE,,,BANKSIOLA
BARBAETIS,FALSE,,,,,multi,FALSE,,,,H,"Ga,Sc",GA,SC,MC,"Sw,Cg",SW,CG,,ARTHROPODA,INSECTA,,EPHEMEROPTERA,BAETIDAE,,,BARBAETIS
BASIAESCHNA,FALSE,4,4_better,PR,"CB,CN",uni,FALSE,,,,,,,,,,,,,ARTHROPODA,INSECTA,,ODONATA,AESHNIDAE,,,BASIAESCHNA
BASIAESCHNA JANATA,FALSE,4,4_better,PR,"CB,CN",uni,FALSE,RM,root_mat,7.7,L,Pr,PR,,MC,"Cl,Sp",CL,SP,,ARTHROPODA,INSECTA,,ODONATA,AESHNIDAE,,,BASIAESCHNA
BELLURA,FALSE,,,SH,"BU,CB",,FALSE,,,,,,,,,,,,,ARTHROPODA,INSECTA,,LEPIDOPTERA,NOCTUIDAE,,,BELLURA
BELOSTOMA,FALSE,4,4_middle,PR,CB,"multi,uni",TRUE,RM,root_mat,9.8,L,"Pr,Pi",PR,PI,MC,"Cl,Sw",CL,SW,,ARTHROPODA,INSECTA,,HEMIPTERA,BELOSTOMATIDAE,,,BELOSTOMA
BEROSUS,FALSE,4,4_middle,"PH,CG",SW,multi,TRUE,,,8.6,L,"Pi,Ga",PI,GA,MC,"Sw,Dv",SW,DV,,ARTHROPODA,INSECTA,,COLEOPTERA,HYDROPHILIDAE,,,BEROSUS
BEZZIA/PALPOMYIA,FALSE,4,4_middle,PR,SP,,FALSE,,,,,,,,,,,,,ARTHROPODA,INSECTA,,DIPTERA,CERATOPOGONIDAE,,,BEZZIA/PALPOMYIA
BIDESSONOTUS,FALSE,4,4_middle,PR,SW,,TRUE,,,,,,,,,,,,,ARTHROPODA,INSECTA,,COLEOPTERA,DYTISCIDAE,,,BIDESSONOTUS
BITTACOMORPHA,FALSE,,,CG,BU,uni,TRUE,,,,,,,,,,,,,ARTHROPODA,INSECTA,,DIPTERA,PTYCHOPTERIDAE,,,BITTACOMORPHA
BOYERIA,FALSE,4,4_middle,PR,"CB,CN",multi,FALSE,RM,root_mat,6.3,L,Pr,PR,,MC,"Cl,Sp",CL,SP,,ARTHROPODA,INSECTA,,ODONATA,AESHNIDAE,,,BOYERIA
BRACHYCERCUS,FALSE,4,4_middle,CG,SP,multi,FALSE,NF,pool,3.5,L,Ga,GA,,MC,,SP,,,ARTHROPODA,INSECTA,,EPHEMEROPTERA,CAENIDAE,,,BRACHYCERCUS
BRACHYVATUS,FALSE,4,4_middle,PR,SW,uni,TRUE,,,,,"Pr,Pi",PR,PI,MC*,"Sw,Cl",SW,CL,,ARTHROPODA,INSECTA,,COLEOPTERA,DYTISCIDAE,,,BRACHYVATUS
BRACONIDAE,TRUE,,,,,,FALSE,,,,,,,,,,,,,ARTHROPODA,INSECTA,,HYMENOPTERA,BRACONIDAE,,,
BRANCHIOBDELLIDA,FALSE,4,4_middle,CG,CB,NA,FALSE,,,6,B,Ga,GA,,EPA,,,,,ANNELIDA,CLITELLATA,,BRANCHIOBDELLIDA,,,,
BRANCHIURA SOWERBYI,FALSE,4,4_middle,CG,CB,NA,FALSE,,,8.4,L,Ga,GA,,EPA,,,,,ANNELIDA,CLITELLATA,OLIGOCHAETA,TUBIFICIDA,TUBIFICIDAE,,,BRANCHIURA
BRILLIA,FALSE,4,4_middle,SH,BU,"multi,uni",FALSE,,,5.2,L,"Sh,Ga",SH,GA,MC,"Bu,Sp",BU,SP,,ARTHROPODA,INSECTA,,DIPTERA,CHIRONOMIDAE,ORTHOCLADIINAE,,BRILLIA
BRYOPHAENOCLADIUS,FALSE,,,,,,FALSE,,,,,,,,,,,,,ARTHROPODA,INSECTA,,DIPTERA,CHIRONOMIDAE,ORTHOCLADIINAE,,BRYOPHAENOCLADIUS
BUENOA,FALSE,4,4_middle,PR,SW,"multi,uni",TRUE,,,,,,,,,,,,,ARTHROPODA,INSECTA,,HEMIPTERA,NOTONECTIDAE,,,BUENOA
CAECIDOTEA,FALSE,4,4_middle,CG,SP,NA,FALSE,,,8,B,Ga,GA,,EPA,,,,,ARTHROPODA,CRUSTACEA,,ISOPODA,ASELLIDAE,,,
CAENIDAE,FALSE,4,4_middle,CG,SP,multi,FALSE,,,,,,,,,,,,,ARTHROPODA,INSECTA,,EPHEMEROPTERA,CAENIDAE,,,
CAENIS,FALSE,4,4_middle,CG,SP,multi,FALSE,,,7.6,L,"Ga,Sc",GA,SC,MC,"Sp,Cl",SP,CL,,ARTHROPODA,INSECTA,,EPHEMEROPTERA,CAENIDAE,,,CAENIS
CAENIS AMICA,FALSE,4,4_middle,CG,SP,multi,FALSE,,,7.6,L**,"Ga,Sc",GA,SC,MC**,"Sp,Cl",SP,CL,,ARTHROPODA,INSECTA,,EPHEMEROPTERA,CAENIDAE,,,CAENIS
CAENIS ANCEPS,FALSE,4,4_middle,CG,SP,multi,FALSE,,,7.6,L**,"Ga,Sc",GA,SC,MC**,"Sp,Cl",SP,CL,,ARTHROPODA,INSECTA,,EPHEMEROPTERA,CAENIDAE,,,CAENIS
CAENIS HILARIS,FALSE,4,4_middle,CG,SP,multi,FALSE,,,7.6,L**,"Ga,Sc",GA,SC,MC**,"Sp,Cl",SP,CL,,ARTHROPODA,INSECTA,,EPHEMEROPTERA,CAENIDAE,,,CAENIS
CAENIS LATIPENNIS,FALSE,4,4_middle,CG,SP,multi,FALSE,,,7.6,L**,"Ga,Sc",GA,SC,MC**,"Sp,Cl",SP,CL,,ARTHROPODA,INSECTA,,EPHEMEROPTERA,CAENIDAE,,,CAENIS
CAENIS PUNCTATA,FALSE,4,4_middle,CG,SP,multi,FALSE,,,7.6,L**,"Ga,Sc",GA,SC,MC**,"Sp,Cl",SP,CL,,ARTHROPODA,INSECTA,,EPHEMEROPTERA,CAENIDAE,,,CAENIS
CALLIBAETIS,FALSE,4,4_worse,CG,SW,multi,FALSE,,,9.3,L,Ga,GA,,MC,"Sw,Cg",SW,CG,,ARTHROPODA,INSECTA,,EPHEMEROPTERA,BAETIDAE,,,CALLIBAETIS
CALOPARYPHUS,FALSE,4,4_worse,CG,SP,uni,TRUE,,,10,KY,Ga,GA,,MC,Sp,SP,,,ARTHROPODA,INSECTA,,DIPTERA,STRATIOMYIDAE,,,CALOPARYPHUS
CALOPTERYGIDAE,FALSE,4,4_middle,PR,CB,NA,FALSE,,,5,H,Pr,PR,,MC,Cl,CL,,,ARTHROPODA,INSECTA,,ODONATA,CALOPTERYGIDAE,,,
CALOPTERYX,FALSE,4,4_worse,PR,CB,uni,FALSE,RM,root_mat,8.3,L,Pr,PR,,MC,Cl,CL,,,ARTHROPODA,INSECTA,,ODONATA,CALOPTERYGIDAE,,,CALOPTERYX
CAMBARELLUS PUER,FALSE,4,4_middle,CG,SP,NA,FALSE,,,,KY,Ga,GA,,EPA,,,,,ARTHROPODA,CRUSTACEA,,DECAPODA,CAMBARIDAE,,,CAMBARELLUS
CAMBARIDAE,FALSE,4,4_middle,CG,SP,NA,FALSE,,,,KY,Ga,GA,,EPA,,,,,ARTHROPODA,CRUSTACEA,,DECAPODA,CAMBARIDAE,,,
CAMBARUS DIOGENES,FALSE,4,4_middle,CG,SP,NA,FALSE,,,7.5,KY,Ga,GA,,KY,,,,,ARTHROPODA,CRUSTACEA,,DECAPODA,CAMBARIDAE,,,CAMBARUS
CAMBARUS HUBBSI,FALSE,4,4_middle,CG,SP,,FALSE,,,,,,,,,,,,,ARTHROPODA,CRUSTACEA,,DECAPODA,CAMBARIDAE,,,CAMBARUS
CAMBARUS MACULATUS,FALSE,4,4_middle,CG,SP,,FALSE,,,,,,,,,,,,,ARTHROPODA,CRUSTACEA,,DECAPODA,CAMBARIDAE,,,CAMBARUS
CAMPELOMA,FALSE,,,SC,CB,multi,FALSE,,,,,,,,,,,,,MOLLUSCA,GASTROPODA,,ARCHITAENIOGLOSSA,VIVIPARIDAE,,,CAMPELOMA
CAPNIIDAE,FALSE,3,,SH,SP,uni,FALSE,,,1,H,Sh,SH,,MC,"Sp,Cg",SP,CG,,ARTHROPODA,INSECTA,,PLECOPTERA,CAPNIIDAE,,,
CARDIOCLADIUS,FALSE,4,4_middle,PR,BU,multi,FALSE,,,,,,,,,,,,,ARTHROPODA,INSECTA,,DIPTERA,CHIRONOMIDAE,ORTHOCLADIINAE,,CARDIOCLADIUS
CERACLEA,FALSE,4,4_middle,CG,"CN,SP",uni,FALSE,,,,,,,,,,,,,ARTHROPODA,INSECTA,,TRICHOPTERA,LEPTOCERIDAE,,,CERACLEA
CERATOPOGONIDAE,FALSE,4,4_middle,PR,SP,multi,FALSE,,,6,H,"Pr,Ga",PR,GA,MC,"Sp,Bu",SP,BU,,ARTHROPODA,INSECTA,,DIPTERA,CERATOPOGONIDAE,,,
CERATOPOGONINAE,FALSE,4,4_middle,PR,SP,multi,FALSE,,,6,B,"Pr,Ga",PR,GA,MC****,Bu,BU,,,ARTHROPODA,INSECTA,,DIPTERA,CERATOPOGONIDAE,CERATOPOGONINAE,,
CERATOPSYCHE,FALSE,4,4_middle,CF,CN,uni,FALSE,,,1.4,L,Fi,FI,,MC,Cg,CG,,,ARTHROPODA,INSECTA,,TRICHOPTERA,HYDROPSYCHIDAE,,,CERATOPSYCHE
CERATOPSYCHE MOROSA GROUP,FALSE,4,4_middle,CF,CN,uni,FALSE,,,,L*,Fi,FI,,MC**,Cg,CG,,,ARTHROPODA,INSECTA,,TRICHOPTERA,HYDROPSYCHIDAE,,,CERATOPSYCHE
CERATOPSYCHE PIATRIX,FALSE,,,CF,CN,,FALSE,,,,,,,,,,,,,ARTHROPODA,INSECTA,,TRICHOPTERA,HYDROPSYCHIDAE,,,CERATOPSYCHE
CERATOPSYCHE SLOSSONAE,FALSE,3,,CF,CN,uni,FALSE,,,,,,,,,,,,,ARTHROPODA,INSECTA,,TRICHOPTERA,HYDROPSYCHIDAE,HYDROPSYCHINAE,,CERATOPSYCHE
CERCOBRACHYS,FALSE,4,4_middle,CG,SP,NA,FALSE,,,1,KY,Ga,GA,,MC,Sp,SP,,,ARTHROPODA,INSECTA,,EPHEMEROPTERA,CAENIDAE,,,CERCOBRACHYS
CERNOTINA,FALSE,3,,PR,CN,NA,FALSE,,,4.6,KS,Pr,PR,,MC,Cg,CG,,,ARTHROPODA,INSECTA,,TRICHOPTERA,POLYCENTROPODIDAE,,,CERNOTINA
CHAETARTHRIA,FALSE,4,4_middle,PR,SW,uni,TRUE,,,,,,,,,,,,,ARTHROPODA,INSECTA,,COLEOPTERA,HYDROPHILIDAE,,,CHAETARTHRIA
CHAETOCLADIUS,FALSE,4,4_middle,CG,SP,"multi,uni",FALSE,,,8,H,Ga,GA,,MC,Sp,SP,,,ARTHROPODA,INSECTA,,DIPTERA,CHIRONOMIDAE,ORTHOCLADIINAE,,CHAETOCLADIUS
CHAOBORUS,FALSE,4,4_middle,PR,SP,uni,FALSE,NF,pool,8.5,L,Pr,PR,,MC,Sp,SP,,,ARTHROPODA,INSECTA,,DIPTERA,CHAOBORIDAE,,,CHAOBORUS
CHAULIODES,FALSE,4,4_middle,PR,CN,semi,FALSE,,,4,H,Pr,PR,,MC,"Cg,Cl",CG,CL,,ARTHROPODA,INSECTA,,MEGALOPTERA,CORYDALIDAE,,,CHAULIODES
CHAULIODES PECTINICORNIS,FALSE,4,4_middle,PR,CN,semi,FALSE,,,4,H,Pr,PR,,MC**,"Cg,Cl",CG,CL,,ARTHROPODA,INSECTA,,MEGALOPTERA,CORYDALIDAE,,,CHAULIODES
CHAULIODES RASTRICORNIS,FALSE,4,4_middle,PR,CN,semi,FALSE,RM,root_mat,4,H,Pr,PR,,MC**,"Cg,Cl",CG,CL,,ARTHROPODA,INSECTA,,MEGALOPTERA,CORYDALIDAE,,,CHAULIODES
CHELIFERA,FALSE,4,4_middle,PR,SP,,FALSE,,,,,,,,,,,,,ARTHROPODA,INSECTA,,DIPTERA,EMPIDIDAE,,,CHELIFERA
CHEUMATOPSYCHE,FALSE,4,4_worse,CF,CN,multi,FALSE,,,6.6,L,Fi,FI,,MC,Cg,CG,,,ARTHROPODA,INSECTA,,TRICHOPTERA,HYDROPSYCHIDAE,,,CHEUMATOPSYCHE
CHIMARRA,FALSE,3,,CF,CN,uni,FALSE,CS,coarse,2.8,L,Fi,FI,,MC,Cg,CG,,,ARTHROPODA,INSECTA,,TRICHOPTERA,PHILOPOTAMIDAE,,,CHIMARRA
CHIRONOMIDAE,FALSE,4,4_middle,CG,BU,multi,FALSE,,,8,H,"Ga,Pr",GA,PR,MC,Bu,BU,,,ARTHROPODA,INSECTA,,DIPTERA,CHIRONOMIDAE,,,
CHIRONOMINAE,FALSE,,,,,,FALSE,,,,,,,,,,,,,ARTHROPODA,INSECTA,,DIPTERA,CHIRONOMIDAE,CHIRONOMINAE,,
CHIRONOMINI,FALSE,,,,,,FALSE,,,,,,,,,,,,,ARTHROPODA,INSECTA,,DIPTERA,CHIRONOMIDAE,CHIRONOMINAE,CHIRONOMINI,
CHIRONOMUS,FALSE,4,4_worse,CG,BU,uni,FALSE,,,9.8,L,"Ga,Sh",GA,SH,MC,Bu,BU,,,ARTHROPODA,INSECTA,,DIPTERA,CHIRONOMIDAE,CHIRONOMINAE,CHIRONOMINI,CHIRONOMUS
CHLOROPERLIDAE,FALSE,3,,PR,CN,uni,FALSE,CS,coarse,1,H,"Pr,Sc",PR,SC,MC,Cg,CG,,,ARTHROPODA,INSECTA,,PLECOPTERA,CHLOROPERLIDAE,,,
CHLOROTABANUS,FALSE,4,4_middle,PR,SP,uni,FALSE,,,9,KY,Pr,PR,,MC,"Sp,Bu",SP,BU,,ARTHROPODA,INSECTA,,DIPTERA,TABANIDAE,,,CHLOROTABANUS
CHORDODIDAE,FALSE,,,PA,,,FALSE,,,,,Pa,PA,,EPA,,,,,NEMATOMORPHA,,,GORDIOIDEA,CHORDODIDAE,,,
CHOROTERPES,FALSE,3,,CG,CN,uni,FALSE,,,2,H,"Ga,Sc",GA,SC,MC,"Cg,Sp",CG,SP,,ARTHROPODA,INSECTA,,EPHEMEROPTERA,LEPTOPHLEBIIDAE,,,CHOROTERPES
CHROMAGRION,FALSE,,,PR,CB,,FALSE,,,,,,,,,,,,,ARTHROPODA,INSECTA,,ODONATA,COENAGRIONIDAE,,,CHROMAGRION
CHRYSOMELIDAE,FALSE,,,SH,CN,,FALSE,,,,,,,,,,,,,ARTHROPODA,INSECTA,,COLEOPTERA,CHRYSOMELIDAE,,,
CHRYSOPS,FALSE,4,4_middle,PR,SP,uni,FALSE,,,7.3,L,Pr,PR,,MC,"Sp,Bu",SP,BU,,ARTHROPODA,INSECTA,,DIPTERA,TABANIDAE,,,CHRYSOPS
CLADOPELMA,FALSE,4,4_middle,CG,BU,multi,FALSE,NF,pool,2.5,L,Ga,GA,,MC,Bu,BU,,,ARTHROPODA,INSECTA,,DIPTERA,CHIRONOMIDAE,CHIRONOMINAE,CHIRONOMINI,CLADOPELMA
CLADOTANYTARSUS,FALSE,4,4_middle,CG,CB,multi,FALSE,,,3.7,L,"Ga,Fi",GA,FI,MC,,,,,ARTHROPODA,INSECTA,,DIPTERA,CHIRONOMIDAE,CHIRONOMINAE,TANYTARSINI,CLADOTANYTARSUS
CLIMACIA,FALSE,3,,PR,CB,multi,FALSE,,,6.5,L,Pr,PR,,MC****,,,,,ARTHROPODA,INSECTA,,NEUROPTERA,SISYRIDAE,,,CLIMACIA
CLINOCERA,FALSE,4,4_middle,PR,CN,uni,FALSE,CS,coarse,6,H,Pr,PR,,EPA,Cg,CG,,,ARTHROPODA,INSECTA,,DIPTERA,EMPIDIDAE,,,CLINOCERA
CLINOTANYPUS,FALSE,4,4_middle,PR,BU,multi,FALSE,,,9.1,L,Pr,PR,,MC,Bu,BU,,,ARTHROPODA,INSECTA,,DIPTERA,CHIRONOMIDAE,TANYPODINAE,CLINOTANYPODINI,CLINOTANYPUS
CLIOPERLA CLIO,FALSE,3,,PR,CN,uni,FALSE,CS,,,,,,,,,,,,ARTHROPODA,INSECTA,,PLECOPTERA,PERLODIDAE,,,CLIOPERLA
CNEPHIA,FALSE,4,4_middle,CF,CN,uni,FALSE,SG,snag,4,L,Fi,FI,,MC,Cg,CG,,,ARTHROPODA,INSECTA,,DIPTERA,SIMULIIDAE,,,CNEPHIA
COELOTANYPUS,FALSE,4,4_middle,PR,BU,NA,FALSE,,,6.2,L,Pr,PR,,MC,Bu,BU,,,ARTHROPODA,INSECTA,,DIPTERA,CHIRONOMIDAE,TANYPODINAE,CLINOTANYPODINI,COELOTANYPUS
COENAGRIONIDAE,FALSE,4,4_worse,PR,CB,uni,FALSE,,,9,H,Pr,PR,,MC,Cl,CL,,,ARTHROPODA,INSECTA,,ODONATA,COENAGRIONIDAE,,,
COLEOPTERA,FALSE,,,,,,FALSE,,,,,,,,,,,,,ARTHROPODA,INSECTA,,COLEOPTERA,,,,
CONCHAPELOPIA,FALSE,,,,,,FALSE,,,,,,,,,,,,,ARTHROPODA,INSECTA,,DIPTERA,CHIRONOMIDAE,TANYPODINAE,PENTANEURINI,CONCHAPELOPIA
CONSTEMPELLINA,FALSE,,,CG,,,FALSE,,,,,,,,,,,,,ARTHROPODA,INSECTA,,DIPTERA,CHIRONOMIDAE,,TANYTARSINI,CONSTEMPELLINA
COPELATUS,FALSE,,,PR,SW,,TRUE,,,9.1,L,Pr,PR,,MC,"Sw,Dv",SW,DV,,ARTHROPODA,INSECTA,,COLEOPTERA,DYTISCIDAE,,,COPELATUS
COPTOTOMUS,FALSE,4,4_middle,PR,SW,uni,TRUE,,,9,L,"Pr,Pi",PR,PI,MC,"Sw,Dv",SW,DV,,ARTHROPODA,INSECTA,,COLEOPTERA,DYTISCIDAE,,,COPTOTOMUS
CORBICULA,FALSE,6m,,CF,BU,multi,FALSE,,,6.3,L,Fi,FI,,EPA,,,,,MOLLUSCA,BIVALVIA,,VENEROIDA,CORBICULIDAE,,,CORBICULA
CORDULEGASTER,FALSE,,,PR,BU,,FALSE,,,6.1,L,Pr,PR,,MC,Bu,BU,,,ARTHROPODA,INSECTA,,ODONATA,CORDULEGASTRIDAE,,,CORDULEGASTER
CORDULIIDAE,FALSE,4,4_middle,PR,CB,uni,FALSE,,,5,H,Pr,PR,,MC,"Sp,Cl",SP,CL,,ARTHROPODA,INSECTA,,ODONATA,CORDULIIDAE,,,
CORDULIINAE,FALSE,,,PR,CB,uni,FALSE,,,,,,,,,,,,,ARTHROPODA,INSECTA,,ODONATA,CORDULIIDAE,CORDULIINAE,,
CORISELLA,FALSE,4,4_middle,PR,SW,multi,TRUE,,,6.4,KS,"Pr,Pi",PR,PI,MC,,,,,ARTHROPODA,INSECTA,,HEMIPTERA,CORIXIDAE,,,CORISELLA
CORIXIDAE,FALSE,4,4_middle,PR,SW,multi,TRUE,,,6,KS,"Pi,Pr",PI,PR,MC,Sw,SW,,,ARTHROPODA,INSECTA,,HEMIPTERA,CORIXIDAE,,,
CORYDALUS,FALSE,4,4_middle,PR,CN,"semi,uni",FALSE,CS,coarse,5.6,L,Pr,PR,,MC,"Cg,Cl",CG,CL,,ARTHROPODA,INSECTA,,MEGALOPTERA,CORYDALIDAE,,,CORYDALUS
CORYNONEURA,FALSE,4,4_middle,CG,SP,multi,FALSE,,,6.2,L,Ga,GA,,MC,Sp,SP,,,ARTHROPODA,INSECTA,,DIPTERA,CHIRONOMIDAE,ORTHOCLADIINAE,,CORYNONEURA
COSSIDAE,TRUE,,,,,,FALSE,,,,,,,,,,,,,ARTHROPODA,INSECTA,,LEPIDOPTERA,COSSIDAE,,,
CRAMBIDAE,FALSE,3,,SH,BU,NA,FALSE,,,,,"Sh,Pi",SH,PI,MC,"Cl,Sw",CL,SW,,ARTHROPODA,INSECTA,,LEPIDOPTERA,CRAMBIDAE,,,
CRANGONYX,FALSE,4,4_middle,CG,SP,uni,FALSE,,,8,L,Ga,GA,,EPA,,,,,ARTHROPODA,CRUSTACEA,,AMPHIPODA,CRANGONYCTIDAE,,,CRANGONYX
CRICOTOPUS BICINCTUS GROUP,FALSE,4,4_middle,"SH,CG",CN,multi,FALSE,,,,L,"Sh,Ga",SH,GA,MC**,Cg,CG,,,ARTHROPODA,INSECTA,,DIPTERA,CHIRONOMIDAE,ORTHOCLADIINAE,,CRICOTOPUS
CRICOTOPUS SYLVESTRIS GROUP,FALSE,4,4_middle,"SH,CG",CN,multi,FALSE,,,,L,"Sh,Ga",SH,GA,MC**,"Cg,Bu",CG,BU,,ARTHROPODA,INSECTA,,DIPTERA,CHIRONOMIDAE,ORTHOCLADIINAE,,CRICOTOPUS
CRICOTOPUS TRIFASCIA,FALSE,4,4_middle,"SH,CG",CN,multi,FALSE,,,,,,,,,,,,,ARTHROPODA,INSECTA,,DIPTERA,CHIRONOMIDAE,ORTHOCLADIINAE,,CRICOTOPUS
CRICOTOPUS/ORTHOCLADIUS,FALSE,4,4_middle,CG,BU,NA,FALSE,,,6.5,L*,"Sh,Ga",SH,GA,MC,"Cg,Bu",CG,BU,,ARTHROPODA,INSECTA,,DIPTERA,CHIRONOMIDAE,ORTHOCLADIINAE,,
CRYPTOCHIRONOMUS,FALSE,4,4_worse,PR,SP,multi,FALSE,,,7.4,L*,Pr,PR,PI,MC,"Sp,Bu",SP,BU,,ARTHROPODA,INSECTA,,DIPTERA,CHIRONOMIDAE,CHIRONOMINAE,CHIRONOMINI,CRYPTOCHIRONOMOUS
CRYPTOLABIS,FALSE,,,,,,FALSE,,,,,,,,,,,,,ARTHROPODA,INSECTA,,DIPTERA,TIPULIDAE,,,CRYPTOLABIS
CRYPTOTENDIPES,FALSE,4,4_middle,CG,"BU,SP",uni,FALSE,NF,pool,6.1,L,Ga,GA,,EPA,Sp,SP,,,ARTHROPODA,INSECTA,,DIPTERA,CHIRONOMIDAE,CHIRONOMINAE,CHIRONOMINI,CRYPTOTENDIPES
CULEX,FALSE,4,4_worse,CF,SW,multi,TRUE,RM,root_mat,10,L,Fi,FI,,MC,Sw,SW,,,ARTHROPODA,INSECTA,,DIPTERA,CULICIDAE,,,CULEX
CULICIDAE,FALSE,4,4_middle,CG,SW,multi,TRUE,,,9,KY,"Fi,Ga",FI,GA,MC,Sw,SW,,,ARTHROPODA,INSECTA,,DIPTERA,CULICIDAE,,,
CULISETA,FALSE,4,4_middle,CG,SW,multi,TRUE,,,5.5,KS,"Ga,Fi",GA,FI,MC,"Sw,Dv",SW,DV,,ARTHROPODA,INSECTA,,DIPTERA,CULICIDAE,,,CULISETA
CYBISTER,FALSE,4,4_middle,PR,SW,uni,TRUE,,,,,,,,,,,,,ARTHROPODA,INSECTA,,COLEOPTERA,DYTISCIDAE,,,CYBISTER
CYCLORRHAPHOUS-BRACHYCERA,FALSE,,,,,,FALSE,,,,,,,,,,,,,ARTHROPODA,INSECTA,,DIPTERA,,,,
CYMBIODYTA,FALSE,4,4_middle,CG,"BU,SW",uni,TRUE,,,,,,,,,,,,,ARTHROPODA,INSECTA,,COLEOPTERA,HYDROPHILIDAE,,,CYMBIODYTA
CYRNELLUS,FALSE,4,4_worse,CF,CN,uni,FALSE,,,,,,,,,,,,,ARTHROPODA,INSECTA,,TRICHOPTERA,POLYCENTROPODIDAE,,,CYRNELLUS
CYRNELLUS FRATERNUS,FALSE,4,4_worse,CF,CN,uni,FALSE,SG,snag,7.4,L,Fi,FI,,MC,Cg,CG,,,ARTHROPODA,INSECTA,,TRICHOPTERA,POLYCENTROPODIDAE,,,CYRNELLUS
DACTYLOLABIS,FALSE,,,,BU,uni,FALSE,,,,,,,,,,,,,ARTHROPODA,INSECTA,,DIPTERA,TIPULIDAE,,,DACTYLOLABIS
DANNELLA,FALSE,,,,,,FALSE,,,,,,,,,,,,,ARTHROPODA,INSECTA,,EPHEMEROPTERA,EPHEMERELLIDAE,,,DANNELLA
DANNELLA LITA,FALSE,,,,,,FALSE,,,,,,,,,,,,,ARTHROPODA,INSECTA,,EPHEMEROPTERA,EPHEMERELLIDAE,,,DANNELLA
DASYHELEINAE,FALSE,4,4_middle,CG,SP,uni,FALSE,,,6,B,"Ga,Sc",GA,SC,MC,"Sp,Cl",SP,CL,,ARTHROPODA,INSECTA,,DIPTERA,CERATOPOGONIDAE,DASYHELEINAE,,
DEMICRYPTOCHIRONOMUS,FALSE,,,CG,BU,,FALSE,CS,coarse,2.1,L,Ga,GA,,MC,Bu,BU,,,ARTHROPODA,INSECTA,,DIPTERA,CHIRONOMIDAE,CHIRONOMINAE,CHIRONOMINI,DEMICRYPTOCHIRONOMUS
DESMOPACHRIA,FALSE,4,4_middle,PR,SW,multi,TRUE,,,3.7,KS,"Pr,Pi",PR,PI,MC,"Sw,Dv",SW,DV,,ARTHROPODA,INSECTA,,COLEOPTERA,DYTISCIDAE,,,DESMOPACHRIA
DIAMESA,FALSE,3,,CG,SP,multi,FALSE,CS,,,,,,,,,,,,ARTHROPODA,INSECTA,,DIPTERA,CHIRONOMIDAE,DIAMESINAE,,DIAMESA
DIBUSA ANGATA,FALSE,4,4_middle,,"CB,CN",uni,FALSE,,,,,,,,,,,,,ARTHROPODA,INSECTA,,TRICHOPTERA,HYDROPTILIDAE,,,DIBUSA
DICRANOPSELAPHUS,FALSE,,,SC,CN,semi,FALSE,,,,,,,,,,,,,ARTHROPODA,INSECTA,,COLEOPTERA,PSEPHENIDAE,,,DICRANOPSELAPHUS
DICRANOTA,FALSE,4,4_middle,PR,"SP,BU",uni,FALSE,,,,,,,,,,,,,ARTHROPODA,INSECTA,,DIPTERA,TIPULIDAE,,,DICRANOTA
DICROTENDIPES,FALSE,4,4_worse,CG,BU,multi,FALSE,,,7.9,L,"Ga,Fi",GA,FI,MC,Bu,BU,,,ARTHROPODA,INSECTA,,DIPTERA,CHIRONOMIDAE,CHIRONOMINAE,CHIRONOMINI,DICROTENDIPES
DIDYMOPS,FALSE,4,4_middle,PR,SP,,FALSE,,,5.5,KS,Pr,PR,,MC,Sp,SP,,,ARTHROPODA,INSECTA,,ODONATA,CORDULIIDAE,MACROMIINAE,,DIDYMOPS
DINEUTUS,FALSE,4,4_middle,PR,SW,uni,TRUE,,,5.5,L,Pr,PR,,EPA,"Sw,Dv",SW,DV,,ARTHROPODA,INSECTA,,COLEOPTERA,GYRINIDAE,,,DINEUTUS
DIPHETOR,FALSE,3,,CG,SW,multi,FALSE,,,5,H,Ga,GA,,EPA,"Sw,Cg",SW,CG,,ARTHROPODA,INSECTA,,EPHEMEROPTERA,BAETIDAE,,,DIPHETOR
DIPLECTRONA,FALSE,,,,,,FALSE,,,,,,,,,,,,,ARTHROPODA,INSECTA,,TRICHOPTERA,HYDROPSYCHIDAE,,,DIPLECTRONA
DIPLOCLADIUS,FALSE,4,4_middle,CG,SP,uni,FALSE,,,7.7,L*,Ga,GA,,MC,Sp,SP,,,ARTHROPODA,INSECTA,,DIPTERA,CHIRONOMIDAE,ORTHOCLADIINAE,,DIPLOCLADIUS
DIPTERA,FALSE,,,,,,FALSE,,,,,,,,,,,,,ARTHROPODA,INSECTA,,DIPTERA,,,,
DIXA,FALSE,3,,CG,CB,uni,FALSE,,,,,,,,,,,,,ARTHROPODA,INSECTA,,DIPTERA,DIXIDAE,,,DIXA
DIXELLA,FALSE,4,4_middle,CG,SW,uni,FALSE,RM,root_mat,5,KY,Ga,GA,,MC,"Sw,Cl",SW,CL,,ARTHROPODA,INSECTA,,DIPTERA,DIXIDAE,,,DIXELLA
DIXIDAE,FALSE,4,4_middle,CG,SW,,FALSE,,,,,,,,,,,,,ARTHROPODA,INSECTA,,DIPTERA,DIXIDAE,,,
DJALMABATISTA,FALSE,,,,,,FALSE,,,,,,,,,,,,,ARTHROPODA,INSECTA,,DIPTERA,CHIRONOMIDAE,TANYPODINAE,PROCLADIINI,DJALMABATISTA
DOLICHOPODIDAE,FALSE,4,4_middle,PR,"SP,BU",NA,TRUE,,,9.7,L,Pr,PR,,MC,"Sp,Bu",SP,BU,,ARTHROPODA,INSECTA,,DIPTERA,DOLICHOPODIDAE,,,
DROMOGOMPHUS,FALSE,4,4_better,PR,BU,semi,FALSE,,,6.3,L,Pr,PR,,MC,Bu,BU,,,ARTHROPODA,INSECTA,,ODONATA,GOMPHIDAE,,,DROMOGOMPHUS
DRYOPIDAE,FALSE,4,4_middle,"SC,SH","CN,CB",,FALSE,,,,,,,,,,,,,ARTHROPODA,INSECTA,,COLEOPTERA,DRYOPIDAE,,,
DUBIRAPHIA,FALSE,4,4_middle,"CG,SC",CN,"semi,uni",FALSE,,,6.4,L,"Ga,SC",GA,SC,EPA,"Cg,Cl",CG,CL,,ARTHROPODA,INSECTA,,COLEOPTERA,ELMIDAE,,,DUBIRAPHIA
DYTHEMIS,FALSE,,,PR,SP,,FALSE,,,,,,,,,,,,,ARTHROPODA,INSECTA,,ODONATA,LIBELLULIDAE,,,DYTHEMIS
DYTISCIDAE,FALSE,4,4_middle,PR,SW,uni,TRUE,,,9,KY,Pr,PR,,MC,"Dv,Sw",DV,SW,,ARTHROPODA,INSECTA,,COLEOPTERA,DYTISCIDAE,,,
DYTISCUS,FALSE,4,4_middle,PR,SW,uni,TRUE,,,3.7,KS,"Pr,Pi",PR,PI,MC,"Sw,Dv",SW,DV,,ARTHROPODA,INSECTA,,COLEOPTERA,DYTISCIDAE,,,DYTISCUS
ECTOPRIA,FALSE,4,4_better,SC,CN,semi,FALSE,,,,,,,,,,,,,ARTHROPODA,INSECTA,,COLEOPTERA,PSEPHENIDAE,,,ECTOPRIA
ECTOPRIA NERVOSA,FALSE,4,4_better,SC,CN,semi,FALSE,,,,,,,,,,,,,ARTHROPODA,INSECTA,,COLEOPTERA,PSEPHENIDAE,,,ECTOPRIA
EINFELDIA,FALSE,,,CG,BU,,FALSE,,,9,B,Ga,GA,,MC,Bu,BU,,,ARTHROPODA,INSECTA,,DIPTERA,CHIRONOMIDAE,CHIRONOMINAE,CHIRONOMINI,EINFELDIA
ELIMIA,FALSE,4,4_better,SC,CB,multi,FALSE,,,2.5,L,Sc,SC,,EPA,,,,,MOLLUSCA,GASTROPODA,,NEOTAENIOGLOSSA,PLEUROCERIDAE,,,ELIMIA
ELMIDAE,FALSE,4,4_middle,CG,CN,semi,FALSE,,,4,H,"Ga,Sc",GA,SC,MC,"Cg,Cl",CG,CL,,ARTHROPODA,INSECTA,,COLEOPTERA,ELMIDAE,,,
EMPIDIDAE,FALSE,4,4_middle,PR,SP,NA,FALSE,,,6,B,Pr,PR,,MC,"Sp,Bu",SP,BU,MC,ARTHROPODA,INSECTA,,DIPTERA,EMPIDIDAE,,,
ENALLAGMA,FALSE,4,4_worse,PR,CB,multi,FALSE,RM,root_mat,9,L,Pr,PR,,MC,Cl,CL,,,ARTHROPODA,INSECTA,,ODONATA,COENAGRIONIDAE,,,ENALLAGMA
ENCHYTRAEIDAE,FALSE,4,4_middle,CG,BU,NA,FALSE,,,10,L,Ga,GA,,EPA,,,,,ANNELIDA,CLITELLATA,OLIGOCHAETA,TUBIFICIDA,ENCHYTRAEIDAE,,,
ENDOCHIRONOMUS,FALSE,4,4_worse,SH,CN,multi,FALSE,SG,snag,7.5,L,"Sh,Fi",SH,FI,MC,Cg,CG,,,ARTHROPODA,INSECTA,,DIPTERA,CHIRONOMIDAE,CHIRONOMINAE,CHIRONOMINI,ENDOCHIRONOMUS
ENDOTRIBELOS,FALSE,,,,,NA,0,,,,,,,,,,,,,ARTHROPODA,INSECTA,,DIPTERA,CHIRONOMIDAE,,,ENDOTRIBELOS
ENOCHRUS,FALSE,4,4_worse,CG,"BU,SW",uni,TRUE,SG,snag,8.5,L,Ga,GA,,EPA,,,,,ARTHROPODA,INSECTA,,COLEOPTERA,HYDROPHILIDAE,,,ENOCHRUS
EPHEMERA,FALSE,4,4_middle,CG,BU,,FALSE,,,2.2,L,"Ga,Pr",GA,PR,MC,Bu,BU,,,ARTHROPODA,INSECTA,,EPHEMEROPTERA,EPHEMERIDAE,,,EPHEMERA
EPHEMERA SIMULANS,FALSE,3,,,,uni,0,,,,,,,,,,,,,ARTHROPODA,INSECTA,,EPHEMEROPTERA,EPHEMERIDAE,,,EPHEMERA
EPHEMERELLA,FALSE,3,,CG,CN,uni,FALSE,,,,,,,,,,,,,ARTHROPODA,INSECTA,,EPHEMEROPTERA,EPHEMERELLIDAE,,,EPHEMERELLA
EPHEMERELLA INVARIA,FALSE,3,,CG,CN,uni,FALSE,,,,,,,,,,,,,ARTHROPODA,INSECTA,,EPHEMEROPTERA,EPHEMERELLIDAE,,,EPHEMERELLA
EPHEMERELLA NEEDHAMI,FALSE,3,,CG,CN,uni,FALSE,,,,,,,,,,,,,ARTHROPODA,INSECTA,,EPHEMEROPTERA,EPHEMERELLIDAE,,,EPHEMERELLA
EPHEMERELLA SUBVARIA,FALSE,3,,CG,CN,uni,FALSE,,,,,,,,,,,,,ARTHROPODA,INSECTA,,EPHEMEROPTERA,EPHEMERELLIDAE,,,EPHEMERELLA
EPHEMERELLIDAE,FALSE,3,,CG,CN,uni,FALSE,,,,,,,,,,,,,ARTHROPODA,INSECTA,,EPHEMEROPTERA,EPHEMERELLIDAE,,,
EPHEMERIDAE,FALSE,4,4_middle,CG,BU,uni,FALSE,,,4,H,Ga,GA,,EPA,,,,,ARTHROPODA,INSECTA,,EPHEMEROPTERA,EPHEMERIDAE,,,
EPHEMEROPTERA,FALSE,,,CG,,,FALSE,,,,,,,,,,,,,ARTHROPODA,INSECTA,,EPHEMEROPTERA,,,,
EPHORON,FALSE,4,4_middle,CG,BU,uni,FALSE,,,,,,,,,,,,,ARTHROPODA,INSECTA,,EPHEMEROPTERA,POLYMITARCYIDAE,,,EPHORON
EPHYDRIDAE,FALSE,5,,CG,BU,NA,FALSE,,,5.5,KS,"Ga,Sh",GA,SH,MC,"Bu,Sp",BU,SP,,ARTHROPODA,INSECTA,,DIPTERA,EPHYDRIDAE,,,
EPIAESCHNA HEROS,FALSE,,,PR,"CB,CN",,FALSE,,,,,,,,,,,,,ARTHROPODA,INSECTA,,ODONATA,AESHNIDAE,,,EPIAESCHNA
EPICORDULIA,FALSE,4,4_middle,PR,CB,,FALSE,,,,,,,,,,,,,ARTHROPODA,INSECTA,,ODONATA,CORDULIIDAE,,,EPICORDULIA
EPITHECA (EPICORDULIA),FALSE,,,PR,CB,,FALSE,,,,,,,,,,,,,ARTHROPODA,INSECTA,,ODONATA,CORDULIIDAE,CORDULIINAE,,EPITHECA
EPITHECA (TETRAGONEURIA),FALSE,4,4_middle,PR,CB,uni,FALSE,RM,root_mat,8.5,L,Pr,PR,,MC,,,,,ARTHROPODA,INSECTA,,ODONATA,CORDULIIDAE,CORDULIINAE,,EPITHECA
EPOICOCLADIUS,FALSE,,,"CG,PA",,,FALSE,,,,,,,,,,,,,ARTHROPODA,INSECTA,,DIPTERA,CHIRONOMIDAE,ORTHOCLADIINAE,,EPIOCOCLADIUS
ERIOPTERA,FALSE,4,4_middle,CG,"BU,SP",uni,FALSE,,,5.5,KS,Ga,GA,,MC,Bu,BU,,,ARTHROPODA,INSECTA,,DIPTERA,TIPULIDAE,,,ERIOPTERA
ERPETOGOMPHUS,FALSE,4,4_middle,PR,BU,semi,FALSE,,,5.5,KS,Pr,PR,,MC,Bu,BU,,,ARTHROPODA,INSECTA,,ODONATA,GOMPHIDAE,,,ERPETOGOMPHUS
ERPOBDELLIDAE,FALSE,4,4_worse,PR,SP,uni,FALSE,,,7.8,L,Pr,PR,,EPA,,,,,ANNELIDA,CLITELLATA,HIRUDINEA,ARHYNCHOBDELLIDA,ERPOBDELLIDAE,,,
ERYTHEMIS,FALSE,4,4_middle,PR,"CB,SP","multi,uni",FALSE,RM,root_mat,7.7,L,Pr,PR,,MC,Sp,SP,,,ARTHROPODA,INSECTA,,ODONATA,LIBELLULIDAE,,,ERYTHEMIS
ERYTHRODIPLAX,FALSE,4,4_middle,,,multi,0,,,,,,,,,,,,,ARTHROPODA,INSECTA,,ODONATA,LIBELLULIDAE,,,ERYTHRODIPLAX
EUBRANCHIPUS SERRATUS,TRUE,,,,,,FALSE,,,,,,,,,,,,,ARTHROPODA,CRUSTACEA,,,,,,
EUKIEFFERIELLA,FALSE,4,4_middle,CG,SP,multi,FALSE,,,4,B,"Ga,Pr",GA,SC,MC,Sp,SP,,,ARTHROPODA,INSECTA,,DIPTERA,CHIRONOMIDAE,ORTHOCLADIINAE,,EUKIEFFERIELLA
EUKIEFFERIELLA BREHMI GROUP,FALSE,4,4_middle,CG,SP,multi,FALSE,,,,,,,,,,,,,ARTHROPODA,INSECTA,,DIPTERA,CHIRONOMIDAE,ORTHOCLADIINAE,,EUKIEFFERIELLA
EUKIEFFERIELLA BREVICALCAR GROUP,FALSE,4,4_middle,CG,SP,multi,FALSE,,,,,,,,,,,,,ARTHROPODA,INSECTA,,DIPTERA,CHIRONOMIDAE,ORTHOCLADIINAE,,EUKIEFFERIELLA
EUKIEFFERIELLA CLARIPENNIS GROUP,FALSE,4,4_middle,CG,SP,multi,FALSE,,,,,,,,,,,,,ARTHROPODA,INSECTA,,DIPTERA,CHIRONOMIDAE,ORTHOCLADIINAE,,EUKIEFFERIELLA
EUKIEFFERIELLA DEVONICA GROUP,FALSE,4,4_middle,CG,SP,,,,,,,,,,,,,,,ARTHROPODA,INSECTA,,DIPTERA,CHIRONOMIDAE,ORTHOCLADIINAE,,EUKIEFFERIELLA
EUKIEFFERIELLA GRACEI GROUP,FALSE,4,4_middle,CG,SP,multi,FALSE,,,,,,,,,,,,,ARTHROPODA,INSECTA,,DIPTERA,CHIRONOMIDAE,ORTHOCLADIINAE,,EUKIEFFERIELLA
EUPARYPHUS,FALSE,,,CG,SP,uni,TRUE,,,,,,,,,,,,,ARTHROPODA,INSECTA,,DIPTERA,STRATIOMYIDAE,,,EUPARYPHUS
EURYLOPHELLA,FALSE,3,,CG,CN,uni,FALSE,,,,,,,,,,,,,ARTHROPODA,INSECTA,,EPHEMEROPTERA,EPHEMERELLIDAE,,,EURYLOPHELLA
EURYLOPHELLA AESTIVA,FALSE,3,,CG,CN,uni,FALSE,,,,,,,,,,,,,ARTHROPODA,INSECTA,,EPHEMEROPTERA,EPHEMERELLIDAE,,,EURYLOPHELLA
EURYLOPHELLA BICOLOR,FALSE,3,,CG,CN,uni,FALSE,,,,,,,,,,,,,ARTHROPODA,INSECTA,,EPHEMEROPTERA,EPHEMERELLIDAE,,,EURYLOPHELLA
EURYLOPHELLA ENOENSIS,FALSE,3,,CG,CN,uni,FALSE,,,,,,,,,,,,,ARTHROPODA,INSECTA,,EPHEMEROPTERA,EPHEMERELLIDAE,,,EURYLOPHELLA
EURYLOPHELLA MACDUNNOUGHI,FALSE,3,,CG,CN,uni,FALSE,,,,,,,,,,,,,ARTHROPODA,INSECTA,,EPHEMEROPTERA,EPHEMERELLIDAE,,,EURYLOPHELLA
FALLCEON,FALSE,4,4_middle,"CG,SH",SW,multi,FALSE,,,6,KS,Ga,GA,,EPA,"Sw,Cg",SW,CG,,ARTHROPODA,INSECTA,,EPHEMEROPTERA,BAETIDAE,,,FALLCEON
FALLICAMBARUS FODIENS,FALSE,,,CG,SP,NA,FALSE,,,,,,,,,,,,,ARTHROPODA,CRUSTACEA,,DECAPODA,CAMBARIDAE,,,FALLICAMBARUS
FAXONIUS,FALSE,4,4_middle,CG,NA,NA,FALSE,,,2.7,L,Ga,GA,,KY,,,,,ARTHROPODA,CRUSTACEA,,DECAPODA,CAMBARIDAE,,,FAXONIUS
FAXONIUS HARRISONII,FALSE,4,4_middle,CG,NA,NA,FALSE,,,,,,,,,,,,,ARTHROPODA,CRUSTACEA,,DECAPODA,CAMBARIDAE,,,FAXONIUS
FAXONIUS HYLAS,FALSE,4,4_middle,CG,NA,NA,FALSE,,,,,,,,,,,,,ARTHROPODA,CRUSTACEA,,DECAPODA,CAMBARIDAE,,,FAXONIUS
FAXONIUS IMMUNIS,FALSE,4,4_middle,CG,NA,NA,FALSE,,,5.5,KY,Ga,GA,,KY,,,,,ARTHROPODA,CRUSTACEA,,DECAPODA,CAMBARIDAE,,,FAXONIUS
FAXONIUS LONGIDIGITUS,FALSE,4,4_middle,CG,NA,NA,FALSE,,,,,,,,,,,,,ARTHROPODA,CRUSTACEA,,DECAPODA,CAMBARIDAE,,,FAXONIUS
FAXONIUS LUTEUS,FALSE,4,4_middle,CG,NA,NA,FALSE,,,,,Ga,GA,,KY**,,,,,ARTHROPODA,CRUSTACEA,,DECAPODA,CAMBARIDAE,,,FAXONIUS
FAXONIUS MACRUS,FALSE,4,4_middle,CG,NA,NA,FALSE,,,,,,,,,,,,,ARTHROPODA,CRUSTACEA,,DECAPODA,CAMBARIDAE,,,FAXONIUS
FAXONIUS MEDIUS,FALSE,4,4_middle,CG,NA,NA,FALSE,,,,,,,,,,,,,ARTHROPODA,CRUSTACEA,,DECAPODA,CAMBARIDAE,,,FAXONIUS
FAXONIUS NEGLECTUS,FALSE,4,4_middle,CG,NA,NA,FALSE,,,,,,,,,,,,,ARTHROPODA,CRUSTACEA,,DECAPODA,CAMBARIDAE,,,FAXONIUS
FAXONIUS OZARKAE,FALSE,4,4_middle,CG,NA,NA,FALSE,,,,,,,,,,,,,ARTHROPODA,CRUSTACEA,,DECAPODA,CAMBARIDAE,,,FAXONIUS
FAXONIUS PALMERI,FALSE,4,4_middle,CG,NA,NA,FALSE,,,,,,,,,,,,,ARTHROPODA,CRUSTACEA,,DECAPODA,CAMBARIDAE,,,FAXONIUS
FAXONIUS PERUNCUS,FALSE,4,4_middle,CG,NA,NA,FALSE,,,,,,,,,,,,,ARTHROPODA,CRUSTACEA,,DECAPODA,CAMBARIDAE,,,FAXONIUS
FAXONIUS PUNCTIMANUS,FALSE,4,4_middle,CG,NA,NA,FALSE,,,,,,,,,,,,,ARTHROPODA,CRUSTACEA,,DECAPODA,CAMBARIDAE,,,FAXONIUS
FAXONIUS QUADRUNCUS,FALSE,4,4_middle,CG,NA,NA,FALSE,,,,,,,,,,,,,ARTHROPODA,CRUSTACEA,,DECAPODA,CAMBARIDAE,,,FAXONIUS
FAXONIUS VIRILIS,FALSE,4,4_middle,CG,NA,NA,FALSE,,,,,Ga,GA,,KY**,,,,,ARTHROPODA,CRUSTACEA,,DECAPODA,CAMBARIDAE,,,FAXONIUS
FAXONIUS WILLIAMSI,FALSE,4,4_middle,CG,NA,NA,FALSE,,,,,,,,,,,,,ARTHROPODA,CRUSTACEA,,DECAPODA,CAMBARIDAE,,,FAXONIUS
FERRISSIA,FALSE,4,4_middle,CG,NA,NA,FALSE,,,6.9,L,Sc,SC,,EPA,,,,,MOLLUSCA,GASTROPODA,,BASOMMATOPHORA,ANCYLIDAE,,,FERRISSIA
FITTKAUIMYIA,FALSE,,,,,,FALSE,,,,,,,,,,,,,ARTHROPODA,INSECTA,,DIPTERA,CHIRONOMIDAE,TANYPODINAE,,FITTKAUIMYIA
FORCIPOMYIINAE,FALSE,4,4_middle,"SC,PR","BU,SP",uni,FALSE,SG,snag,6,B,Ga,GA,SC,MC,"Sp,Cg",SP,CG,,ARTHROPODA,INSECTA,,DIPTERA,CERATOPOGONIDAE,FORCIPOMYIINAE,,
FOSSARIA,FALSE,,,SC,,,FALSE,,,7,KY,Sc,SC,,EPA,,,,,MOLLUSCA,GASTROPODA,,BASOMMATOPHORA,LYMNAEIDAE,,,FOSSARIA
GAMMARUS,FALSE,4,4_middle,CG,SP,uni,FALSE,,,6.9,L,Ga,GA,,EPA,,,,,ARTHROPODA,CRUSTACEA,,AMPHIPODA,GAMMARIDAE,,,GAMMARUS
GELASTOCORIS,FALSE,,,PR,SK,uni,TRUE,,,,,,,,,,,,,ARTHROPODA,INSECTA,,HEMIPTERA,GELASTOCORIDAE,,,GELASTOCORIS
GEORTHOCLADIUS,FALSE,,,CG,SP,,FALSE,,,,,,,,,,,,,ARTHROPODA,INSECTA,,DIPTERA,CHIRONOMIDAE,ORTHOCLADIINAE,,GEORTHOCLADIUS
GERRIDAE,FALSE,4,4_middle,PR,SK,uni,TRUE,,,9,KY,"Pr,Pi",PR,PI,MC,Sk,SK,,,ARTHROPODA,INSECTA,,HEMIPTERA,GERRIDAE,,,
GERRIS,FALSE,4,4_middle,PR,SK,multi,TRUE,,,6.4,KS,"Pr,Pi",PR,PI,MC,Sk,SK,,,ARTHROPODA,INSECTA,,HEMIPTERA,GERRIDAE,,,GERRIS
GLOSSIPHONIIDAE,FALSE,4,4_worse,PR,SP,"multi,uni",FALSE,,,7,B,Pa,PA,,KY,,,,,ANNELIDA,HIRUDINEA,,RHYNCHOBDELLIDA,GLOSSIPHONIIDAE,,,
GLOSSOSOMA,FALSE,3,,SC,CN,multi,FALSE,,,,,,,,,,,,,ARTHROPODA,INSECTA,,TRICHOPTERA,GLOSSOSOMATIDAE,,,GLOSSOSOMA
GLOSSOSOMATIDAE,FALSE,3,,SC,CN,uni,FALSE,,,,,,,,,,,,,ARTHROPODA,INSECTA,,TRICHOPTERA,GLOSSOSOMATIDAE,,,
GLYPTOTENDIPES,FALSE,4,4_worse,"SH,CG,CF",BU,uni,FALSE,SG,snag,8.5,L,"Sh,Fi",SH,FI,MC,"Bu,Cg",BU,CG,,ARTHROPODA,INSECTA,,DIPTERA,CHIRONOMIDAE,CHIRONOMINAE,CHIRONOMINI,GLYPTOTENDIPES
GOELDICHIRONOMUS,FALSE,4,4_middle,CG,BU,NA,FALSE,SG,snag,9,KS,Ga,GA,,MC,Bu,BU,,,ARTHROPODA,INSECTA,,DIPTERA,CHIRONOMIDAE,CHIRONOMINAE,CHIRONOMINI,GOELDICHIRONOMUS
GOMPHIDAE,FALSE,4,4_middle,PR,BU,semi,FALSE,,,7,KS,Pr,PR,,MC,Bu,BU,,,ARTHROPODA,INSECTA,,ODONATA,GOMPHIDAE,,,
GOMPHUS,FALSE,4,4_middle,PR,BU,semi,FALSE,,,6.2,L,Pr,PR,,MC,Bu,BU,,,ARTHROPODA,INSECTA,,ODONATA,GOMPHIDAE,,,GOMPHUS
GONOMYIA,FALSE,4,4_middle,CG,BU,uni,FALSE,,,5.5,KS,Ga,GA,,EPA,Bu,BU,,,ARTHROPODA,INSECTA,,DIPTERA,TIPULIDAE,,,GONOMYIA
GORDIIDAE,FALSE,4,4_middle,PA,NA,NA,FALSE,,,5,KY,Pa,PA,,EPA,,,,,NEMATOMORPHA,,,GORDIOIDEA,GORDIIDAE,,,
GRAPHODERUS,FALSE,,,,,,TRUE,,,,,,,,,,,,,ARTHROPODA,INSECTA,,COLEOPTERA,DYTISCIDAE,,,GRAPHODERUS
GRAPHODERUS LIBERUS,FALSE,,,PR,SW,,TRUE,,,,,,,,,,,,,ARTHROPODA,INSECTA,,COLEOPTERA,DYTISCIDAE,,,GRAPHODERUS
GUTTIPELOPIA,FALSE,,,PR,,,FALSE,,,6.3,KY,Pr,PR,,MC,,,,,ARTHROPODA,INSECTA,,DIPTERA,CHIRONOMIDAE,TANYPODINAE,PENTANEURINI,GUTTIPELOPIA
GYMNOCHTHEBIUS,FALSE,4,4_middle,,,,TRUE,,,,,,,,,"Cg,Cl",CG,CL,,ARTHROPODA,INSECTA,,COLEOPTERA,HYDRAENIDAE,,,GYMNOCHTHEBIUS
GYMNOMETRIOCNEMUS,FALSE,,,CG,SP,,FALSE,,,7,KS,Ga,GA,,EPA,Sp,SP,,,ARTHROPODA,INSECTA,,DIPTERA,CHIRONOMIDAE,ORTHOCLADIINAE,,GYMNOMETRIOCNEMUS
GYRAULUS,FALSE,4,4_worse,SC,CB,NA,FALSE,,,8,B,Sc,SC,,EPA,,,,,MOLLUSCA,GASTROPODA,,BASOMMATOPHORA,PLANORBIDAE,,,GYRAULUS
GYRETES,FALSE,4,4_middle,PR,SW,uni,TRUE,RM,root_mat,3.7,KS,Pr,PR,,KY,"Sw,Dv",SW,DV,,ARTHROPODA,INSECTA,,COLEOPTERA,GYRINIDAE,,,GYRETES
GYRINIDAE,FALSE,4,4_middle,PR,SW,,TRUE,,,,,,,,,,,,,ARTHROPODA,INSECTA,,COLEOPTERA,GYRINIDAE,,,
GYRINUS,FALSE,4,4_middle,PR,SW,uni,TRUE,RM,root_mat,6.3,L,Pr,PR,,MC,"Sw,Dv",SW,DV,,ARTHROPODA,INSECTA,,COLEOPTERA,GYRINIDAE,,,GYRINUS
HABROPHLEBIODES,FALSE,,,CG,,,FALSE,,,,,,,,,,,,,ARTHROPODA,INSECTA,,EPHEMEROPTERA,LEPTOPHLEBIIDAE,,,HABROPHLEBIODES
HAEMOPIS TERRESTRIS,FALSE,,,"PR,SH",SP,,FALSE,,,,,,,,,,,,,ANNELIDA,CLITELLATA,HIRUDINEA,ARHYNCHOBDELLIDA,HAEMOPIDAE,,,HAEMOPIS
HAGENIUS,FALSE,3,,PR,SP,semi,FALSE,,,,,,,,,,,,,ARTHROPODA,INSECTA,,ODONATA,GOMPHIDAE,,,HAGENIUS
HAGENIUS BREVISTYLUS,FALSE,3,,PR,SP,semi,FALSE,,,4,L,Pr,PR,,MC,Sp,SP,,,ARTHROPODA,INSECTA,,ODONATA,GOMPHIDAE,,,HAGENIUS
HALIPLIDAE,FALSE,4,4_worse,PH,CN,multi,TRUE,,,,,,,,,,,,,ARTHROPODA,INSECTA,,COLEOPTERA,HALIPLIDAE,,,
HALIPLUS,FALSE,4,4_worse,"SH,PH",CB,multi,TRUE,,,5,B,"Pi,Sh",PI,SH,MC,"Sw,Cl",SW,CL,,ARTHROPODA,INSECTA,,COLEOPTERA,HALIPLIDAE,,,HALIPLUS
HAPLOPERLA,FALSE,,,PR,CN,,FALSE,,,,,,,,,,,,,ARTHROPODA,INSECTA,,PLECOPTERA,CHLOROPERLIDAE,,,HAPLOPERLA
HAPLOTAXIDAE,FALSE,,,,,,FALSE,,,,,,,,,,,,,ANNELIDA,OLIGOCHAETA,,HAPLOTAXIDA,HAPLOTAXIDAE,,,
HAPLOTAXIS,FALSE,4,4_middle,CG,BU,NA,FALSE,,,9,KY,Ga,GA,,EPA,,,,,ANNELIDA,OLIGOCHAETA,,HAPLOTAXIDA,HAPLOTAXIDAE,,,HAPLOTAXIS
HARNISCHIA,FALSE,4,4_middle,CG,"CB,BU",multi,FALSE,NF,pool,7.5,L,"Ga,Sc",GA,SC,MC,"Cl,Cg",CL,CG,,ARTHROPODA,INSECTA,,DIPTERA,CHIRONOMIDAE,CHIRONOMINAE,CHIRONOMINI,HARNISCHIA
HEBRIDAE,FALSE,4,4_middle,PR,CB,,TRUE,,,,,,,,,,,,,ARTHROPODA,INSECTA,,HEMIPTERA,HEBRIDAE,,,
HEBRUS,FALSE,4,4_middle,PR,CB,NA,TRUE,,,6.4,KS,"Pr,Pi",PR,PI,MC,Cl,CL,,,ARTHROPODA,INSECTA,,HEMIPTERA,HEBRIDAE,,,HEBRUS
HELICHUS,FALSE,4,4_middle,"SC,SH,CG",CN,semi,FALSE,,,5.4,L,"Sc,Ga",SC,SH,MC****,Cg,CG,CL,,ARTHROPODA,INSECTA,,COLEOPTERA,DRYOPIDAE,,,HELICHUS
HELICHUS BASALIS,FALSE,4,4_middle,"SC,SH,CG",CN,semi,FALSE,,,5.5,KS,"Sc,Ga",SC,SH,MC****,Cg,CG,CL,,ARTHROPODA,INSECTA,,COLEOPTERA,DRYOPIDAE,,,HELICHUS
HELICHUS FASTIGIATUS,FALSE,3,,"SC,SH,CG",CN,semi,FALSE,,,5.5,KS,"Sc,Ga",SC,SH,MC****,Cg,CG,CL,,ARTHROPODA,INSECTA,,COLEOPTERA,DRYOPIDAE,,,HELICHUS
HELICHUS LITHOPHILUS,FALSE,4,4_middle,"SC,SH,CG",CN,semi,FALSE,,,5.5,KS,"Sc,Ga",SC,SH,MC****,Cg,CG,CL,,ARTHROPODA,INSECTA,,COLEOPTERA,DRYOPIDAE,,,HELICHUS
HELICHUS STRIATUS,FALSE,4,4_middle,"SC,SH,CG",CN,semi,FALSE,,,,,,,,,,,,,ARTHROPODA,INSECTA,,COLEOPTERA,DRYOPIDAE,,,HELICHUS
HELICOPSYCHE,FALSE,4,4_middle,SC,CN,uni,FALSE,CS,coarse,0,L,Sc,SC,,MC**,Cg,CG,,,ARTHROPODA,INSECTA,,TRICHOPTERA,HELICOPSYCHIDAE,,,HELICOPSYCHE
HELICOPSYCHIDAE,FALSE,4,4_middle,SC,CN,NA,FALSE,,,,,,,,,,,,,ARTHROPODA,INSECTA,,TRICHOPTERA,HELICOPSYCHIDAE,,,
HELISOMA,FALSE,4,4_middle,SC,CB,"multi,uni",FALSE,,,6.5,L,Sc,SC,,EPA,,,,,MOLLUSCA,GASTROPODA,,BASOMMATOPHORA,PLANORBIDAE,,,HELISOMA
HELIUS,FALSE,4,4_middle,SH,BU,uni,FALSE,,,5.3,KY,Ga,GA,,MC,"Sp,Bu",SP,BU,,ARTHROPODA,INSECTA,,DIPTERA,TIPULIDAE,,,HELIUS
HELOCHARES,FALSE,4,4_middle,"PR,CG",CB,multi,TRUE,,,5,B,Pr,PR,,KY,,,,,ARTHROPODA,INSECTA,,COLEOPTERA,HYDROPHILIDAE,,,HELOCHARES
HELOCOMBUS,FALSE,,,,,uni,-1,,,,,,,,,,,,,ARTHROPODA,INSECTA,,COLEOPTERA,HYDROPHILIDAE,,,HELOCOMBUS
HELOCORDULIA,FALSE,,,PR,,,FALSE,,,,,,,,,,,,,ARTHROPODA,INSECTA,,ODONATA,CORDULIIDAE,,,HELOCORDULIA
HELOPELOPIA,FALSE,,,,,,FALSE,,,,,,,,,,,,,ARTHROPODA,INSECTA,,DIPTERA,CHIRONOMIDAE,TANYPODINAE,PENTANEURINI,HELOPELOPIA
HELOPHORUS,FALSE,4,4_worse,SH,SW,uni,FALSE,,,7.9,L,Sh,SH,,MC,Cl,CL,,,ARTHROPODA,INSECTA,,COLEOPTERA,HELOPHORIDAE,,,HELOPHORUS
HELOPICUS NALATUS,FALSE,,,PR,CN,,FALSE,,,,,,,,,,,,,ARTHROPODA,INSECTA,,PLECOPTERA,PERLODIDAE,,,HELOPICUS
HEMERODROMIA,FALSE,4,4_middle,PR,SP,"multi,uni",FALSE,,,6,H,Pr,PR,PI,MC,"Sp,Bu",SP,BU,MC,ARTHROPODA,INSECTA,,DIPTERA,EMPIDIDAE,,,HEMERODROMIA
HEPTAGENIA,FALSE,4,4_middle,SC,CN,uni,FALSE,SG,snag,2.8,L,"Sc,Ga",SC,GA,MC,Cg,CG,,,ARTHROPODA,INSECTA,,EPHEMEROPTERA,HEPTAGENIIDAE,,,HEPTAGENIA
HEPTAGENIIDAE,FALSE,4,4_middle,SC,CN,uni,FALSE,,,4,H,"Sc,Ga",SC,GA,MC,Cg,CG,,,ARTHROPODA,INSECTA,,EPHEMEROPTERA,HEPTAGENIIDAE,,,
HESPEROCORIXA,FALSE,4,4_middle,PH,SW,uni,TRUE,,,5,B,Pi,PI,,MC,"Sw,Cl",SW,CL,,ARTHROPODA,INSECTA,,HEMIPTERA,CORIXIDAE,,,HESPEROCORIXA
HETAERINA,FALSE,4,4_middle,PR,"CB,CN",semi,FALSE,,,6.2,L,Pr,PR,,MC,Cl,CL,,,ARTHROPODA,INSECTA,,ODONATA,CALOPTERYGIDAE,,,HETAERINA
HETERELMIS,FALSE,4,4_middle,CG,CN,semi,FALSE,,,,,,,,,,,,,ARTHROPODA,INSECTA,,COLEOPTERA,ELMIDAE,,,HETERELMIS
HETEROCERIDAE,FALSE,4,4_worse,,CN,,TRUE,,,,,,,,,,,,,ARTHROPODA,INSECTA,,COLEOPTERA,HETEROCERIDAE,,,
HETEROCLOEON,FALSE,,,SC,SW,multi,FALSE,,,,,,,,,,,,,ARTHROPODA,INSECTA,,EPHEMEROPTERA,BAETIDAE,,,HETEROCLOEON
HETEROSTERNUTA,FALSE,4,4_middle,PR,SW,NA,TRUE,,,8.9,L****,"Pr,Pi",PR,PI,MC,"Sw,Dv",SW,DV,,ARTHROPODA,INSECTA,,COLEOPTERA,DYTISCIDAE,HYDROPORINAE,HYDROPORINI,HETEROSTERNUTA
HETEROSTERNUTA PULCHRA,FALSE,4,4_middle,PR,SW,,TRUE,,,,,,,,,,,,,ARTHROPODA,INSECTA,,COLEOPTERA,DYTISCIDAE,,,HETEROSTERNUTA
HETEROSTERNUTA WICKHAMI,FALSE,4,4_middle,PR,SW,,TRUE,,,,,,,,,,,,,ARTHROPODA,INSECTA,,COLEOPTERA,DYTISCIDAE,,,HETEROSTERNUTA
HETEROTRISSOCLADIUS,FALSE,,,"CG,SC","SP,BU",,FALSE,,,5.4,L,"Ga,Sc",GA,SC,MC,"Sp,Bu",SP,BU,,ARTHROPODA,INSECTA,,DIPTERA,CHIRONOMIDAE,ORTHOCLADIINAE,,HETEROTRISSOCLADIUS
HEXAGENIA,FALSE,4,4_middle,CG,BU,semi,FALSE,NF,pool,4.7,L,"Ga,Fi",GA,FI,MC,Bu,BU,,,ARTHROPODA,INSECTA,,EPHEMEROPTERA,EPHEMERIDAE,,,HEXAGENIA
HEXAGENIA ATROCAUDATA,FALSE,4,4_middle,CG,BU,semi,FALSE,,,,,,,,,,,,,ARTHROPODA,INSECTA,,EPHEMEROPTERA,EPHEMERIDAE,,,HEXAGENIA
HEXAGENIA LIMBATA,FALSE,4,4_middle,CG,BU,semi,FALSE,NF,pool,4.6,KS,"Ga,Fi",GA,FI,MC**,Bu,BU,,,ARTHROPODA,INSECTA,,EPHEMEROPTERA,EPHEMERIDAE,,,HEXAGENIA
HEXATOMA,FALSE,3,,PR,BU,uni,FALSE,,,4.7,L,Pr,PR,,MC,"Bu,Sp",BU,SP,,ARTHROPODA,INSECTA,,DIPTERA,TIPULIDAE,,,HEXATOMA
HIRUDINIDAE,FALSE,,,PR,SP,,FALSE,,,,,,,,,,,,,ANNELIDA,HIRUDINEA,,GNATHOBDELLIDA,HIRUDINIDAE,,,
HYALELLA AZTECA,FALSE,4,4_worse,CG,SP,multi,FALSE,,,7.9,L,Ga,GA,,EPA,,,,,ARTHROPODA,CRUSTACEA,,AMPHIPODA,HYALELLIDAE,,,HYALELLA
HYBOMITRA,FALSE,4,4_middle,PR,SP,uni,FALSE,,,,,,,,,,,,,ARTHROPODA,INSECTA,,DIPTERA,TABANIDAE,,,HYBOMITRA
HYDATICUS,FALSE,,,PR,SW,uni,TRUE,,,,,,,,,,,,,ARTHROPODA,INSECTA,,COLEOPTERA,DYTISCIDAE,,,HYDATICUS
HYDATOPHYLAX,FALSE,,,,,,FALSE,,,,,,,,,,,,,ARTHROPODA,INSECTA,,TRICHOPTERA,LIMNEPHILIDAE,,,HYDATOPHYLAX
HYDRACARINA,TRUE,,,,,,FALSE,,,,,,,,,,,,,ARTHROPODA,ARACHNIDA,,,,,,
HYDRAENA,FALSE,4,4_middle,PR,CN,"multi,uni",TRUE,,,5,KY,Pr,PR,,EPA,"Cg,Cl",CG,CL,,ARTHROPODA,INSECTA,,COLEOPTERA,HYDRAENIDAE,,,HYDRAENA
HYDROBAENUS,FALSE,4,4_worse,SC,SP,uni,FALSE,,,9.6,L,"Sc,Ga",SC,GA,MC,Sp,SP,,,ARTHROPODA,INSECTA,,DIPTERA,CHIRONOMIDAE,ORTHOCLADIINAE,,HYDROBAENUS
HYDROBIIDAE,FALSE,4,4_middle,SC,CB,multi,FALSE,,,8,B,Sc,SC,,EPA,,,,,MOLLUSCA,GASTROPODA,,NEOTAENIOGLOSSA,HYDROBIIDAE,,,
HYDROBIUS,FALSE,4,4_worse,PR,"CB,CN",uni,TRUE,,,5,B,Pr,PR,,EPA,"Cl,Cg",CL,CG,,ARTHROPODA,INSECTA,,COLEOPTERA,HYDROPHILIDAE,,,HYDROBIUS
HYDROCANTHUS,FALSE,,,PR,CB,uni,FALSE,,,,,,,,,,,,,ARTHROPODA,INSECTA,,COLEOPTERA,NOTERIDAE,,,HYDROCANTHUS
HYDROCHARA,FALSE,4,4_middle,PR,SW,uni,TRUE,,,6,KS,Pr,PR,,KY,"Sw,Dv",SW,DV,,ARTHROPODA,INSECTA,,COLEOPTERA,HYDROPHILIDAE,,,HYDROCHARA
HYDROCHUS,FALSE,4,4_worse,SH,"CB,SW",uni,FALSE,SG,snag,4.6,KS,Sh,SH,,MC,Cl,CL,,,ARTHROPODA,INSECTA,,COLEOPTERA,HYDROCHIDAE,,,HYDROCHUS
HYDROMETRA,FALSE,4,4_middle,PR,SK,multi,TRUE,,,7.3,KS,"Pr,Pi",PR,PI,MC**,Sk,SK,,,ARTHROPODA,INSECTA,,HEMIPTERA,HYDROMETRIDAE,,,HYDROMETRA
HYDROPERLA,FALSE,3,,,,uni,0,,,,,,,,,,,,,ARTHROPODA,INSECTA,,PLECOPTERA,PERLODIDAE,,,HYDROPERLA
HYDROPERLA CROSBYI,FALSE,3,,,,uni,0,,,,,,,,,,,,,ARTHROPODA,INSECTA,,PLECOPTERA,PERLODIDAE,,,HYDROPERLA
HYDROPHILIDAE,FALSE,4,4_middle,PR,SW,uni,TRUE,,,9,KY,"Ga,Pr",GA,PR,MC,"Dv,Sw",DV,SW,,ARTHROPODA,INSECTA,,COLEOPTERA,HYDROPHILIDAE,,,
HYDROPHILUS,FALSE,,,PR,"SW,CB",,TRUE,,,4.6,KS,"Pr,Ga",PR,GA,MC,"Sw,Dv",SW,DV,,ARTHROPODA,INSECTA,,COLEOPTERA,HYDROPHILIDAE,,,HYDROPHILUS
HYDROPORUS,FALSE,4,4_middle,PR,SW,semi,TRUE,,,8.9,L,"Pr,Pi",PR,PI,MC,"Sw,Cl",SW,CL,,ARTHROPODA,INSECTA,,COLEOPTERA,DYTISCIDAE,HYDROPORINAE,HYDROPORINI,HYDROPORUS
HYDROPSYCHE,FALSE,4,4_worse,CF,CN,uni,FALSE,,,4,L,"Fi,Sc",FI,SC,MC,Cg,CG,,,ARTHROPODA,INSECTA,,TRICHOPTERA,HYDROPSYCHIDAE,,,HYDROPSYCHE
HYDROPSYCHIDAE,FALSE,4,4_middle,CF,CN,uni,FALSE,,,4,H,"Fi,Pr",FI,PR,MC,Cg,CG,,,ARTHROPODA,INSECTA,,TRICHOPTERA,HYDROPSYCHIDAE,,,
HYDROPTILA,FALSE,4,4_middle,"SC,PH",CN,uni,FALSE,,,6.2,L,"Pi,Sc",PI,SC,MC,Cg,CG,,,ARTHROPODA,INSECTA,,TRICHOPTERA,HYDROPTILIDAE,,,HYDROPTILA
HYDROPTILIDAE,FALSE,4,4_middle,"SC,PH",CB,uni,FALSE,,,4,H,"Pi,Sc",PI,SC,MC,"Cg,Cl",CG,CL,,ARTHROPODA,INSECTA,,TRICHOPTERA,HYDROPTILIDAE,,,
HYDROVATUS,FALSE,4,4_middle,PR,SW,uni,TRUE,,,3.7,KS,"Pr,Pi",PR,PI,MC,,,,,ARTHROPODA,INSECTA,,COLEOPTERA,DYTISCIDAE,,,HYDROVATUS
HYGROTUS,FALSE,4,4_worse,PR,SW,multi,TRUE,,,,,,,,,,,,,ARTHROPODA,INSECTA,,COLEOPTERA,DYTISCIDAE,,,HYGROTUS
HYPORHYGMA,FALSE,,,,,,FALSE,,,,,,,,,,,,,ARTHROPODA,INSECTA,,DIPTERA,CHIRONOMIDAE,CHIRONOMINAE,CHIRONOMINI,HYPORHYGMA
ILYBIUS,FALSE,4,4_middle,PR,SW,uni,TRUE,,,3.7,KS,"Pr,Pi",PR,PI,MC,"Sw,Dv",SW,DV,,ARTHROPODA,INSECTA,,COLEOPTERA,DYTISCIDAE,,,ILYBIUS
ILYODRILUS TEMPLETONI,FALSE,4,4_middle,CG,BU,NA,FALSE,NF,pool,9.4,L,Ga,GA,,EPA,,,,,ANNELIDA,CLITELLATA,OLIGOCHAETA,TUBIFICIDA,TUBIFICIDAE,,,ILYODRILUS
IRONOQUIA,FALSE,4,4_middle,SH,"CB,CN,SP",uni,FALSE,,,7.3,L,Sh,SH,,MC,Sp,SP,,,ARTHROPODA,INSECTA,,TRICHOPTERA,LIMNEPHILIDAE,,,IRONOQUIA
ISCHNURA,FALSE,4,4_worse,PR,CB,uni,FALSE,RM,root_mat,9.4,L,Pr,PR,,MC,Cl,CL,,,ARTHROPODA,INSECTA,,ODONATA,COENAGRIONIDAE,,,ISCHNURA
ISONYCHIA,FALSE,4,4_middle,CF,"SW,CN",uni,FALSE,CS,coarse,3.8,L,"Fi,Pr",FI,PR,MC,"Sw,Cg",SW,CG,,ARTHROPODA,INSECTA,,EPHEMEROPTERA,ISONYCHIIDAE,,,ISONYCHIA
ISONYCHIA BICOLOR,FALSE,3,,CF,SW,uni,FALSE,,,2,H,"Fi,Pr",FI,PR,MC**,"Sw,Cg",SW,CG,,ARTHROPODA,INSECTA,,EPHEMEROPTERA,ISONYCHIIDAE,,,ISONYCHIA
ISONYCHIA RUFA,FALSE,4,4_middle,CF,"SW,CN",uni,FALSE,CS,coarse,3.7,KS,"Fi,Pr",FI,PR,MC**,"Sw,Cg",SW,CG,,ARTHROPODA,INSECTA,,EPHEMEROPTERA,ISONYCHIIDAE,,,ISONYCHIA
ISONYCHIA SICCA,FALSE,4,4_middle,CF,SW,,FALSE,CS,,,,,,,,,,,,ARTHROPODA,INSECTA,,EPHEMEROPTERA,ISONYCHIIDAE,,,ISONYCHIA
ISONYCHIIDAE,FALSE,4,4_middle,CF,SW,NA,FALSE,,,,,,,,,,,,,ARTHROPODA,INSECTA,,EPHEMEROPTERA,ISONYCHIIDAE,,,
ISOPERLA,FALSE,3,,PR,CN,uni,FALSE,CS,coarse,2,L,"Pr,Ga",PR,GA,MC,"Cg,Sp",CG,SP,,ARTHROPODA,INSECTA,,PLECOPTERA,PERLODIDAE,,,ISOPERLA
KIEFFERULUS,FALSE,4,4_middle,CG,BU,multi,FALSE,SG,snag,10,L,Ga,GA,,MC,Bu,BU,,,ARTHROPODA,INSECTA,,DIPTERA,CHIRONOMIDAE,CHIRONOMINAE,CHIRONOMINI,KIEFFERULUS
KLOOSIA,FALSE,,,,,,FALSE,,,,,,,,,,,,,ARTHROPODA,INSECTA,,DIPTERA,CHIRONOMIDAE,CHIRONOMINAE,CHIRONOMINI,KLOOSIA
KRENOPELOPIA,FALSE,,,,,NA,0,,,,,,,,,,,,,ARTHROPODA,INSECTA,,DIPTERA,CHIRONOMIDAE,,,KRENOPELOPIA
KRENOSMITTIA,FALSE,,,,,,FALSE,,,,,,,,,,,,,ARTHROPODA,INSECTA,,DIPTERA,CHIRONOMIDAE,ORTHOCLADIINAE,,KRENOSMITTIA
KRIBIODORUM PERPULCHRUM,FALSE,4,4_middle,CG,BU,NA,FALSE,SG,snag,4.6,L,Ga,GA,,EPA,,,,,ARTHROPODA,INSECTA,,DIPTERA,CHIRONOMIDAE,CHIRONOMINAE,CHIRONOMINI,KRIBIODORUM
LABRUNDINIA,FALSE,4,4_middle,PR,SP,uni,FALSE,,,5.3,L*,"Pr,Pi",PR,PI,MC,Sp,SP,,,ARTHROPODA,INSECTA,,DIPTERA,CHIRONOMIDAE,TANYPODINAE,PENTANEURINI,LABRUNDINIA
LACCOBIUS,FALSE,4,4_worse,PH,CN,uni,TRUE,SG,snag,8,L,Pi,PI,,MC,,,,,ARTHROPODA,INSECTA,,COLEOPTERA,HYDROPHILIDAE,,,LACCOBIUS
LACCODYTES,FALSE,,,PR,,,TRUE,,,,,,,,,,,,,ARTHROPODA,INSECTA,,COLEOPTERA,DYTISCIDAE,,,LACCODYTES
LACCOPHILUS,FALSE,4,4_worse,PR,SW,multi,TRUE,RM,root_mat,10,L,"Pr,Pi",PR,PI,MC,"Sw,Dv",SW,DV,,ARTHROPODA,INSECTA,,COLEOPTERA,DYTISCIDAE,,,LACCOPHILUS
LAEVAPEX,FALSE,3,,SC,CB,uni,FALSE,,,7.3,L,Sc,SC,,EPA,,,,,MOLLUSCA,GASTROPODA,,BASOMMATOPHORA,ANCYLIDAE,,,LAEVAPEX
LARSIA,FALSE,4,4_middle,PR,SP,"multi,uni",FALSE,,,8.3,L,Pr,PR,,MC,Sp,SP,,,ARTHROPODA,INSECTA,,DIPTERA,CHIRONOMIDAE,TANYPODINAE,PENTANEURINI,LARSIA
LAUTERBORNIELLA,FALSE,,,,,,FALSE,,,,,,,,,,,,,ARTHROPODA,INSECTA,,DIPTERA,CHIRONOMIDAE,,CHIRONOMINI,LAUTERBORNIELLA
LEPIDOPTERA,FALSE,,,SH,SP,,FALSE,,,,,,,,,,,,,ARTHROPODA,INSECTA,,LEPIDOPTERA,,,,
LEPIDOSTOMA,FALSE,3,,SH,CB,uni,FALSE,,,,,,,,,,,,,ARTHROPODA,INSECTA,,TRICHOPTERA,LEPIDOSTOMATIDAE,,,LEPIDOSTOMA
LEPTOCERIDAE,FALSE,4,4_middle,CG,CB,uni,FALSE,,,4,H,"Ga,Fi",GA,FI,MC,"Cl,Sp",CL,SP,,ARTHROPODA,INSECTA,,TRICHOPTERA,LEPTOCERIDAE,,,
LEPTOCERUS AMERICANUS,FALSE,4,4_middle,CG,CB,uni,FALSE,,,,,,,,,,,,,ARTHROPODA,INSECTA,,TRICHOPTERA,LEPTOCERIDAE,,,LEPTOCERUS
LEPTOHYPHIDAE,FALSE,,,,,,FALSE,,,,,,,,,,,,,ARTHROPODA,INSECTA,,EPHEMEROPTERA,LEPTOHYPHIDAE,,,
LEPTOPHLEBIA,FALSE,4,4_better,CG,SW,uni,FALSE,,,6.4,L,"Ga,Sh",GA,SH,MC,"Sw,Cg",SW,CG,,ARTHROPODA,INSECTA,,EPHEMEROPTERA,LEPTOPHLEBIIDAE,,,LEPTOPHLEBIA
LEPTOPHLEBIIDAE,FALSE,4,4_better,CG,"SW,CN,SP",uni,FALSE,,,2,H,"Ga,Sc",GA,SC,MC,"Sw,Cg",SW,CG,,ARTHROPODA,INSECTA,,EPHEMEROPTERA,LEPTOPHLEBIIDAE,,,
LEPTOXIS,FALSE,,,,,,FALSE,,,,,,,,,,,,,MOLLUSCA,GASTROPODA,,NEOTAENIOGLOSSA,PLEUROCERIDAE,,,LEPTOXIS
LESTES,FALSE,4,4_middle,PR,CB,uni,FALSE,,,,,,,,,,,,,ARTHROPODA,INSECTA,,ODONATA,LESTIDAE,,,LESTES
LESTIDAE,FALSE,,,PR,CB,uni,FALSE,,,,,,,,,,,,,ARTHROPODA,INSECTA,,ODONATA,LESTIDAE,,,
LETHOCERUS,FALSE,,,PR,"SW,CB",multi,TRUE,,,,,,,,,,,,,ARTHROPODA,INSECTA,,HEMIPTERA,BELOSTOMATIDAE,,,LETHOCERUS
LEUCOTRICHIA,FALSE,,,,,,FALSE,,,,,,,,,,,,,ARTHROPODA,INSECTA,,TRICHOPTERA,HYDROPTILIDAE,,,LEUCOTRICHIA
LEUCROCUTA,FALSE,3,,SC,CN,uni,FALSE,,,0,L,"Sc,Ga",SC,GA,MC,Cg,CG,,,ARTHROPODA,INSECTA,,EPHEMEROPTERA,HEPTAGENIIDAE,,,LEUCROCUTA
LEUCTRA,FALSE,3,,SH,SP,uni,FALSE,,,0.7,L,Sh,SH,,MC,,,,,ARTHROPODA,INSECTA,,PLECOPTERA,LEUCTRIDAE,,,LEUCTRA
LEUCTRIDAE,FALSE,3,,SH,"CN,SP",uni,FALSE,,,0,H,Sh,SH,,MC,"Sp,Cg",SP,CG,,ARTHROPODA,INSECTA,,PLECOPTERA,LEUCTRIDAE,,,
LIBELLULA,FALSE,4,4_middle,PR,SP,uni,FALSE,,,9.8,L,Pr,PR,,MC,Sp,SP,,,ARTHROPODA,INSECTA,,ODONATA,LIBELLULIDAE,,,LIBELLULA
LIBELLULIDAE,FALSE,4,4_middle,PR,SP,uni,FALSE,,,5.7,H,Pr,PR,,MC,Sp,SP,,,ARTHROPODA,INSECTA,,ODONATA,LIBELLULIDAE,,,
LIBELLULINAE,FALSE,,,PR,SP,,FALSE,,,,,,,,,,,,,ARTHROPODA,INSECTA,,ODONATA,LIBELLULIDAE,LIBELLULINAE,,
LIMNEBIUS,FALSE,,,,,,TRUE,,,,,,,,,,,,,ARTHROPODA,INSECTA,,COLEOPTERA,HYDRAENIDAE,,,LIMNEBIUS
LIMNEPHILIDAE,FALSE,4,4_middle,SH,CB,uni,FALSE,,,4,H,"Sh,Sc",SH,SC,MC,"Cl,Sp",CL,SP,,ARTHROPODA,INSECTA,,TRICHOPTERA,LIMNEPHILIDAE,,,
LIMNODRILUS,FALSE,4,4_middle,CG,"BU,CN",,FALSE,,,,,,,,,,,,,ANNELIDA,CLITELLATA,OLIGOCHAETA,TUBIFICIDA,NAIDIDAE,,,LIMNODRILUS
LIMNODRILUS CERVIX,FALSE,4,4_middle,CG,BU,NA,FALSE,NF,pool,9.8,L,Ga,GA,,EPA,,,,,ANNELIDA,CLITELLATA,OLIGOCHAETA,TUBIFICIDA,TUBIFICIDAE,,,LIMNODRILUS
LIMNODRILUS CLAPAREDIANUS,FALSE,4,4_middle,CG,BU,NA,FALSE,NF,pool,10,B,Ga,GA,,EPA,,,,,ANNELIDA,CLITELLATA,OLIGOCHAETA,TUBIFICIDA,TUBIFICIDAE,,,LIMNODRILUS
LIMNODRILUS HOFFMEISTERI,FALSE,4,4_middle,CG,BU,NA,FALSE,,,9.8,L,Ga,GA,,EPA,,,,,ANNELIDA,CLITELLATA,OLIGOCHAETA,TUBIFICIDA,TUBIFICIDAE,,,LIMNODRILUS
LIMNODRILUS UDEKEMIANUS,FALSE,4,4_middle,CG,BU,NA,FALSE,,,9.7,L,Ga,GA,,EPA,,,,,ANNELIDA,CLITELLATA,OLIGOCHAETA,TUBIFICIDA,TUBIFICIDAE,,,LIMNODRILUS
LIMNOPHILA,FALSE,4,4_middle,PR,BU,uni,FALSE,,,4.6,KS,Pr,PR,,MC,Bu,BU,,,ARTHROPODA,INSECTA,,DIPTERA,TIPULIDAE,,,LIMNOPHILA
LIMNOPHYES,FALSE,4,4_worse,CG,SP,"multi,uni",FALSE,,,8,,Ga,GA,,MC,Sp,SP,,,ARTHROPODA,INSECTA,,DIPTERA,CHIRONOMIDAE,ORTHOCLADIINAE,,LIMNOPHYES
LIMONIA,FALSE,4,4_middle,SH,BU,uni,FALSE,SG,snag,10,L,Sh,SH,,MC,"Bu,Sp",BU,SP,,ARTHROPODA,INSECTA,,DIPTERA,TIPULIDAE,,,LIMONIA
LIODESSUS,FALSE,4,4_middle,PR,SW,"multi,uni",TRUE,,,,,"Pr,Pi",PR,PI,MC,"Sw,Cl",SW,CL,,ARTHROPODA,INSECTA,,COLEOPTERA,DYTISCIDAE,,,LIODESSUS
LIOPOREUS,FALSE,,,PR,SW,,TRUE,,,,,,,,,,,,,ARTHROPODA,INSECTA,,COLEOPTERA,DYTISCIDAE,,,LIOPOREUS
LIOPOREUS TRIANGULARIS,FALSE,,,PR,SW,,TRUE,,,,,,,,,,,,,ARTHROPODA,INSECTA,,COLEOPTERA,DYTISCIDAE,,,LIOPOREUS
LIPINIELLA,FALSE,,,,,,FALSE,,,,,,,,,,,,,ARTHROPODA,INSECTA,,DIPTERA,CHIRONOMIDAE,CHIRONOMINAE,CHIRONOMINI,LIPINIELLA
LIRCEUS,FALSE,3,,CG,SP,NA,FALSE,,,7.7,L,Ga,GA,,EPA,,,,,ARTHROPODA,CRUSTACEA,,ISOPODA,ASELLIDAE,,,LIRCEUS
LOPESCLADIUS,FALSE,4,4_middle,CG,"BU,SP",multi,FALSE,,,2.2,L,Ga,GA,,MC,Sp,SP,,,ARTHROPODA,INSECTA,,DIPTERA,CHIRONOMIDAE,ORTHOCLADIINAE,,LOPESCLADIUS
LUMBRICIDAE,FALSE,4,4_middle,CG,BU,,FALSE,,,,,,,,,,,,,ANNELIDA,CLITELLATA,OLIGOCHAETA,TUBIFICIDA,LUMBRICIDAE,,,
LUMBRICINA,FALSE,,,,,,FALSE,,,10,,Ga,GA,,EPA,,,,,ANNELIDA,OLIGOCHAETA,,LUMBRICINA,,,,
LUMBRICULIDAE,FALSE,4,4_middle,CG,BU,NA,FALSE,,,8,B,Ga,GA,,EPA,,,,,ANNELIDA,OLIGOCHAETA,,LUMBRICULIDA,LUMBRICULIDAE,,,
LUTROCHUS,FALSE,3,,SH,SP,semi,FALSE,,,2.8,KS,Sh,SH,,MC,Cg,CG,,,ARTHROPODA,INSECTA,,COLEOPTERA,LUTROCHIDAE,,,LUTROCHUS
LYMNAEA,FALSE,4,4_middle,SC,CB,multi,FALSE,,,,,,,,,,,,,MOLLUSCA,GASTROPODA,,BASOMMATOPHORA,LYMNAEIDAE,,,LYMNAEA
LYMNAEIDAE,FALSE,4,4_middle,SC,CB,multi,FALSE,,,8,KY,Sc,SC,,EPA,,,,,MOLLUSCA,GASTROPODA,,BASOMMATOPHORA,LYMNAEIDAE,,,
LYPE DIVERSA,FALSE,,,,,,FALSE,,,,,,,,,,,,,ARTHROPODA,INSECTA,,TRICHOPTERA,PSYCHOMYIIDAE,,,LYPE
MACCAFFERTIUM,FALSE,4,4_middle,SC,CN,uni,FALSE,,,3.4,L*,"Sc,Ga",SC,GA,MC,Cg,CG,,,ARTHROPODA,INSECTA,,EPHEMEROPTERA,HEPTAGENIIDAE,,,MACCAFFERTIUM
MACCAFFERTIUM BEDNARIKI,FALSE,,,SC,CN,,,,,,,,,,,,,,,ARTHROPODA,INSECTA,,EPHEMEROPTERA,HEPTAGENIIDAE,,,MACCAFFERTIUM
MACCAFFERTIUM EXIGUUM,FALSE,4,4_middle,SC,CN,uni,FALSE,,,5,H,"Sc,Ga",SC,GA,MC**,Cg,CG,,,ARTHROPODA,INSECTA,,EPHEMEROPTERA,HEPTAGENIIDAE,,,MACCAFFERTIUM
MACCAFFERTIUM INTEGRUM,FALSE,,,SC,CN,uni,FALSE,,,,,,,,,,,,,ARTHROPODA,INSECTA,,EPHEMEROPTERA,HEPTAGENIIDAE,,,MACCAFFERTIUM
MACCAFFERTIUM MEDIOPUNCTATUM,FALSE,4,4_middle,SC,CN,uni,FALSE,,,,,,,,,,,,,ARTHROPODA,INSECTA,,EPHEMEROPTERA,HEPTAGENIIDAE,,,MACCAFFERTIUM
MACCAFFERTIUM MEXICANUM INTEGRUM,FALSE,4,4_middle,SC,CN,uni,0,,,,,,,,,,,,,ARTHROPODA,INSECTA,,EPHEMEROPTERA,HEPTAGENIIDAE,,,MACCAFFERTIUM
MACCAFFERTIUM MODESTUM,FALSE,4,4_middle,SC,CN,uni,FALSE,,,,,,,,,,,,,ARTHROPODA,INSECTA,,EPHEMEROPTERA,HEPTAGENIIDAE,,,MACCAFFERTIUM
MACCAFFERTIUM PULCHELLUM,FALSE,3,,SC,CN,uni,FALSE,,,3,H,"Sc,Ga",SC,GA,MC**,Cg,CG,,,ARTHROPODA,INSECTA,,EPHEMEROPTERA,HEPTAGENIIDAE,,,MACCAFFERTIUM
MACCAFFERTIUM TERMINATUM,FALSE,4,4_worse,SC,CN,uni,FALSE,,,4.5,L,"Sc,Ga",SC,GA,MC**,Cg,CG,,,ARTHROPODA,INSECTA,,EPHEMEROPTERA,HEPTAGENIIDAE,,,MACCAFFERTIUM
MACCAFFERTIUM VICARIUM,FALSE,4,4_middle,SC,CN,uni,FALSE,,,,,,,,,,,,,ARTHROPODA,INSECTA,,EPHEMEROPTERA,HEPTAGENIIDAE,,,MACCAFFERTIUM
MACROMIA,FALSE,4,4_middle,PR,SP,semi,FALSE,,,6.7,L,Pr,PR,,MC,Sp,SP,,,ARTHROPODA,INSECTA,,ODONATA,CORDULIIDAE,MACROMIINAE,,MACROMIA
MACRONYCHUS,FALSE,4,4_middle,CG,CN,"semi,uni",FALSE,,,,,,,,,,,,,ARTHROPODA,INSECTA,,COLEOPTERA,ELMIDAE,,,MACRONYCHUS
MACRONYCHUS GLABRATUS,FALSE,4,4_middle,CG,CN,"semi,uni",FALSE,SG,snag,4.7,L,Ga,GA,,MC,Cg,CG,,,ARTHROPODA,INSECTA,,COLEOPTERA,ELMIDAE,,,MACRONYCHUS
MARILIA,FALSE,3,,SH,CN,NA,FALSE,,,,,Sh,SH,,MC,Sp,SP,,,ARTHROPODA,INSECTA,,TRICHOPTERA,ODONTOCERIDAE,,,MARILIA
MEGALOPTERA,FALSE,,,PR,,,FALSE,,,,,,,,,,,,,ARTHROPODA,INSECTA,,MEGALOPTERA,,,,MEGALOPTERA
MENETUS,FALSE,4,4_middle,SC,CB,NA,FALSE,,,8.4,L,Sc,SC,,EPA,,,,,MOLLUSCA,GASTROPODA,,BASOMMATOPHORA,PLANORBIDAE,,,MENETUS
MENETUS SAMPSONI,FALSE,,,SC,CB,multi,FALSE,,,,,,,,,,,,,MOLLUSCA,GASTROPODA,,BASOMMATOPHORA,PLANORBIDAE,,,MENETUS
MERRAGATA,FALSE,,,PR,SK,multi,TRUE,,,,,,,,,,,,,ARTHROPODA,INSECTA,,HEMIPTERA,HEBRIDAE,,,MERRAGATA
MESOCRICOTOPUS,FALSE,,,CG,SP,,FALSE,,,,,Ga,GA,,MC,Sp,SP,,,ARTHROPODA,INSECTA,,DIPTERA,CHIRONOMIDAE,ORTHOCLADIINAE,,MESOCRICOTOPUS
MESOSMITTIA,FALSE,4,4_middle,CG,SP,multi,FALSE,,,7,KS,Ga,GA,,KY,,,,,ARTHROPODA,INSECTA,,DIPTERA,CHIRONOMIDAE,ORTHOCLADIINAE,,MESOSMITTIA
MESOVELIA,FALSE,4,4_worse,PR,"SK,CB",multi,TRUE,RM,root_mat,6.4,KS,"Pr,Pi",PR,PI,MC,"Sk,Cl",SK,CL,,ARTHROPODA,INSECTA,,HEMIPTERA,MESOVELIIDAE,,,MESOVELIA
MESOVELIIDAE,FALSE,4,4_worse,PR,SK,NA,TRUE,,,,,,,,,,,,,ARTHROPODA,INSECTA,,HEMIPTERA,MESOVELIIDAE,,,
METRIOCNEMUS,FALSE,,,,,,FALSE,,,,,,,,,,,,,ARTHROPODA,INSECTA,,DIPTERA,CHIRONOMIDAE,ORTHOCLADIINAE,,METRIOCNEMUS
METROBATES,FALSE,4,4_middle,PR,SK,uni,TRUE,,,6.4,KS,"Pr,Pi",PR,PI,MC,Sk,SK,,,ARTHROPODA,INSECTA,,HEMIPTERA,GERRIDAE,,,METROBATES
MICRASEMA,FALSE,,,SH,CN,semi,FALSE,,,,,,,,,,,,,ARTHROPODA,INSECTA,,TRICHOPTERA,BRACHYCENTRIDAE,,,MICRASEMA
MICROCHIRONOMUS,FALSE,4,4_middle,CG,BU,multi,FALSE,NF,pool,8,B,Ga,GA,,MC,Cl,CL,,,ARTHROPODA,INSECTA,,DIPTERA,CHIRONOMIDAE,CHIRONOMINAE,CHIRONOMINI,MICROCHIRONOMUS
MICROCYLLOEPUS,FALSE,3,,CG,CN,semi,FALSE,,,,,,,,,,,,,ARTHROPODA,INSECTA,,COLEOPTERA,ELMIDAE,,,MICROCYLLEOPUS
MICROCYLLOEPUS PUSILLUS,FALSE,3,,CG,CN,semi,FALSE,,,,,,,,,,,,,ARTHROPODA,INSECTA,,COLEOPTERA,ELMIDAE,,,MICROCYLLOEPUS
MICROMENETUS,FALSE,,,SC,CB,multi,FALSE,,,,,,,,,,,,,MOLLUSCA,GASTROPODA,,BASOMMATOPHORA,PLANORBIDAE,,,MENETUS
MICROPSECTRA,FALSE,4,4_middle,CG,CB,multi,FALSE,,,1.4,L,Ga,GA,,MC,"Cl,Sp",CL,SP,,ARTHROPODA,INSECTA,,DIPTERA,CHIRONOMIDAE,CHIRONOMINAE,TANYTARSINI,MICROPSECTRA
MICROTENDIPES,FALSE,3,,CF,CN,multi,FALSE,,,6.2,L,"Fi,Ga",FI,GA,MC,Cg,CG,,,ARTHROPODA,INSECTA,,DIPTERA,CHIRONOMIDAE,CHIRONOMINAE,CHIRONOMINI,MICROTENDIPES
MICROVELIA,FALSE,4,4_middle,PR,SK,multi,TRUE,,,6.4,KS,"Pr,Pi",PR,PI,MC,Sk,SK,,,ARTHROPODA,INSECTA,,HEMIPTERA,VELIIDAE,,,MICROVELIA
MOLANNA,FALSE,,,,,,FALSE,,,,,,,,,,,,,ARTHROPODA,INSECTA,,TRICHOPTERA,MOLANNIDAE,,,MOLANNA
MOLOPHILUS,FALSE,,,,,,FALSE,,,,,,,,,,,,,ARTHROPODA,INSECTA,,DIPTERA,TIPULIDAE,,,MOLOPHILUS
MONODIAMESA,FALSE,,,,,,FALSE,,,,,,,,,,,,,ARTHROPODA,INSECTA,,DIPTERA,CHIRONOMIDAE,PRODIAMESINAE,,MONODIAMESA
MONOPELOPIA,FALSE,,,PR,SP,,FALSE,,,6.2,KY,Pr,PR,,MC,Sp,SP,,,ARTHROPODA,INSECTA,,DIPTERA,CHIRONOMIDAE,TANYPODINAE,PENTANEURINI,MONOPELOPIA
MUSCIDAE,FALSE,4,4_middle,PR,SP,NA,FALSE,,,6,B,Pr,PR,,MC,Sp,SP,,,ARTHROPODA,INSECTA,,DIPTERA,MUSCIDAE,,,
MYSTACIDES,FALSE,,,,,,FALSE,,,,,,,,,,,,,ARTHROPODA,INSECTA,,TRICHOPTERA,LEPTOCERIDAE,,,MYSTACIDES
MYXOSARGUS,FALSE,4,4_worse,CG,SP,NA,TRUE,,,10,KY,Ga,GA,,MC,"Sp,Bu",SP,BU,,ARTHROPODA,INSECTA,,DIPTERA,STRATIOMYIDAE,,,MYXOSARGUS
NANOCLADIUS,FALSE,4,4_middle,CG,SP,uni,FALSE,,,7.2,L,Ga,GA,,MC,Sp,SP,,,ARTHROPODA,INSECTA,,DIPTERA,CHIRONOMIDAE,ORTHOCLADIINAE,,NANOCLADIUS
NASIAESCHNA,FALSE,4,4_middle,PR,CB,semi,FALSE,,,,,,,,,,,,,ARTHROPODA,INSECTA,,ODONATA,AESHNIDAE,,,NASIAESCHNA
NASIAESCHNA PENTACANTHA,FALSE,4,4_middle,PR,CB,semi,FALSE,RM,root_mat,8,L,Pr,PR,,MC,"Cl,Cg",CL,CG,,ARTHROPODA,INSECTA,,ODONATA,AESHNIDAE,,,NASIAESCHNA
NATARSIA,FALSE,3,,PR,SP,uni,FALSE,,,8,B,Pr,PR,,MC,Sp,SP,,,ARTHROPODA,INSECTA,,DIPTERA,CHIRONOMIDAE,TANYPODINAE,NATARSIINI,NATARSIA
NECTOPSYCHE,FALSE,4,4_middle,SH,"CB,SP",uni,FALSE,,,4.1,L*,"Sh,Ga",SH,GA,MC,"Cl,Sw",CL,SW,,ARTHROPODA,INSECTA,,TRICHOPTERA,LEPTOCERIDAE,,,NECTOPSYCHE
NECTOPSYCHE ALBIDA,FALSE,4,4_middle,SH,"CB,SP",uni,FALSE,,,,,,,,,,,,,ARTHROPODA,INSECTA,,TRICHOPTERA,LEPTOCERIDAE,,,NECTOPSYCHE
NECTOPSYCHE CANDIDA,FALSE,4,4_middle,SH,"CB,SP",uni,FALSE,,,3.8,L,"Sh,Ga",SH,GA,MC**,"Cl,Sw",CL,SW,,ARTHROPODA,INSECTA,,TRICHOPTERA,LEPTOCERIDAE,,,NECTOPSYCHE
NECTOPSYCHE DIARINA,FALSE,4,4_worse,SH,"CB,SP",uni,FALSE,,,5.5,KS,"Sh,Ga",SH,GA,MC**,"Cl,Sw",CL,SW,,ARTHROPODA,INSECTA,,TRICHOPTERA,LEPTOCERIDAE,,,NECTOPSYCHE
NECTOPSYCHE EXQUISITA,FALSE,4,4_middle,SH,"CB,SP",uni,FALSE,,,,,,,,,,,,,ARTHROPODA,INSECTA,,TRICHOPTERA,LEPTOCERIDAE,,,NECTOPSYCHE
NECTOPSYCHE PAVIDA,FALSE,4,4_middle,SH,"CB,SP",uni,FALSE,,,4.2,L,"Sh,Ga",SH,GA,MC**,"Cl,Sw",CL,SW,,ARTHROPODA,INSECTA,,TRICHOPTERA,LEPTOCERIDAE,,,NECTOPSYCHE
NECTOPSYCHE SPILOMA,FALSE,,,SH,"CB,SP",uni,FALSE,,,,,,,,,,,,,ARTHROPODA,INSECTA,,TRICHOPTERA,LEPTOCERIDAE,,,NECTOPSYCHE
NEMATOMORPHA,FALSE,4,4_middle,PA,BU,,FALSE,,,,,,,,,,,,,NEMATOMORPHA,,,,,,,
NEMOTELUS,FALSE,4,4_worse,CG,SP,uni,TRUE,,,7.3,KS,Ga,GA,,MC,"Sw,Sp",SW,SP,,ARTHROPODA,INSECTA,,DIPTERA,STRATIOMYIDAE,,,NEMOTELUS
NEMOURIDAE,FALSE,3,,SH,"CN,SP",uni,FALSE,,,,,,,,,,,,,ARTHROPODA,INSECTA,,PLECOPTERA,NEMOURIDAE,,,
NEOPERLA,FALSE,4,4_better,PR,CN,uni,FALSE,,,1.6,L,Pr,PR,,MC,Cg,CG,,,ARTHROPODA,INSECTA,,PLECOPTERA,PERLIDAE,,,NEOPERLA
NEOPHYLAX,FALSE,3,,SC,CN,uni,FALSE,,,,,,,,,,,,,ARTHROPODA,INSECTA,,TRICHOPTERA,UENOIDAE,,,NEOPHYLAX
NEOPLASTA,FALSE,4,4_middle,PR,SP,uni,FALSE,,,,,,,,,,,,,ARTHROPODA,INSECTA,,DIPTERA,EMPIDIDAE,,,NEOPLASTA
NEOPLEA,FALSE,4,4_worse,PR,"SW,CN","multi,uni",TRUE,RM,root_mat,5.5,KS,"Pr,Pi",PR,PI,MC,"Sw,Cl",SW,CL,,ARTHROPODA,INSECTA,,HEMIPTERA,PLEIDAE,,,NEOPLEA
NEOPORUS,FALSE,4,4_worse,PR,SW,multi,TRUE,,,8.9,L****,Pr,PR,,KY,,,,,ARTHROPODA,INSECTA,,COLEOPTERA,DYTISCIDAE,HYDROPORINAE,HYDROPORINI,NEOPORUS
NEOTRICHIA,FALSE,4,4_middle,SC,CN,uni,FALSE,,,,,,,,,,,,,ARTHROPODA,INSECTA,,TRICHOPTERA,HYDROPTILIDAE,,,NEOTRICHIA
NEOZAVRELIA,FALSE,,,,,,FALSE,,,,,,,,,,,,,ARTHROPODA,INSECTA,,DIPTERA,CHIRONOMIDAE,ORTHOCLADIINAE,,NEOZAVRELIA
NEPA,FALSE,4,4_worse,,,,TRUE,,,4.6,KS,"Pr,Pi",PR,PI,MC*,Cl,CL,,,ARTHROPODA,INSECTA,,HEMIPTERA,NEPIDAE,,,NEPA
NEURECLIPSIS,FALSE,4,4_middle,CF,CN,uni,FALSE,SG,snag,4.4,L,"Fi,Sh",FI,SH,MC,Cg,CG,,,ARTHROPODA,INSECTA,,TRICHOPTERA,POLYCENTROPODIDAE,,,NEURECLIPSIS
NEUROCORDULIA,FALSE,4,4_middle,PR,CB,uni,FALSE,,,4,L*,Pr,PR,,MC,"Cl,Cg",CL,CG,,ARTHROPODA,INSECTA,,ODONATA,CORDULIIDAE,CORDULIINAE,,NEUROCORDULIA
NIGRONIA,FALSE,3,,PR,CN,semi,FALSE,,,,,,,,,,,,,ARTHROPODA,INSECTA,,MEGALOPTERA,CORYDALIDAE,,,NIGRONIA
NIGRONIA FASCIATUS,FALSE,3,,PR,CN,,,,,,,,,,,,,,,ARTHROPODA,INSECTA,,MEGALOPTERA,CORYDALIDAE,,,NIGRONIA
NIGRONIA SERRICORNIS,FALSE,3,,PR,CN,semi,FALSE,,,,,,,,,,,,,ARTHROPODA,INSECTA,,MEGALOPTERA,CORYDALIDAE,,,NIGRONIA
NILOTANYPUS,FALSE,4,4_middle,PR,SP,"multi,uni",FALSE,CS,coarse,6,B,Pr,PR,,EPA,Sp,SP,,,ARTHROPODA,INSECTA,,DIPTERA,CHIRONOMIDAE,TANYPODINAE,PENTANEURINI,NILOTANYPUS
NILOTHAUMA,FALSE,4,4_middle,CG,BU,NA,FALSE,SG,snag,5.5,L,,GA,,MC***,,,,,ARTHROPODA,INSECTA,,DIPTERA,CHIRONOMIDAE,CHIRONOMINAE,CHIRONOMINI,NILOTHAUMA
NIXE,FALSE,4,4_better,"SC,PR",CN,uni,FALSE,,,,,,,,,,,,,ARTHROPODA,INSECTA,,EPHEMEROPTERA,HEPTAGENIIDAE,,,NIXE
NOCTUIDAE,FALSE,,,SH,"BU,CB",,FALSE,,,3,KY,Sh,SH,,MC,"Bu,Cl",BU,CL,,ARTHROPODA,INSECTA,,LEPIDOPTERA,NOCTUIDAE,,,
NOTONECTA,FALSE,4,4_middle,PR,"SW,CB",multi,TRUE,,,5.5,KS,"Pr,Pi",PR,PI,MC,"Sw,Cl",SW,CL,,ARTHROPODA,INSECTA,,HEMIPTERA,NOTONECTIDAE,,,NOTONECTA
NOTONECTIDAE,FALSE,4,4_middle,PR,SW,multi,TRUE,,,,,,,,,,,,,ARTHROPODA,INSECTA,,HEMIPTERA,NOTONECTIDAE,,,
NYCTIOPHYLAX,FALSE,4,4_middle,PR,CN,uni,FALSE,SG,snag,0.9,L,"Pr,Fi",PR,FI,MC,Cg,CG,,,ARTHROPODA,INSECTA,,TRICHOPTERA,POLYCENTROPODIDAE,,,NYCTIOPHYLAX
OCHROTRICHIA,FALSE,4,4_middle,CG,"CN,CB",uni,FALSE,,,,,,,,,,,,,ARTHROPODA,INSECTA,,TRICHOPTERA,HYDROPTILIDAE,HYDROPTILINAE,,OCHROTRICHIA
OCHTHEBIUS,FALSE,4,4_worse,SC,CN,uni,TRUE,,,,,,,,,,,,,ARTHROPODA,INSECTA,,COLEOPTERA,HYDRAENIDAE,,,OCHTHEBIUS
ODONATA,FALSE,,,PR,CB,,FALSE,,,,,,,,,,,,,ARTHROPODA,INSECTA,,ODONATA,,,,
ODONTOMYIA,FALSE,4,4_worse,CG,SP,uni,TRUE,,,7.3,KS,"Ga,Sc",GA,SC,MC,Sp,SP,,,ARTHROPODA,INSECTA,,DIPTERA,STRATIOMYIDAE,,,ODONTOMYIA
OECETIS,FALSE,4,4_middle,PR,"CN,SP",uni,FALSE,,,5.7,L,"Pr,Sh",PR,SH,MC,"Cl,Cg",CL,CG,,ARTHROPODA,INSECTA,,TRICHOPTERA,LEPTOCERIDAE,,,OECETIS
OLIGOCHAETA,FALSE,4,4_middle,CG,BU,,FALSE,,,,,,,,,,,,,ANNELIDA,OLIGOCHAETA,,,,,,
OLIVERIDIA,FALSE,,,,,,FALSE,,,,,,,,,,,,,ARTHROPODA,INSECTA,,DIPTERA,CHIRONOMIDAE,ORTHOCLADIINAE,,OLIVERIDIA
OMISUS,FALSE,,,,,,FALSE,,,,,,,,,,,,,ARTHROPODA,INSECTA,,DIPTERA,CHIRONOMIDAE,CHIRONOMINAE,CHIRONOMINI,OMISUS
OPHIOGOMPHUS,FALSE,3,,PR,BU,semi,FALSE,,,,,,,,,,,,,ARTHROPODA,INSECTA,,ODONATA,GOMPHIDAE,,,OPHIOGOMPHUS
OPTIOSERVUS,FALSE,4,4_better,SC,CN,semi,FALSE,,,,,,,,,,,,,ARTHROPODA,INSECTA,,COLEOPTERA,ELMIDAE,,,OPTIOSERVUS
OPTIOSERVUS SANDERSONI,FALSE,4,4_better,SC,CN,,,,,,,,,,,,,,,ARTHROPODA,INSECTA,,COLEOPTERA,ELMIDAE,,,OPTIOSERVUS
OREODYTES,FALSE,4,4_middle,"PR,SH",SW,semi,TRUE,,,,,,,,,,,,,ARTHROPODA,INSECTA,,COLEOPTERA,DYTISCIDAE,,,OREODYTES
ORMOSIA,FALSE,4,4_middle,CG,BU,uni,FALSE,,,4.6,KS,Ga,GA,,MC,Bu,BU,,,ARTHROPODA,INSECTA,,DIPTERA,TIPULIDAE,,,ORMOSIA
ORTHEMIS FERRUGINEA,FALSE,,,PR,SP,,FALSE,,,,,,,,,,,,,ARTHROPODA,INSECTA,,ODONATA,LIBELLULIDAE,,,ORTHEMIS
ORTHOCLADIINAE,FALSE,,,,,,FALSE,,,,,,,,,,,,,ARTHROPODA,INSECTA,,DIPTERA,CHIRONOMIDAE,ORTHOCLADIINAE,,
ORTHOCLADIUS,FALSE,4,4_middle,CG,SP,multi,FALSE,,,,,,,,,,,,,ARTHROPODA,INSECTA,,DIPTERA,CHIRONOMIDAE,ORTHOCLADIINAE,,ORTHOCLADIUS
ORTHOCLADIUS (EUORTHOCLADIUS),FALSE,4,4_middle,CG,SP,multi,FALSE,CS,coarse,6.3,L,Ga,GA,,MC,"Sp,Bu",SP,BU,,ARTHROPODA,INSECTA,,DIPTERA,CHIRONOMIDAE,ORTHOCLADIINAE,,ORTHOCLADIUS
ORTHOCLADIUS (SYMPOSIOCLADIUS),FALSE,4,4_middle,CG,SP,multi,FALSE,,,,,,,,,,,,,ARTHROPODA,INSECTA,,DIPTERA,CHIRONOMIDAE,ORTHOCLADIINAE,,ORTHOCLADIUS
ORTHOCLADIUS LAMELLATUS,FALSE,,,CG,SP,multi,FALSE,,,,,,,,,,,,,ARTHROPODA,INSECTA,,DIPTERA,CHIRONOMIDAE,ORTHOCLADIINAE,,ORTHOCLADIUS
ORTHOCLADIUS NIMIDENS,FALSE,,,CG,SP,multi,FALSE,,,,,,,,,,,,,ARTHROPODA,INSECTA,,DIPTERA,CHIRONOMIDAE,ORTHOCLADIINAE,,ORTHOCLADIUS
ORTHOCLADIUS ROBAKI,FALSE,,,CG,SP,multi,FALSE,,,,,,,,,,,,,ARTHROPODA,INSECTA,,DIPTERA,CHIRONOMIDAE,ORTHOCLADIINAE,,ORTHOCLADIUS
ORTHOTRICHIA,FALSE,4,4_middle,PH,CN,uni,FALSE,,,7.2,L,Pi,PI,,MC,Cl,CL,,,ARTHROPODA,INSECTA,,TRICHOPTERA,HYDROPTILIDAE,,,ORTHOTRICHIA
OXYETHIRA,FALSE,4,4_middle,CG,"CB,CN",uni,FALSE,,,3,H,"Pi,Ga",PI,GA,MC,Cl,CL,,,ARTHROPODA,INSECTA,,TRICHOPTERA,HYDROPTILIDAE,,,OXYETHIRA
PACHYDIPLAX LONGIPENNIS,FALSE,4,4_middle,PR,SP,"multi,uni",FALSE,,,9.6,L,Pr,PR,,MC,Sp,SP,,,ARTHROPODA,INSECTA,,ODONATA,LIBELLULIDAE,,,PACHYDIPLAX
PADUNIELLA NEARCTICA,FALSE,,,,,,FALSE,,,,,,,,,,,,,ARTHROPODA,INSECTA,,TRICHOPTERA,PSYCHOMYIIDAE,,,PADUNIELLA
PAGASTIELLA,FALSE,,,CG,,,FALSE,,,2.6,L,Ga,GA,,EPA,,,,,ARTHROPODA,INSECTA,,DIPTERA,CHIRONOMIDAE,CHIRONOMINAE,CHIRONOMINI,PAGASTIELLA
PALAEMONETES KADIAKENSIS,FALSE,6m,,CG,SP,NA,FALSE,,,5,KY,Ga,GA,,KY,,,,,ARTHROPODA,CRUSTACEA,,DECAPODA,PALAEMONIDAE,,,PALAEMONETES
PALMACORIXA,FALSE,4,4_worse,PR,SW,multi,TRUE,,,5.5,KS,Pr,PR,,EPA,,,,,ARTHROPODA,INSECTA,,HEMIPTERA,CORIXIDAE,,,PALMACORIXA
PANTALA,FALSE,4,4_middle,PR,SP,uni,FALSE,,,,,,,,,,,,,ARTHROPODA,INSECTA,,ODONATA,LIBELLULIDAE,,,PANTALA
PARABOREOCHLUS,FALSE,,,,,,FALSE,,,,,,,,,,,,,ARTHROPODA,INSECTA,,DIPTERA,CHIRONOMIDAE,PODONOMINAE,BOREOCHLINI,PARABOREOCHLUS
PARACAPNIA,FALSE,3,,SH,SP,uni,FALSE,,,,,,,,,,,,,ARTHROPODA,INSECTA,,PLECOPTERA,CAPNIIDAE,,,PARACAPNIA
PARACAPNIA ANGULATA,FALSE,3,,SH,SP,uni,FALSE,,,,,,,,,,,,,ARTHROPODA,INSECTA,,PLECOPTERA,CAPNIIDAE,,,PARACAPNIA
PARACHAETOCLADIUS,FALSE,,,,,,FALSE,,,,,,,,,,,,,ARTHROPODA,INSECTA,,DIPTERA,CHIRONOMIDAE,ORTHOCLADIINAE,,PARACHAETOCLADIUS
PARACHIRONOMUS,FALSE,4,4_worse,PR,SP,multi,FALSE,,,9.2,L,"Pr,Ga",PR,GA,MC,Sp,SP,,,ARTHROPODA,INSECTA,,DIPTERA,CHIRONOMIDAE,CHIRONOMINAE,CHIRONOMINI,PARACHIRONOMUS
PARACLADOPELMA,FALSE,4,4_middle,CG,SP,uni,FALSE,NF,pool,4.8,L,GaGa,GA,,EPA,Sp,SP,,,ARTHROPODA,INSECTA,,DIPTERA,CHIRONOMIDAE,CHIRONOMINAE,CHIRONOMINI,PARACLADOPELMA
PARACLOEODES,FALSE,4,4_middle,SC,SW,multi,FALSE,,,5,KS,Sc,SC,,MC,Sw,SW,,,ARTHROPODA,INSECTA,,EPHEMEROPTERA,BAETIDAE,,,PARACLOEODES
PARACLOEODES MINUTUS,FALSE,4,4_middle,SC,SW,multi,FALSE,,,,,,,,,,,,,ARTHROPODA,INSECTA,,EPHEMEROPTERA,BAETIDAE,,,PARACLOEODES
PARACRICOTOPUS,FALSE,,,,,,FALSE,,,,,,,,,,,,,ARTHROPODA,INSECTA,,DIPTERA,CHIRONOMIDAE,ORTHOCLADIINAE,,PARACRICOTOPUS
PARACYMUS,FALSE,4,4_middle,PR,CN,uni,TRUE,,,7.3,KS,"Pr,Ga",PR,GA,EPA,Bu,BU,,,ARTHROPODA,INSECTA,,COLEOPTERA,HYDROPHILIDAE,,,PARACYMUS
PARADELPHOMYIA,FALSE,,,,,,FALSE,,,,,,,,,,,,,ARTHROPODA,INSECTA,,DIPTERA,TIPULIDAE,,,PARADELPHOMYIA
PARAGNETINA,FALSE,3,,PR,CN,semi,FALSE,,,,,,,,,,,,,ARTHROPODA,INSECTA,,PLECOPTERA,PERLIDAE,,,PARAGNETINA
PARAGNETINA MEDIA,FALSE,3,,PR,CN,semi,FALSE,,,,,,,,,,,,,ARTHROPODA,INSECTA,,PLECOPTERA,PERLIDAE,,,PARAGNETINA
PARAKIEFFERIELLA,FALSE,4,4_middle,CG,SP,uni,FALSE,,,5.9,L,Ga,GA,,MC,Sp,SP,,,ARTHROPODA,INSECTA,,DIPTERA,CHIRONOMIDAE,ORTHOCLADIINAE,,PARAKIEFFERIELLA
PARALAUTERBORNIELLA,FALSE,4,4_middle,CG,BU,uni,FALSE,NF,pool,8,H,Ga,GA,,MC,Cg,CG,,,ARTHROPODA,INSECTA,,DIPTERA,CHIRONOMIDAE,CHIRONOMINAE,CHIRONOMINI,PARALAUTERBORNIELLA
PARALEPTOPHLEBIA,FALSE,3,,CG,SW,uni,FALSE,,,1.2,L,"Ga,Sh",GA,SH,MC,"Sw,Cg",SW,CG,,ARTHROPODA,INSECTA,,EPHEMEROPTERA,LEPTOPHLEBIIDAE,,,PARALEPTOPHLEBIA
PARAMERINA,FALSE,4,4_middle,PR,SP,"multi,uni",FALSE,,,,,,,,,,,,,ARTHROPODA,INSECTA,,DIPTERA,CHIRONOMIDAE,TANYPODINAE,TANYTARSINI,PARAMERINA
PARAMETRIOCNEMUS,FALSE,3,,CG,SP,multi,FALSE,,,3.7,L,Ga,GA,,MC,Sp,SP,,,ARTHROPODA,INSECTA,,DIPTERA,CHIRONOMIDAE,ORTHOCLADIINAE,,PARAMETRIOCNEMUS
PARANYCTIOPHYLAX,FALSE,4,4_middle,PR,CN,uni,FALSE,SG,,,,,,,,,,,,ARTHROPODA,INSECTA,,TRICHOPTERA,POLYCENTROPODIDAE,,,NYCTIOPHYLAX
PARAPHAENOCLADIUS,FALSE,4,4_middle,CG,SP,"multi,uni",FALSE,,,4,B,Ga,GA,,MC,Sp,SP,,,ARTHROPODA,INSECTA,,DIPTERA,CHIRONOMIDAE,ORTHOCLADIINAE,,PARAPHAENOCLADIUS
PARAPOYNX,FALSE,,,,,,FALSE,,,,,,,,,,,,,ARTHROPODA,INSECTA,,LEPIDOPTERA,CRAMBIDAE,,,PARAPOYNX
PARATANYTARSUS,FALSE,4,4_middle,CG,"CN,SP",multi,FALSE,,,7.7,L,"Ga,Fi",GA,FI,MC***,Sp,SP,,,ARTHROPODA,INSECTA,,DIPTERA,CHIRONOMIDAE,CHIRONOMINAE,TANYTARSINI,PARATANYTARSUS
PARATENDIPES,FALSE,4,4_middle,CG,BU,uni,FALSE,,,5.3,L,Ga,GA,,MC,Bu,BU,,,ARTHROPODA,INSECTA,,DIPTERA,CHIRONOMIDAE,CHIRONOMINAE,CHIRONOMINI,PARATENDIPES
PEDICIA,FALSE,,,PR,BU,uni,FALSE,,,,,,,,,,,,,ARTHROPODA,INSECTA,,DIPTERA,TIPULIDAE,,,PEDICIA
PELOCORIS,FALSE,4,4_middle,PR,CB,uni,TRUE,SG,snag,,,"Pr,Pi",PR,PI,MC,"Cl,Sw",CL,SW,,ARTHROPODA,INSECTA,,HEMIPTERA,NAUCORIDAE,,,PELOCORIS
PELOSCOLEX FEROX,FALSE,,,,,,FALSE,,,,,,,,,,,,,ANNELIDA,CLITELLATA,OLIGOCHAETA,TUBIFICIDA,NAIDIDAE,,,PELOSCOLEX
PELTODYTES,FALSE,4,4_worse,"SH,PH","CB,CN",multi,TRUE,,,8.5,L,"Pi,Sh",PI,SH,MC,"Sw,Cl",SW,CL,,ARTHROPODA,INSECTA,,COLEOPTERA,HALIPLIDAE,,,PELTODYTES
PENTACORA,FALSE,4,4_middle,,,NA,-1,,,,,,,,,,,,,ARTHROPODA,INSECTA,,HEMIPTERA,SALDIDAE,,,PENTACORA
PENTAGENIA VITTIGERA,FALSE,4,4_middle,CG,BU,uni,FALSE,,,,,,,,,,,,,ARTHROPODA,INSECTA,,EPHEMEROPTERA,EPHEMERIDAE,,,PENTAGENIA
PENTANEURA,FALSE,4,4_middle,PR,SP,uni,FALSE,CS,coarse,4.6,L,"Pr,Pi",PR,PI,MC,Sp,SP,,,ARTHROPODA,INSECTA,,DIPTERA,CHIRONOMIDAE,TANYPODINAE,PENTANEURINI,PENTANEURA
PENTANEURA (SPECIES A),FALSE,4,4_middle,PR,SP,uni,FALSE,CS,,,,,,,,,,,,ARTHROPODA,INSECTA,,DIPTERA,CHIRONOMIDAE,TANYPODINAE,PENTANEURINI,PENTANEURA
PERICOMA,FALSE,4,4_worse,CG,BU,multi,FALSE,,,4,B,Ga,GA,,MC,Bu,BU,,,ARTHROPODA,INSECTA,,DIPTERA,PSYCHODIDAE,,,PERICOMA
PERICOMA/TELMATOSCOPUS,FALSE,,,CG,BU,,FALSE,,,,,,,,,,,,,ARTHROPODA,INSECTA,,DIPTERA,PSYCHODIDAE,,,PERICOMA/TELMATOSCOPUS
PERITHEMIS,FALSE,4,4_middle,PR,SP,uni,FALSE,,,10,L,Pr,PR,,MC,Sp,SP,,,ARTHROPODA,INSECTA,,ODONATA,LIBELLULIDAE,,,PERITHEMIS
PERLESTA,FALSE,4,4_middle,PR,CN,uni,FALSE,,,0,L,"Pr,Ga",PR,GA,MC,Cg,CG,,,ARTHROPODA,INSECTA,,PLECOPTERA,PERLIDAE,,,PERLESTA
PERLIDAE,FALSE,4,4_better,PR,CN,semi,FALSE,,,3,L,Pr,PR,,MC,Cg,CG,,,ARTHROPODA,INSECTA,,PLECOPTERA,PERLIDAE,,,
PERLINELLA DRYMO,FALSE,3,,PR,CN,uni,FALSE,RM,root_mat,0,L,Pr,PR,,MC**,,,,,ARTHROPODA,INSECTA,,PLECOPTERA,PERLIDAE,,,PERLINELLA
PERLINELLA EPHYRE,FALSE,3,,PR,CN,uni,FALSE,,,,,,,,,,,,,ARTHROPODA,INSECTA,,PLECOPTERA,PERLIDAE,,,PERLINELLA
PERLODIDAE,FALSE,3,,PR,CN,uni,FALSE,,,2,H,"Pr,Sc",PR,SC,MC,Cg,CG,,,ARTHROPODA,INSECTA,,PLECOPTERA,PERLODIDAE,,,
PETROPHILA,FALSE,3,,SC,CB,multi,FALSE,,,,,,,,,,,,,ARTHROPODA,INSECTA,,LEPIDOPTERA,CRAMBIDAE,,,PETROPHILA
PHAENOPSECTRA,FALSE,4,4_middle,"CG,SC",CN,multi,FALSE,,,6.2,L,"Sc,Ga",SC,GA,MC,Cg,CG,,,ARTHROPODA,INSECTA,,DIPTERA,CHIRONOMIDAE,CHIRONOMINAE,CHIRONOMINI,PHAENOPSECTRA
PHILOPOTAMIDAE,FALSE,3,,CF,CN,multi,FALSE,,,,,,,,,,,,,ARTHROPODA,INSECTA,,TRICHOPTERA,PHILOPOTAMIDAE,,,
PHORIDAE,FALSE,,,CG,BU,,FALSE,,,,,,,,,,,,,ARTHROPODA,INSECTA,,DIPTERA,PHORIDAE,,,
PHRYGANEIDAE,FALSE,4,4_middle,SH,CB,uni,FALSE,,,4,H,"Sh,Pr",SH,PR,MC,Cl,CL,,,ARTHROPODA,INSECTA,,TRICHOPTERA,PHRYGANEIDAE,,,
PHYSELLA,FALSE,5,,SC,CB,multi,FALSE,,,9.1,L,Sc,SC,,EPA,,,,,MOLLUSCA,GASTROPODA,,BASOMMATOPHORA,PHYSIDAE,,,PHYSELLA
PILARIA,FALSE,4,4_middle,PR,BU,uni,FALSE,,,7,H,Pr,PR,,MC,Bu,BU,,,ARTHROPODA,INSECTA,,DIPTERA,TIPULIDAE,,,PILARIA
PISCICOLIDAE,FALSE,4,4_middle,PR,CB,NA,FALSE,,,8,KY,Pa,PA,,KY,,,,,ANNELIDA,HIRUDINEA,,RHYNCHOBDELLIDA,PISCICOLIDAE,,,
PISIDIIDAE,FALSE,4,4_middle,CF,BU,NA,FALSE,,,7.3,L*,Fi,FI,,EPA,,,,,MOLLUSCA,BIVALVIA,,VENEROIDA,PISIDIIDAE,,,
PISIDIUM,FALSE,4,4_middle,CF,BU,uni,FALSE,,,,,,,,,,,,,MOLLUSCA,BIVALVIA,,VENEROIDA,PISIDIIDAE,,,PISIDIUM
PLANARIIDAE,FALSE,4,4_middle,CG,SP,NA,FALSE,,,7.5,L,Ga,GA,,EPA,,,,,PLATYHELMINTHES,TURBELLARIA,,TRICLADIDA,PLANARIIDAE,,,
PLANORBELLA,FALSE,4,4_worse,SC,CB,NA,FALSE,SG,snag,6.8,KY,Sc,SC,,EPA,,,,,MOLLUSCA,GASTROPODA,,BASOMMATOPHORA,PLANORBIDAE,,,PLANORBELLA
PLANORBIDAE,FALSE,4,4_middle,SC,CB,multi,FALSE,,,7,KY,Sc,SC,,EPA,,,,,MOLLUSCA,GASTROPODA,,BASOMMATOPHORA,PLANORBIDAE,,,
PLANORBULA,FALSE,,,SC,,,FALSE,,,6.8,KY,Sc,SC,,EPA,,,,,MOLLUSCA,GASTROPODA,,BASOMMATOPHORA,PLANORBIDAE,,,PLANORBULA
PLATAMBUS,FALSE,4,4_middle,PR,SW,uni,TRUE,,,,,,,,,,,,,ARTHROPODA,INSECTA,,COLEOPTERA,DYTISCIDAE,,,PLATAMBUS
PLATHEMIS,FALSE,4,4_middle,PR,SP,NA,FALSE,NF,pool,10,L,Pr,PR,,MC,Sp,SP,,,ARTHROPODA,INSECTA,,ODONATA,LIBELLULIDAE,,,PLATHEMIS
PLATHEMIS LYDIA,FALSE,4,4_middle,PR,SP,,FALSE,,,,,,,,,,,,,ARTHROPODA,INSECTA,,ODONATA,LIBELLULIDAE,,,PLATHEMIS
PLATYCENTROPUS,FALSE,,,SH,CB,,FALSE,,,4,H,Sh,SH,,MC,Cl,CL,,,ARTHROPODA,INSECTA,,TRICHOPTERA,LIMNEPHILIDAE,,,PLATYCENTROPUS
PLATYSMITTIA,FALSE,,,,,,FALSE,,,,,,,,,,,,,ARTHROPODA,INSECTA,,DIPTERA,CHIRONOMIDAE,ORTHOCLADIINAE,,PLATYSMITTIA
PLATYVELIA,FALSE,4,4_middle,,,NA,-1,,,,,,,,,,,,,ARTHROPODA,INSECTA,,HEMIPTERA,VELIIDAE,,,PLATYVELIA
PLAUDITUS,FALSE,4,4_middle,CG,SW,NA,FALSE,,,6,B,Ga,GA,,MC,"Sw,Cg",SW,CG,,ARTHROPODA,INSECTA,,EPHEMEROPTERA,BAETIDAE,,,PLAUDITUS
PLECOPTERA,FALSE,,,PR,CN,,FALSE,,,,,,,,,,,,,ARTHROPODA,INSECTA,,PLECOPTERA,,,,
PLEUROCERA,FALSE,4,4_better,SC,CB,,FALSE,,,6,B,Sc,SC,,KY,,,,,MOLLUSCA,GASTROPODA,,NEOTAENIOGLOSSA,PLEUROCERIDAE,,,PLEUROCERA
PLEUROCERIDAE,FALSE,3,,SC,CB,multi,FALSE,,,,,,,,,,,,,MOLLUSCA,GASTROPODA,,NEOTAENIOGLOSSA,PLEUROCERIDAE,,,
POLYCENTROPODIDAE,FALSE,4,4_middle,CF,CN,uni,FALSE,,,6,H,"Fi,Pr",FI,PR,MC,Cg,CG,,,ARTHROPODA,INSECTA,,TRICHOPTERA,POLYCENTROPODIDAE,,,
POLYCENTROPUS,FALSE,3,,PR,CN,uni,FALSE,,,3.5,L,"Pr,Fi",PR,FI,MC,Cg,CG,,,ARTHROPODA,INSECTA,,TRICHOPTERA,POLYCENTROPODIDAE,,,POLYCENTROPUS
POLYPEDILUM,FALSE,4,4_middle,"SH,CG","CB,CN",multi,FALSE,,,7.4,L*,"Sh,Ga",SH,GA,MC,"Cl,Cg",CL,CG,,ARTHROPODA,INSECTA,,DIPTERA,CHIRONOMIDAE,CHIRONOMINAE,CHIRONOMINI,POLYPEDILUM
POLYPEDILUM AVICEPS,FALSE,3,,"SH,CG","CB,CN",multi,FALSE,,,3.7,L,"Sh,Ga",SH,GA,MC**,"Cl,Cg",CL,CG,,ARTHROPODA,INSECTA,,DIPTERA,CHIRONOMIDAE,CHIRONOMINAE,CHIRONOMINI,POLYPEDILUM
POLYPEDILUM BECKAE,FALSE,,,"SH,CG","CB,CN",,,,,,,,,,,,,,,ARTHROPODA,INSECTA,,DIPTERA,CHIRONOMIDAE,CHIRONOMINAE,CHIRONOMINI,POLYPEDILUM
POLYPEDILUM CONVICTUM GROUP,FALSE,,,"SH,CG","CB,CN",multi,FALSE,,,,,,,,,,,,,ARTHROPODA,INSECTA,,DIPTERA,CHIRONOMIDAE,CHIRONOMINAE,CHIRONOMINI,POLYPEDILUM
POLYPEDILUM FALLAX GROUP,FALSE,4,4_middle,"SH,CG","CB,CN",multi,FALSE,,,,L,"Sh,Ga",SH,GA,MC**,"Cl,Cg",CL,CG,,ARTHROPODA,INSECTA,,DIPTERA,CHIRONOMIDAE,CHIRONOMINAE,CHIRONOMINI,POLYPEDILUM
POLYPEDILUM FLAVUM,FALSE,4,4_middle,"SH,CG","CB,CN",multi,FALSE,,,5.3,L,"Sh,Ga",SH,GA,MC**,"Cl,Cg",CL,CG,,ARTHROPODA,INSECTA,,DIPTERA,CHIRONOMIDAE,CHIRONOMINAE,CHIRONOMINI,POLYPEDILUM
POLYPEDILUM HALTERALE GROUP,FALSE,4,4_middle,"SH,CG","CB,CN",multi,FALSE,,,,L,"Sh,Ga",SH,GA,MC**,"Cl,Cg",CL,CG,,ARTHROPODA,INSECTA,,DIPTERA,CHIRONOMIDAE,CHIRONOMINAE,CHIRONOMINI,POLYPEDILUM
POLYPEDILUM ILLINOENSE GROUP,FALSE,4,4_worse,"SH,CG","CB,CN",multi,FALSE,,,,L,"Sh,Ga",SH,GA,MC**,"Cl,Cg",CL,CG,,ARTHROPODA,INSECTA,,DIPTERA,CHIRONOMIDAE,CHIRONOMINAE,CHIRONOMINI,POLYPEDILUM
POLYPEDILUM LAETUM,FALSE,,,,,,FALSE,,,,,,,,,,,,,ARTHROPODA,INSECTA,,DIPTERA,CHIRONOMIDAE,,CHIRONOMINI,POLYPEDILUM
POLYPEDILUM ONTARIO,FALSE,,,,,,FALSE,,,,,,,,,,,,,ARTHROPODA,INSECTA,,DIPTERA,CHIRONOMIDAE,,CHIRONOMINI,POLYPEDILUM
POLYPEDILUM SCALAENUM GROUP,FALSE,4,4_middle,"SH,CG","CB,CN",multi,FALSE,,,,L,"Sh,Ga",SH,GA,MC**,"Cl,Cg",CL,CG,,ARTHROPODA,INSECTA,,DIPTERA,CHIRONOMIDAE,CHIRONOMINAE,CHIRONOMINI,POLYPEDILUM
POLYPEDILUM TRIGONUM,FALSE,,,,,,FALSE,,,,,,,,,,,,,ARTHROPODA,INSECTA,,DIPTERA,CHIRONOMIDAE,,CHIRONOMINI,POLYPEDILUM
POLYPEDILUM TRITUM,FALSE,4,4_middle,"SH,CG","CB,CN",multi,FALSE,,,6.8,KY,"Sh,Ga",SH,GA,MC**,"Cl,Cg",CL,CG,,ARTHROPODA,INSECTA,,DIPTERA,CHIRONOMIDAE,CHIRONOMINAE,CHIRONOMINI,POLYPEDILUM
POMATIOPSIS LAPIDARIA,FALSE,,,SC,CB,,FALSE,,,,,,,,,,,,,MOLLUSCA,GASTROPODA,,LITTORINIDA,POMATIOPSIDAE,,,POMATIOPSIS
POTAMANTHIDAE,FALSE,4,4_worse,CF,BU,NA,FALSE,,,,,,,,,,,,,ARTHROPODA,INSECTA,,EPHEMEROPTERA,POTAMANTHIDAE,,,
POTAMOTHRIX,FALSE,,,,,,FALSE,,,,,,,,,,,,,ANNELIDA,CLITELLATA,OLIGOCHAETA,TUBIFICIDA,NAIDIDAE,,,POTAMOTHRIX
POTAMOTHRIX BAVARICUS,FALSE,,,,,,FALSE,,,,,,,,,,,,,ANNELIDA,OLIGOCHAETA,,TUBIFICIDA,NAIDIDAE,,,POTAMOTHHRIX
POTAMYIA FLAVA,FALSE,4,4_worse,CF,CN,multi,FALSE,,,5,H,Fi,FI,,MC,Cg,CG,,,ARTHROPODA,INSECTA,,TRICHOPTERA,HYDROPSYCHIDAE,,,POTAMYIA
POTTHASTIA,FALSE,,,"CG,SC",SP,,FALSE,,,,,,,,,,,,,ARTHROPODA,INSECTA,,DIPTERA,CHIRONOMIDAE,DIAMESINAE,,POTTHASTIA
PRIONOCERA,FALSE,,,,,,FALSE,,,,,,,,,,,,,ARTHROPODA,INSECTA,,DIPTERA,TIPULIDAE,,,PRIONOCERA
PROCAMBARUS,FALSE,,,CG,SP,,FALSE,,,,,,,,,,,,,ARTHROPODA,MALACOSTRACA,,DECAPODA,CAMBARIDAE,,,PROCAMBARUS
PROCAMBARUS ACUTUS,FALSE,4,4_middle,CG,SP,NA,FALSE,,,,,,,,,,,,,ARTHROPODA,MALACOSTRACA,EUMALACOSTRACA,DECAPODA,CAMBARIDAE,,,PROCAMBARUS
PROCAMBARUS GRACILIS,FALSE,,,CG,SP,,FALSE,,,,,,,,,,,,,ARTHROPODA,MALACOSTRACA,,DECAPODA,CAMBARIDAE,,,PROCAMBARUS
PROCLADIUS,FALSE,4,4_middle,PR,SP,multi,FALSE,,,9.3,L,"Pr,Ga",PR,GA,MC,Sp,SP,,,ARTHROPODA,INSECTA,,DIPTERA,CHIRONOMIDAE,TANYPODINAE,PROCLADIINI,PROCLADIUS
PROCLOEON,FALSE,4,4_middle,CG,SW,multi,FALSE,,,6.3,L,"Ga,Sc",GA,SC,MC,"Sw,Cg",SW,CG,,ARTHROPODA,INSECTA,,EPHEMEROPTERA,BAETIDAE,,,PROCLOEON
PROGOMPHUS,FALSE,4,4_better,PR,BU,uni,FALSE,,,,,,,,,,,,,ARTHROPODA,INSECTA,,ODONATA,GOMPHIDAE,,,PROGOMPHUS
PROGOMPHUS OBSCURUS,FALSE,4,4_middle,PR,BU,uni,FALSE,NF,pool,8.7,L,Pr,PR,,MC**,Bu,BU,,,ARTHROPODA,INSECTA,,ODONATA,GOMPHIDAE,,,PROGOMPHUS
PROSIMULIUM,FALSE,3,,CF,CN,uni,FALSE,CS,coarse,2.6,L,"Fi,Sc",FI,SC,MC,Cg,CG,,,ARTHROPODA,INSECTA,,DIPTERA,SIMULIIDAE,,,PROSIMULIUM
PROSTOIA,FALSE,,,SH,,,FALSE,,,,,,,,,,,,,ARTHROPODA,INSECTA,,PLECOPTERA,NEMOURIDAE,,,PROSTOIA
PROTOPLASA FITCHII,FALSE,,,,,,FALSE,,,,,,,,,,,,,ARTHROPODA,INSECTA,,DIPTERA,TANYDERIDAE,,,PROTOPLASA
PROTOPTILA,FALSE,,,"SC,PR",CN,uni,FALSE,,,,,,,,,,,,,ARTHROPODA,INSECTA,,TRICHOPTERA,GLOSSOSOMATIDAE,,,PROTOPTILA
PSECTROCLADIUS,FALSE,4,4_middle,CG,SP,multi,FALSE,,,3.8,L,"Ga,Sh",GA,SH,MC,"Sp,Bu",SP,BU,,ARTHROPODA,INSECTA,,DIPTERA,CHIRONOMIDAE,ORTHOCLADIINAE,,PSECTROCLADIUS
PSECTROTANYPUS,FALSE,4,4_middle,PR,SP,NA,FALSE,,,10,L,Pr,PR,,MC,Sp,SP,,,ARTHROPODA,INSECTA,,DIPTERA,CHIRONOMIDAE,TANYPODINAE,MACROPELOPIINI,PSECTROTANYPUS
PSEPHENUS HERRICKI,FALSE,4,4_better,SC,CN,semi,FALSE,CS,coarse,2.5,L,Sc,SC,,MC**,Cg,CG,,,ARTHROPODA,INSECTA,,COLEOPTERA,PSEPHENIDAE,,,PSEPHENUS
PSEUDOCENTROPTILOIDES,FALSE,,,CG,"SW,CN",,FALSE,,,5,KY,Ga,GA,,MC,"Sw,Cg",SW,CG,,ARTHROPODA,INSECTA,,EPHEMEROPTERA,BAETIDAE,,,PSEUDOCENTROPTILOIDES
PSEUDOCHIRONOMUS,FALSE,4,4_middle,CG,BU,multi,FALSE,,,4.2,L,Ga,GA,,MC,Bu,BU,,,ARTHROPODA,INSECTA,,DIPTERA,CHIRONOMIDAE,CHIRONOMINAE,PSEUDOCHIRONOMINI,PSEUDOCHIRONOMUS
PSEUDOCLOEON,FALSE,4,4_worse,CG,"SW,CN",multi,FALSE,,,4,KY,"Ga,Sc",GA,SC,MC,"Sw,Cg",SW,CG,,ARTHROPODA,INSECTA,,EPHEMEROPTERA,BAETIDAE,,,PSEUDOCLOEON
PSEUDODIAMESA,FALSE,,,,,,FALSE,,,,,,,,,,,,,ARTHROPODA,INSECTA,,DIPTERA,CHIRONOMIDAE,DIAMESINAE,DIAMESINI,PSEUDODIAMESA
PSEUDOLIMNOPHILA,FALSE,3,,PR,BU,uni,FALSE,,,7.3,L,Pr,PR,,EPA,Bu,BU,,,ARTHROPODA,INSECTA,,DIPTERA,TIPULIDAE,,,PSEUDOLIMNOPHILA
PSEUDORTHOCLADIUS,FALSE,,,CG,SP,,FALSE,,,0,L,Ga,GA,,MC,Sp,SP,,,ARTHROPODA,INSECTA,,DIPTERA,CHIRONOMIDAE,ORTHOCLADIINAE,,PSEUDORTHOCLADIUS
PSEUDOSMITTIA,FALSE,4,4_middle,CG,SP,"multi,uni",FALSE,SG,snag,4,KS,Ga,GA,,EPA,,,,,ARTHROPODA,INSECTA,,DIPTERA,CHIRONOMIDAE,ORTHOCLADIINAE,,PSEUDOSMITTIA
PSEUDOSUCCINEA,FALSE,4,4_worse,SC,CB,NA,FALSE,,,7.2,L,Sc,SC,,KY,,,,,MOLLUSCA,GASTROPODA,,BASOMMATOPHORA,LYMNAEIDAE,,,PSEUDOSUCCINEA
PSILOMETRIOCNEMUS,FALSE,,,,,,FALSE,,,,,,,,,,,,,ARTHROPODA,INSECTA,,DIPTERA,CHIRONOMIDAE,ORTHOCLADIINAE,,PSILOMETICNEMUS
PSYCHODA,FALSE,4,4_worse,CG,BU,multi,FALSE,,,9.9,L,Ga,GA,,MC,Bu,BU,,,ARTHROPODA,INSECTA,,DIPTERA,PSYCHODIDAE,,,PSYCHODA
PSYCHODIDAE,FALSE,4,4_worse,CG,BU,multi,FALSE,,,10,H,Ga,GA,,MC,Bu,BU,,,ARTHROPODA,INSECTA,,DIPTERA,PSYCHODIDAE,,,
PSYCHOMYIA,FALSE,4,4_middle,"CG,SC",CN,uni,FALSE,,,,,,,,,,,,,ARTHROPODA,INSECTA,,TRICHOPTERA,PSYCHOMYIIDAE,,,PSYCHOMYIA
PSYCHOMYIIDAE,FALSE,4,4_middle,CG,CN,uni,FALSE,,,,,,,,,,,,,ARTHROPODA,INSECTA,,TRICHOPTERA,PSYCHOMYIIDAE,,,
PTERONARCYIDAE,FALSE,4,4_better,SH,CN,semi,FALSE,,,,,,,,,,,,,ARTHROPODA,INSECTA,,PLECOPTERA,PTERONARCYIDAE,,,
PTERONARCYS PICTETII,FALSE,4,4_better,SH,CN,semi,FALSE,,,,,,,,,,,,,ARTHROPODA,INSECTA,,PLECOPTERA,PTERONARCYIDAE,,,PTERONARCYS
PTILOSTOMIS,FALSE,4,4_middle,SH,CN,uni,FALSE,RM,root_mat,6.7,L,"Sh,Pr",SH,PR,MC,Cl,CL,,,ARTHROPODA,INSECTA,,TRICHOPTERA,PHRYGANEIDAE,,,PTILOSTOMIS
PTYCHOPTERA,FALSE,,,CG,BU,"multi,uni",TRUE,,,,,,,,,,,,,ARTHROPODA,INSECTA,,DIPTERA,PTYCHOPTERIDAE,,,PTYCHOPTERA
PYCNOPSYCHE,FALSE,4,4_middle,SH,SP,uni,FALSE,,,2.3,L,"Sh,Sc",SH,SC,MC,"Sp,Cl",SP,CL,,ARTHROPODA,INSECTA,,TRICHOPTERA,LIMNEPHILIDAE,,,PYCNOPSYCHE
PYRALIDAE,FALSE,3,,SH,SP,multi,FALSE,NF,pool,3,KY,,,,,,,,,ARTHROPODA,INSECTA,,LEPIDOPTERA,PYRALIDAE,,,
QUISTRADRILUS MULTISETOSUS,FALSE,4,4_middle,CG,BU,NA,FALSE,,,,B,Ga,GA,,EPA,,,,,ANNELIDA,CLITELLATA,OLIGOCHAETA,TUBIFICIDA,TUBIFICIDAE,,,QUISTRADRILUS
RANATRA,FALSE,4,4_worse,PR,CN,"multi,uni",TRUE,,,7.5,L,"Pr,Pi",PR,PI,MC,Cl,CL,,,ARTHROPODA,INSECTA,,HEMIPTERA,NEPIDAE,,,RANATRA
RANATRA BUENOI,FALSE,4,4_worse,PR,CN,,TRUE,,,7.8,KY,"Pr,Pi",PR,PI,MC**,Cl,CL,,,ARTHROPODA,INSECTA,,HEMIPTERA,NEPIDAE,,,RANATRA
RANATRA FUSCA,FALSE,4,4_worse,PR,CN,"multi,uni",TRUE,RM,root_mat,7.3,KS,"Pr,Pi",PR,PI,MC**,Cl,CL,,,ARTHROPODA,INSECTA,,HEMIPTERA,NEPIDAE,,,RANATRA
RANATRA KIRKALDYI,FALSE,4,4_worse,PR,CN,"multi,uni",TRUE,,,5.5,KS,"Pr,Pi",PR,PI,MC**,Cl,CL,,,ARTHROPODA,INSECTA,,HEMIPTERA,NEPIDAE,,,RANATRA
RANATRA NIGRA,FALSE,4,4_worse,PR,CN,"multi,uni",TRUE,RM,root_mat,6.4,KS,"Pr,Pi",PR,PI,MC**,Cl,CL,,,ARTHROPODA,INSECTA,,HEMIPTERA,NEPIDAE,,,RANATRA
RHABDOMASTIX,FALSE,,,,,,FALSE,,,,,,,,,,,,,ARTHROPODA,INSECTA,,DIPTERA,TIPULIDAE,,,RHABDOMASTIX
RHAGOVELIA,FALSE,4,4_middle,PR,SK,uni,TRUE,CS,coarse,7.3,KS,"Pr,Pi",PR,PI,MC,Sk,SK,,,ARTHROPODA,INSECTA,,HEMIPTERA,VELIIDAE,,,RHAGOVELIA
RHAMPHOMYIA,FALSE,,,PR,,,FALSE,,,,,,,,,,,,,ARTHROPODA,INSECTA,,DIPTERA,EMPIDIDAE,,,RHAMPHOMYIA
RHANTUS,FALSE,,,PR,SW,"multi,uni",TRUE,,,,,,,,,,,,,ARTHROPODA,INSECTA,,COLEOPTERA,DYTISCIDAE,,,RHANTUS
RHEOCRICOTOPUS,FALSE,4,4_middle,CG,SP,multi,FALSE,,,7.3,L*,"Ga,Sh",GA,SH,MC,Sp,SP,,,ARTHROPODA,INSECTA,,DIPTERA,CHIRONOMIDAE,ORTHOCLADIINAE,,RHEOCRICOTOPUS
RHEOSMITTIA,FALSE,4,4_middle,CG,BU,multi,FALSE,,,7.1,L*,Ga,GA,,EPA,,,,,ARTHROPODA,INSECTA,,DIPTERA,CHIRONOMIDAE,ORTHOCLADIINAE,,RHEOSMITTIA
RHEOTANYTARSUS,FALSE,4,4_middle,CF,CN,multi,FALSE,,,6.4,L,Fi,FI,,MC,Cg,CG,,,ARTHROPODA,INSECTA,,DIPTERA,CHIRONOMIDAE,CHIRONOMINAE,TANYTARSINI,RHEOTANYTARSUS
RHEUMATOBATES,FALSE,4,4_middle,PR,SK,uni,TRUE,,,6.4,KS,"Pr,Pi",PR,PI,MC,Sk,SK,,,ARTHROPODA,INSECTA,,HEMIPTERA,GERRIDAE,,,RHEUMATOBATES
RHITHROGENA,FALSE,,,CG,CN,uni,FALSE,,,,,,,,,,,,,ARTHROPODA,INSECTA,,EPHEMEROPTERA,HEPTAGENIIDAE,,,RHITHROGENA
RHYACOPHILA,FALSE,3,,PR,CN,uni,FALSE,CS,coarse,0.8,L*,"Pr,Sc",PR,SC,MC,Cg,CG,,,ARTHROPODA,INSECTA,,TRICHOPTERA,RHYACOPHILIDAE,,,RHYACOPHILA
RHYACOPHILIDAE,FALSE,,,,,,,,,,,,,,,,,,,,,,TRICHOPTERA,RHYACOPHILIDAE,,,
ROBACKIA,FALSE,4,4_middle,CG,BU,uni,FALSE,,,3.4,L*,Ga,GA,,MC,Bu,BU,,,ARTHROPODA,INSECTA,,DIPTERA,CHIRONOMIDAE,CHIRONOMINAE,CHIRONOMINI,ROBACKIA
SAETHERIA,FALSE,4,4_middle,CG,BU,"multi,uni",FALSE,,,8.1,L,Ga,GA,,MC,Bu,BU,,,ARTHROPODA,INSECTA,,DIPTERA,CHIRONOMIDAE,CHIRONOMINAE,CHIRONOMINI,SAETHERIA
SALDIDAE,FALSE,4,4_middle,PR,CB,multi,TRUE,,,,,,,,,,,,,ARTHROPODA,INSECTA,,HEMIPTERA,SALDIDAE,,,
SALPINGIDAE,FALSE,,,,,,FALSE,,,,,,,,,,,,,ARTHROPODA,INSECTA,,COLEOPTERA,SALPINGIDAE,,,
SCATHOPHAGIDAE,FALSE,,,,,,FALSE,,,,,"Sh,Pa",SH,PR,MC,"Bu,Sp",BU,SP,,ARTHROPODA,INSECTA,,DIPTERA,SCATOPHAGIDAE,,,
SCELIONIDAE,TRUE,,,,,,FALSE,,,,,,,,,,,,,ARTHROPODA,INSECTA,,HYMENOPTERA,SCELIONIDAE,,,
SCIARIDAE,FALSE,,,,,,FALSE,,,,,,,,,,,,,ARTHROPODA,INSECTA,,DIPTERA,SCIARIDAE,,,
SCIOMYZIDAE,FALSE,5,,PR,BU,multi,FALSE,,,6,KY,Pr,PR,PA,MC,Bu,BU,,,ARTHROPODA,INSECTA,,DIPTERA,SCIOMYZIDAE,,,
SCIRTES,FALSE,4,4_middle,SC,CB,,TRUE,,,,,,,,,,,,,ARTHROPODA,INSECTA,,COLEOPTERA,SCIRTIDAE,,,SCIRTES
SCIRTIDAE,FALSE,4,4_middle,SC,CB,NA,TRUE,,,5,B,"Sc,Ga",SC,GA,MC,"Cl,Sp",CL,SP,,ARTHROPODA,INSECTA,,COLEOPTERA,SCIRTIDAE,,,
SERRATELLA,FALSE,2,,CG,CN,uni,FALSE,,,,,,,,,,,,,ARTHROPODA,INSECTA,,EPHEMEROPTERA,EPHEMERELLIDAE,,,SERRATELLA
SERRATELLA FRISONI,FALSE,2,,CG,CN,,,,,,,,,,,,,,,,,,EPHEMEROPTERA,EPHEMERELLIDAE,,,SERRATELLA
SERRATELLA SERRATOIDES,FALSE,2,,CG,CN,,,,,,,,,,,,,,,,,,EPHEMEROPTERA,EPHEMERELLIDAE,,,SERRATELLA
SETODES,FALSE,,,,,,FALSE,,,,,,,,,,,,,ARTHROPODA,INSECTA,,TRICHOPTERA,LEPTOCERIDAE,,,SETODES
SHIPSA ROTUNDA,FALSE,,,SH,,,FALSE,,,,,,,,,,,,,ARTHROPODA,INSECTA,,PLECOPTERA,NEMOURIDAE,,,SHIPSA
SIALIDAE,FALSE,,,,,,FALSE,,,,,,,,,,,,,ARTHROPODA,INSECTA,,MEGALOPTERA,SIALIDAE,,,SIALIDAE
SIALIS,FALSE,4,4_middle,PR,BU,uni,FALSE,,,7.5,L,"Pr,Ga",PR,GA,MC,"Bu,Cl",BU,CL,,ARTHROPODA,INSECTA,,MEGALOPTERA,SIALIDAE,,,SIALIS
SIGARA,FALSE,4,4_middle,PH,SW,multi,TRUE,NF,pool,4.6,KS,"Pi,Ga",PI,GA,MC,"Sw,Cl",SW,CL,,ARTHROPODA,INSECTA,,HEMIPTERA,CORIXIDAE,,,SIGARA
SILVIUS,FALSE,4,4_middle,PR,SP,uni,FALSE,,,,,Pr,PR,,EPA,Bu,BU,,,ARTHROPODA,INSECTA,,DIPTERA,TABANIDAE,,,SILVIUS
SIMULIIDAE,FALSE,4,4_middle,CF,CN,uni,FALSE,,,6,H,"Fi,Sc",FI,SC,MC,Cg,CG,,,ARTHROPODA,INSECTA,,DIPTERA,SIMULIIDAE,,,
SIMULIUM,FALSE,4,4_middle,CF,CN,multi,FALSE,,,4.4,L,Fi,FI,,MC,Cg,CG,,,ARTHROPODA,INSECTA,,DIPTERA,SIMULIIDAE,,,SIMULIUM
SIPHLONURIDAE,FALSE,,,,,,FALSE,,,,,,,,,,,,,ARTHROPODA,INSECTA,,EPHEMEROPTERA,SIPHLONURIDAE,,,
SIPHLONURUS,FALSE,3,,CG,"SW,CB",uni,FALSE,,,2.6,L,"Ga,Sc",GA,SC,MC,"Sw,Cl",SW,CL,,ARTHROPODA,INSECTA,,EPHEMEROPTERA,SIPHLONURIDAE,,,SIPHLONURUS
SISYRA,FALSE,3,,PR,CB,uni,FALSE,,,,,,,,,,,,,ARTHROPODA,INSECTA,,NEUROPTERA,SISYRIDAE,,,SISYRA
SISYRIDAE,FALSE,3,,PR,CB,multi,FALSE,,,,,,,,,,,,,ARTHROPODA,INSECTA,,NEUROPTERA,SISYRIDAE,,,
SMITTIA,FALSE,4,4_middle,CG,BU,"multi,uni",FALSE,,,4,KS,Ga,GA,,MC,Bu,BU,,,ARTHROPODA,INSECTA,,DIPTERA,CHIRONOMIDAE,ORTHOCLADIINAE,,SMITTIA
SOMATOCHLORA,FALSE,4,4_middle,PR,"SP,CB","semi,uni",FALSE,,,8.9,L,Pr,PR,,MC,Sp,SP,,,ARTHROPODA,INSECTA,,ODONATA,CORDULIIDAE,CORDULIINAE,,SOMATOCHLORA
SPARBARUS,FALSE,4,4_middle,CG,SP,,FALSE,,,,,,,,,,,,,ARTHROPODA,INSECTA,,EPHEMEROPTERA,CAENIDAE,,,SPARBARUS
SPERCHOPSIS,FALSE,4,4_middle,"PR,CG",CN,uni,TRUE,,,,,,,,,,,,,ARTHROPODA,INSECTA,,COLEOPTERA,HYDROPHILIDAE,,,SPERCHOPSIS
SPHAERIUM (PISIDIIDAE),FALSE,,,,,,FALSE,,,,,,,,,,,,,MOLLUSCA,BIVALVIA,,VENEROIDA,PISIDIIDAE,,,SPHAERIUM
SPIROSPERMA,FALSE,4,4_middle,CG,BU,,FALSE,,,,,,,,,,,,,ANNELIDA,OLIGOCHAETA,,TUBIFICIDA,NAIDIDAE,,,SPIROSPERMA
STAGNICOLA,FALSE,5,,SC,CB,multi,FALSE,,,,,,,,,,,,,MOLLUSCA,GASTROPODA,,BASOMMATOPHORA,LYMNAEIDAE,,,STAGNICOLA
STEGOPTERNA,FALSE,4,4_middle,CF,CN,uni,FALSE,,,5,H*,"Fi,Sc",FI,SC,MC,Cg,CG,,,ARTHROPODA,INSECTA,,DIPTERA,SIMULIIDAE,,,STEGOPTERNA
STEINOVELIA,FALSE,,,,,multi,-1,,,,,,,,,,,,,ARTHROPODA,INSECTA,,HEMIPTERA,VELIIDAE,,,STEINOVELIA
STEMPELLINA,FALSE,3,,CG,CB,NA,FALSE,NF,pool,2,L,Ga,GA,FI,MC,"Cl,Sp",CL,SP,,ARTHROPODA,INSECTA,,DIPTERA,CHIRONOMIDAE,CHIRONOMINAE,TANYTARSINI,STEMPELLINA
STEMPELLINELLA,FALSE,3,,CG,CB,multi,FALSE,,,5.3,L,Ga,GA,FI,MC***,Sp,SP,,,ARTHROPODA,INSECTA,,DIPTERA,CHIRONOMIDAE,CHIRONOMINAE,TANYTARSINI,STEMPELLINELLA
STENACRON,FALSE,4,4_middle,CG,CN,multi,FALSE,,,7.1,L,"Sc,Ga",SC,GA,MC,Cg,CG,,,ARTHROPODA,INSECTA,,EPHEMEROPTERA,HEPTAGENIIDAE,,,STENACRON
STENELMIS,FALSE,4,4_middle,SC,CN,"semi,uni",FALSE,,,5.4,L,"Sc,Ga",SC,GA,MC,Cg,CG,,,ARTHROPODA,INSECTA,,COLEOPTERA,ELMIDAE,,,STENELMIS
STENELMIS SEXLINEATA,FALSE,4,4_middle,SC,CN,"semi,uni",FALSE,,,,,,,,,,,,,ARTHROPODA,INSECTA,,COLEOPTERA,ELMIDAE,,,STENELMIS
STENOCHIRONOMUS,FALSE,4,4_middle,"CG,SH",BU,multi,FALSE,SG,snag,6.4,L,"Ga,Sh",GA,SH,MC,Bu,BU,,,ARTHROPODA,INSECTA,,DIPTERA,CHIRONOMIDAE,CHIRONOMINAE,CHIRONOMINI,STENOCHIRONOMUS
STENONEMA FEMORATUM,FALSE,4,4_better,SC,CN,uni,FALSE,,,7.5,L,"Sc,Ga",SC,GA,MC,Cg,CG,,,ARTHROPODA,INSECTA,,EPHEMEROPTERA,HEPTAGENIIDAE,,,STENONEMA
STICTOCHIRONOMUS,FALSE,4,4_worse,CG,BU,NA,FALSE,NF,pool,6.7,L,"Ga,Sh",GA,SH,MC,Bu,BU,,,ARTHROPODA,INSECTA,,DIPTERA,CHIRONOMIDAE,CHIRONOMINAE,CHIRONOMINI,STICTOCHIRONOMUS
STILOCLADIUS,FALSE,,,,,,FALSE,,,,,,,,,,,,,ARTHROPODA,INSECTA,,DIPTERA,CHIRONOMIDAE,,CHIRONOMINI,STILOCLADIUS
STRATIOMYIDAE,FALSE,4,4_worse,CG,SP,NA,TRUE,,,10,KY,Ga,GA,,MC,"Sp,Sw",SP,SW,,ARTHROPODA,INSECTA,,DIPTERA,STRATIOMYIDAE,,,
STRATIOMYS,FALSE,4,4_worse,CG,SP,uni,TRUE,,,7.3,KS,"Ga,Fi",GA,FI,MC,"Sp,Bu",SP,BU,,ARTHROPODA,INSECTA,,DIPTERA,STRATIOMYIDAE,,,STRATIOMYS
STROPHOPTERYX,FALSE,,,,,,FALSE,,,,,,,,,,,,,ARTHROPODA,INSECTA,,PLECOPTERA,TAENIOPTERYGIDAE,,,STROPHOPTERYX
STROPHOPTERYX CUCULLATA,FALSE,,,,,,FALSE,,,,,,,,,,,,,ARTHROPODA,INSECTA,,PLECOPTERA,TAENIOPTERYGIDAE,,,STROPHOPTERYX
STROPHOPTERYX FASCIATA,FALSE,,,,,,FALSE,,,,,,,,,,,,,ARTHROPODA,INSECTA,,PLECOPTERA,TAENIOPTERYGIDAE,,,STROPHOPTERYX
STYGOBROMUS,FALSE,3,,CG,SP,uni,FALSE,,,8,KY,Ga,GA,,EPA****,,,,,ARTHROPODA,CRUSTACEA,,AMPHIPODA,CRANGONYCTIDAE,,,STYGOBROMUS
STYLOGOMPHUS ALBISTYLUS,FALSE,2,,PR,BU,semi,FALSE,,,4.8,L,Pr,PR,,MC**,Bu,BU,,,ARTHROPODA,INSECTA,,ODONATA,GOMPHIDAE,,,STYLOGOMPHUS
STYLURUS,FALSE,4,4_middle,"PR,CG","BU,SP",semi,FALSE,,,4,H,Pr,PR,,MC,Bu,BU,,,ARTHROPODA,INSECTA,,ODONATA,GOMPHIDAE,,,STYLURUS
SUBLETTEA,FALSE,,,,,,FALSE,,,,,,,,,,,,,ARTHROPODA,INSECTA,,DIPTERA,CHIRONOMIDAE,,TANYTARSINI,SUBLETTEA
SUPHISELLUS,FALSE,,,PR,CB,uni,FALSE,,,,,,,,,,,,,ARTHROPODA,INSECTA,,COLEOPTERA,NOTERIDAE,,,SUPHISELLUS
SYMPETRUM,FALSE,4,4_middle,PR,SP,uni,FALSE,,,,,,,,,,,,,ARTHROPODA,INSECTA,,ODONATA,LIBELLULIDAE,,,SYMPETRUM
SYMPOTTHASTIA,FALSE,,,"CG,SC",SP,,FALSE,CS,,,,,,,,,,,,ARTHROPODA,INSECTA,,DIPTERA,CHIRONOMIDAE,DIAMESINAE,,SYMPOTTHASTIA
SYNORTHOCLADIUS,FALSE,,,,,,FALSE,,,,,,,,,,,,,ARTHROPODA,INSECTA,,DIPTERA,CHIRONOMIDAE,ORTHOCLADIINAE,,SYNORTHOCLADIUS
SYRPHIDAE,FALSE,,,CG,BU,,TRUE,,,,,,,,,,,,,ARTHROPODA,INSECTA,,DIPTERA,SYRPHIDAE,,,
TABANIDAE,FALSE,4,4_middle,PR,SP,uni,FALSE,,,9,KY,Pr,PR,,MC,"Sp,Bu",SP,BU,,ARTHROPODA,INSECTA,,DIPTERA,TABANIDAE,,,
TABANUS,FALSE,4,4_middle,PR,SP,uni,FALSE,,,9.7,L,Pr,PR,,MC,"Sp,Bu",SP,BU,,ARTHROPODA,INSECTA,,DIPTERA,TABANIDAE,,,TABANUS
TABANUS/WHITNEOMYIA/ATYLOTUS,FALSE,4,4_middle,PR,SP,uni,FALSE,,,,,,,,,,,,,ARTHROPODA,INSECTA,,DIPTERA,TABANIDAE,,,
TAENIOPTERYGIDAE,FALSE,3,,SH,SP,uni,FALSE,,,,,,,,,,,,,ARTHROPODA,INSECTA,,PLECOPTERA,TAENIOPTERYGIDAE,,,
TAENIOPTERYX,FALSE,3,,SH,"SP,CN",uni,FALSE,,,6.3,L,"Sh,Ga",SH,GA,MC,"Sp,Cg",SP,CG,,ARTHROPODA,INSECTA,,PLECOPTERA,TAENIOPTERYGIDAE,,,TAENIOPTERYX
TAENIOPTERYX BURKSI,FALSE,3,,SH,"SP,CN",uni,FALSE,,,,,,,,,,,,,ARTHROPODA,INSECTA,,PLECOPTERA,TAENIOPTERYGIDAE,,,TAENIOPTERYX
TANYDERIDAE,FALSE,,,,,,FALSE,,,,,,,,,,,,,ARTHROPODA,INSECTA,,DIPTERA,TANYDERIDAE,,,
TANYPODINAE,FALSE,,,,,,FALSE,,,,,,,,,,,,,ARTHROPODA,INSECTA,,DIPTERA,CHIRONOMIDAE,TANYPODINAE,,
TANYPUS,FALSE,4,4_worse,PR,SP,NA,FALSE,NF,pool,9.6,L,Pr,PR,PI,MC,Sp,SP,,,ARTHROPODA,INSECTA,,DIPTERA,CHIRONOMIDAE,TANYPODINAE,TANYPODINI,TANYPUS
TANYTARSUS,FALSE,4,4_middle,"CF,CG",CN,uni,FALSE,,,6.7,L,"Fi,Ga",FI,GA,MC,"Cl,Cg",CL,CG,,ARTHROPODA,INSECTA,,DIPTERA,CHIRONOMIDAE,CHIRONOMINAE,TANYTARSINI,TANYTARSUS
TASSERKIDRILUS SUPERIORENSIS,FALSE,4,4_middle,CG,BU,multi,FALSE,,,8.8,L**,Ga,GA,,EPA,,,,,ANNELIDA,CLITELLATA,OLIGOCHAETA,TUBIFICIDA,TUBIFICIDAE,,,TASSERKIDRILUS
TELEBASIS,FALSE,,,,,,FALSE,,,,,,,,,,,,,ARTHROPODA,INSECTA,,ODONATA,COENAGRIONIDAE,,,TELEBASIS
TELMATOSCOPUS,FALSE,4,4_worse,CG,BU,multi,FALSE,,,,,Ga,GA,,MC,Bu,BU,,,ARTHROPODA,INSECTA,,DIPTERA,PSYCHODIDAE,,,TELMATOSCOPUS
TELOGANOPSIS DEFICIENS,FALSE,,,CG,CN,uni,FALSE,,,,,,,,,,,,,ARTHROPODA,INSECTA,,EPHEMEROPTERA,EPHEMERELLIDAE,,,TELOGANOPSIS
TELOPELOPIA,FALSE,4,4_middle,PR,"BU,SP",NA,FALSE,,,4,H,"Pr,Pi",PR,PI,MC,,,,,ARTHROPODA,INSECTA,,DIPTERA,CHIRONOMIDAE,TANYPODINAE,PENTANEURINI,TELOPELOPIA
TETRAGONEURIA,FALSE,4,4_middle,PR,,,FALSE,,,,,,,,,,,,,ARTHROPODA,INSECTA,,ODONATA,CORDULIIDAE,,,
THERMONECTUS,FALSE,4,4_middle,PR,SW,uni,TRUE,,,3.7,KS,"Pr,Pi",PR,PI,MC,"Sw,Dv",SW,DV,,ARTHROPODA,INSECTA,,COLEOPTERA,DYTISCIDAE,,,THERMONECTUS
THIENEMANNIELLA,FALSE,4,4_middle,CG,SP,multi,FALSE,,,6,L,Ga,GA,,MC***,Sp,SP,,,ARTHROPODA,INSECTA,,DIPTERA,CHIRONOMIDAE,ORTHOCLADIINAE,,THIENEMANNIELLA
THIENEMANNIMYIA GROUP,FALSE,4,4_middle,PR,SP,multi,FALSE,,,,B,"Pr,Pi",PR,PI,MC,Sp,SP,,,ARTHROPODA,INSECTA,,DIPTERA,CHIRONOMIDAE,TANYPODINAE,PENTANEURINI,THIENNEMANNIMYIA
TIPULA,FALSE,4,4_middle,SH,BU,uni,FALSE,,,7.7,L,"Sh,Ga",SH,GA,MC,Bu,BU,,,ARTHROPODA,INSECTA,,DIPTERA,TIPULIDAE,,,TIPULA
TIPULIDAE,FALSE,4,4_middle,SH,BU,uni,FALSE,,,3,H,"Sh,Ga",SH,GA,MC,"Bu,Sp",BU,SP,,ARTHROPODA,INSECTA,,DIPTERA,TIPULIDAE,,,
TOKUNAGAIA,FALSE,,,,,,FALSE,,,,,,,,,,,,,ARTHROPODA,INSECTA,,DIPTERA,CHIRONOMIDAE,ORTHOCLADIINAE,,TOKUNAGAIA
TRAMEA,FALSE,4,4_middle,PR,SP,uni,FALSE,,,9.8,KY,Pr,PR,,MC,Sp,SP,,,ARTHROPODA,INSECTA,,ODONATA,LIBELLULIDAE,,,TRAMEA
TREPOBATES,FALSE,4,4_middle,PR,SK,"multi,uni",TRUE,,,6.4,KS,"Pr,Pi",PR,PI,MC,Sk,SK,,,ARTHROPODA,INSECTA,,HEMIPTERA,GERRIDAE,,,TREPOBATES
TRIAENODES,FALSE,3,,SH,"SW,CN",uni,FALSE,RM,root_mat,3.7,L*,Sh,SH,,MC,"Cl,Sw",CL,SW,,ARTHROPODA,INSECTA,,TRICHOPTERA,LEPTOCERIDAE,,,TRIAENODES
TRIBELOS,FALSE,4,4_middle,CG,BU,NA,FALSE,SG,snag,6.6,L,Ga,GA,,MC,Bu,BU,,,ARTHROPODA,INSECTA,,DIPTERA,CHIRONOMIDAE,CHIRONOMINAE,CHIRONOMINI,TRIBELOS
TRICHOCLINOCERA,FALSE,,,PR,,,FALSE,,,,,,,,,,,,,ARTHROPODA,INSECTA,,DIPTERA,EMPIDIDAE,,,TRICHOCLINOCERA
TRICHOCORIXA,FALSE,5,,PR,SW,multi,TRUE,,,5.5,KS,"Pr,Ga",PR,GA,MC,"Sw,Cl",SW,CL,,ARTHROPODA,INSECTA,,HEMIPTERA,CORIXIDAE,,,TRICHOCORIXA
TRICHOPTERA,FALSE,,,,SP,,FALSE,,,,,,,,,,,,,ARTHROPODA,INSECTA,,TRICHOPTERA,,,,
TRICORYTHODES,FALSE,4,4_worse,CG,SP,uni,FALSE,,,5.4,L,"Ga,Fi",GA,FI,MC,"Cg,Sp",CG,SP,,ARTHROPODA,INSECTA,,EPHEMEROPTERA,LEPTOHYPHIDAE,,,TRICORYTHODES
TRISSOPELOPIA,FALSE,,,,,,FALSE,,,,,,,,,,,,,ARTHROPODA,INSECTA,,DIPTERA,CHIRONOMIDAE,TANYPODINAE,PENTANEURINI,TRISSOPELOPIA
TROPISTERNUS,FALSE,4,4_middle,PR,CB,multi,TRUE,RM,root_mat,9.8,L,Pr,PR,,EPA,,,,,ARTHROPODA,INSECTA,,COLEOPTERA,HYDROPHILIDAE,,,TROPISTERNUS
TUBIFEX TUBIFEX,FALSE,,,,,,FALSE,,,,,,,,,,,,,ANNELIDA,CLITELLATA,OLIGOCHAETA,TUBIFICIDA,NAIDIDAE,,,TUBIFEX
TUBIFICIDAE,FALSE,4,4_middle,CG,"BU,CN",NA,FALSE,,,9.2,"L,B*",Ga,GA,,EPA,,,,,ANNELIDA,CLITELLATA,OLIGOCHAETA,TUBIFICIDA,TUBIFICIDAE,,,
TUBIFICINAE,FALSE,4,4_middle,CG,"BU,CN",NA,FALSE,,,9.2,"L,B*",Ga,GA,,EPA,,,,,ANNELIDA,CLITELLATA,OLIGOCHAETA,TUBIFICIDA,TUBIFICIDAE,TUBIFICINAE,,
TVETENIA,FALSE,4,4_middle,CG,SP,multi,FALSE,,,4,L,Ga,GA,,MC,Sp,SP,,,ARTHROPODA,INSECTA,,DIPTERA,CHIRONOMIDAE,ORTHOCLADIINAE,,TVETENIA
TVETENIA BAVARICA GROUP,FALSE,4,4_middle,CG,SP,multi,FALSE,,,,L,Ga,GA,,MC**,Sp,SP,,,ARTHROPODA,INSECTA,,DIPTERA,CHIRONOMIDAE,ORTHOCLADIINAE,,TVETENIA
TVETENIA VITRACIES,FALSE,4,4_middle,CG,SP,multi,FALSE,,,,,,,,,,,,,ARTHROPODA,INSECTA,,DIPTERA,CHIRONOMIDAE,ORTHOCLADIINAE,,TVETENIA
UENOIDAE,FALSE,,,,,,FALSE,,,,,,,,,,,,,ARTHROPODA,INSECTA,,TRICHOPTERA,UENOIDAE,,,
UNIONIDAE,FALSE,4,4_middle,CF,BU,NA,FALSE,NF,pool,4,KY,Fi,FI,,EPA,,,,,MOLLUSCA,BIVALVIA,,UNIONIDA,UNIONIDAE,,,
URANOTAENIA,FALSE,,,,SW,multi,TRUE,,,,,,,,,,,,,ARTHROPODA,INSECTA,,DIPTERA,CULICIDAE,,,URANOTAENIA
UVARUS,FALSE,4,4_middle,PR,SW,NA,TRUE,,,4.6,KS,"Pr,Pi",PR,PI,MC,"Sw,Cl",SW,CL,,ARTHROPODA,INSECTA,,COLEOPTERA,DYTISCIDAE,,,UVARUS
VARICHAETADRILUS ANGUSTIPENIS,FALSE,,,,,,FALSE,,,,,,,,,,,,,ANNELIDA,CLITELLATA,OLIGOCHAETA,TUBIFICIDA,NAIDIDAE,,,VARICHAETADRILUS
VELIIDAE,FALSE,4,4_middle,PR,SK,"multi,uni",TRUE,,,9,KY,"Pr,Pi",PR,PI,MC,Sk,SK,,,ARTHROPODA,INSECTA,,HEMIPTERA,VELIIDAE,,,
VIVIPARUS,FALSE,,,,,,FALSE,,,,,,,,,,,,,MOLLUSCA,GASTROPODA,,ARCHITAENIOGLOSSA,VIVIPARIDAE,,,VIVIPARUS
WORMALDIA,FALSE,3,,CF,CN,multi,FALSE,,,0.4,L,Fi,FI,,MC,Cg,CG,,,ARTHROPODA,INSECTA,,TRICHOPTERA,PHILOPOTAMIDAE,,,WORMALDIA
XENOCHIRONOMUS,FALSE,3,,PR,BU,NA,FALSE,SG,snag,7,L,Pr,PR,,MC,Bu,BU,,,ARTHROPODA,INSECTA,,DIPTERA,CHIRONOMIDAE,CHIRONOMINAE,CHIRONOMINI,XENOCHIRONOMUS
XESTOCHIRONOMUS,FALSE,,,,,,FALSE,,,,,,,,,,,,,ARTHROPODA,INSECTA,,DIPTERA,CHIRONOMIDAE,CHIRONOMINAE,CHIRONOMINI,XESTOCHIRONOMUS
XYLOTOPUS,FALSE,,,,,,FALSE,,,,,,,,,,,,,ARTHROPODA,INSECTA,,DIPTERA,CHIRONOMIDAE,ORTHOCLADIINAE,,XYLOTOPUS
ZAVRELIA,FALSE,,,,,,FALSE,,,,,,,,,,,,,ARTHROPODA,INSECTA,,DIPTERA,CHIRONOMIDAE,,TANYTARSINI,ZAVRELIA
ZAVRELIELLA,FALSE,4,4_middle,CG,BU,NA,FALSE,NF,pool,7,KS,,,,,,,,,ARTHROPODA,INSECTA,,DIPTERA,CHIRONOMIDAE,CHIRONOMINAE,TANYTARSINI,ZAVRELIELLA
ZAVRELIMYIA,FALSE,4,4_middle,PR,SP,NA,FALSE,,,9.3,L,"Pr,Pi",PR,PI,MC,Sp,SP,,,ARTHROPODA,INSECTA,,DIPTERA,CHIRONOMIDAE,TANYPODINAE,PENTANEURINI,ZAVRELYMIA
ZAVRELIMYIA (PARAMERINA),FALSE,,,PR,SP,,FALSE,,,,,,,,,,,,,ARTHROPODA,INSECTA,,DIPTERA,CHIRONOMIDAE,TANYPODINAE,PENTANEURINI,ZAVRELYMIA
ZEALEUCTRA,FALSE,2,,SH,SP,uni,FALSE,,,0,B,Sh,SH,,KY,,,,,ARTHROPODA,INSECTA,,PLECOPTERA,LEUCTRIDAE,,,ZEALEUCTRA
ZYGOPTERA,FALSE,,,,,,FALSE,,,,,,,,,,,,,ARTHROPODA,INSECTA,,ODONATA,,,,
