Taxon_Orig,Modified,Rationale,OTU_BCG,OTU_IBI
Cyprinidae,no,,Cyprinidae,Cyprinidae
Cyprinidae hybrid,no,,Cyprinidae hybrid,Cyprinidae hybrid
Cyprinus carpio,no,,Cyprinus carpio,Cyprinus carpio
Cyrpinus carpio,no,,Cyprinus carpio,Cyprinus carpio
Dorosoma cepedianum,no,,Dorosoma cepedianum,Dorosoma cepedianum
eastern blacknose dace,yes,common to scientific name,Rhinichthys atratulus,Rhinichthys atratulus
Eastern Mosquitofish,yes,common to scientific name,Gambusia holbrooki,Gambusia holbrooki
Eastern mudminnow,yes,common to scientific name,Umbra pygmaea,Umbra pygmaea
Eastern silvery minnow,yes,common to scientific name,Hybognathus regius,Hybognathus regius
emerald shiner,yes,common to scientific name,Notropis atherinoides,Notropis atherinoides
Enneacanthus gloriosus,no,,Enneacanthus gloriosus,Enneacanthus gloriosus
Enneacanthus obesus,no,,Enneacanthus obesus,Enneacanthus obesus
Erimystax x-punctatus,no,,Erimystax x-punctatus,Erimystax x-punctatus
Erimyzon oblongus,no,,Erimyzon oblongus,Erimyzon oblongus
Esocidae,no,,Esocidae,Esocidae
Esox americanus americanus,no,,Esox americanus americanus,Esox americanus americanus
Esox hybrid,no,,Esox hybrid,Esox hybrid
Esox lucius,no,,Esox lucius,Esox lucius
Esox masquinongy,no,,Esox masquinongy,Esox masquinongy
Esox niger,no,,Esox niger,Esox niger
Etheostoma,no,,Etheostoma,Etheostoma
Etheostoma asprigene,no,,Etheostoma asprigene,Etheostoma asprigene
Etheostoma blennioides,no,,Etheostoma blennioides,Etheostoma blennioides
Etheostoma caeruleum,no,,Etheostoma caeruleum,Etheostoma caeruleum
Etheostoma chlorosomum,no,,Etheostoma chlorosomum,Etheostoma chlorosomum
Etheostoma exile,no,,Etheostoma exile,Etheostoma exile
Etheostoma flabellare,no,,Etheostoma flabellare,Etheostoma flabellare
Etheostoma fusiforme,no,,Etheostoma fusiforme,Etheostoma fusiforme
Etheostoma microperca,no,,Etheostoma microperca,Etheostoma microperca
Etheostoma nigrum,no,,Etheostoma nigrum,Etheostoma nigrum
Acantharchus pomotis,no,,Acantharchus pomotis,Acantharchus pomotis
Acipenser fulvescens,no,,Acipenser fulvescens,Acipenser fulvescens
Acipenseridae,no,,Acipenseridae,Acipenseridae
Alosa chrysochloris,no,,Alosa chrysochloris,Alosa chrysochloris
Alosa pseudoharengus,no,,Alosa pseudoharengus,Alosa pseudoharengus
Ambloplites rupestris,no,,Ambloplites rupestris,Ambloplites rupestris
Ameiurus,no,,Ameiurus,Ameiurus
Ameiurus catus,no,,Ameiurus catus,Ameiurus catus
Ameiurus melas,no,,Ameiurus melas,Ameiurus melas
Ameiurus natalis,no,,Ameiurus natalis,Ameiurus natalis
Ameiurus nebulosus,no,,Ameiurus nebulosus,Ameiurus nebulosus
American brook lamprey,yes,common to scientific name,Lethenteron appendix,Lethenteron appendix
American eel,yes,common to scientific name,Anguilla rostrata,Anguilla rostrata
Amia calva,no,,Amia calva,Amia calva
Amiidae,no,,Amiidae,Amiidae
Ammocrypta clara,no,,Ammocrypta clara,Ammocrypta clara
Anguilla rostrata,no,,Anguilla rostrata,Anguilla rostrata
Anguillidae,no,,Anguillidae,Anguillidae
Aphredoderidae,no,,Aphredoderidae,Aphredoderidae
Aphredoderus sayanus,no,,Aphredoderus sayanus,Aphredoderus sayanus
Aplodinotus grunniens,no,,Aplodinotus grunniens,Aplodinotus grunniens
Atherinidae,no,,Atherinidae,Atherinidae
Atlantic Salmon,yes,"common to scientific name, capitalization",Salmo salar,Salmo salar
Atlantic salmon,yes,"common to scientific name, capitalization",Salmo salar,Salmo salar
Banded darter,yes,"common to scientific name, capitalization",Etheostoma zonale,Etheostoma zonale
banded darter,yes,"common to scientific name, capitalization",Etheostoma zonale,Etheostoma zonale
Banded killifish,yes,"common to scientific name, capitalization",Fundulus diaphanus,Fundulus diaphanus
banded killifish,yes,"common to scientific name, capitalization",Fundulus diaphanus,Fundulus diaphanus
Banded sunfish,yes,common to scientific name,Enneacanthus obesus,Enneacanthus obesus
bigmouth buffalo,yes,common to scientific name,Ictiobus cyprinellus,Ictiobus cyprinellus
bigmouth shiner,yes,"common to scientific name, capitalization",Notropis dorsalis,Notropis dorsalis
Bigmouth Shiner,yes,"common to scientific name, capitalization",Notropis dorsalis,Notropis dorsalis
black buffalo,yes,common to scientific name,Ictiobus niger,Ictiobus niger
black bullhead,yes,common to scientific name,Ameiurus melas,Ameiurus melas
Black crappie,yes,"common to scientific name, capitalization",Pomoxis nigromaculatus,Pomoxis nigromaculatus
black crappie,yes,"common to scientific name, capitalization",Pomoxis nigromaculatus,Pomoxis nigromaculatus
black redhorse,yes,common to scientific name,Moxostoma duquesnei,Moxostoma duquesnei
blackchin shiner,yes,common to scientific name,Notropis heterodon,Notropis heterodon
Blacknose Dace,yes,common to scientific name,Rhinichthys obtusus,Rhinichthys obtusus
blacknose shiner,yes,common to scientific name,Notropis heterolepis,Notropis heterolepis
blackside darter,yes,"common to scientific name, capitalization",Percina maculata,Percina maculata
Blackside Darter,yes,"common to scientific name, capitalization",Percina maculata,Percina maculata
blue sucker,yes,common to scientific name,Cycleptus elongatus,Cycleptus elongatus
Bluegill,yes,"common to scientific name, capitalization",Lepomis macrochirus,Lepomis macrochirus
bluegill,yes,"common to scientific name, capitalization",Lepomis macrochirus,Lepomis macrochirus
Bluespotted sunfish,yes,common to scientific name,Enneacanthus gloriosus,Enneacanthus gloriosus
Bluntnose minnow,yes,"common to scientific name, capitalization",Pimephales notatus,Pimephales notatus
bluntnose minnow,yes,"common to scientific name, capitalization",Pimephales notatus,Pimephales notatus
bowfin,yes,common to scientific name,Amia calva,Amia calva
brassy minnow,yes,common to scientific name,Hybognathus hankinsoni,Hybognathus hankinsoni
Brook lamprey,yes,common to scientific name,Lampetra,Lampetra
brook silverside,yes,common to scientific name,Labidesthes sicculus,Labidesthes sicculus
brook stickleback,yes,common to scientific name,Culaea inconstans,Culaea inconstans
Brook trout,yes,"common to scientific name, capitalization",Salvelinus fontinalis,Salvelinus fontinalis
brook trout,yes,"common to scientific name, capitalization",Salvelinus fontinalis,Salvelinus fontinalis
Brown bullhead,yes,"common to scientific name, capitalization",Ameiurus nebulosus,Ameiurus nebulosus
brown bullhead,yes,"common to scientific name, capitalization",Ameiurus nebulosus,Ameiurus nebulosus
Brown trout,yes,"common to scientific name, capitalization",Salmo trutta,Salmo trutta
brown trout,yes,"common to scientific name, capitalization",Salmo trutta,Salmo trutta
bullhead minnow,yes,common to scientific name,Pimephales vigilax,Pimephales vigilax
burbot,yes,common to scientific name,Lota lota,Lota lota
Campostoma,no,,Campostoma,Campostoma
Campostoma anomalum,no,,Campostoma anomalum,Campostoma anomalum
Campostoma oligolepis,no,,Campostoma oligolepis,Campostoma oligolepis
Carassius auratus,no,,Carassius auratus,Carassius auratus
carmine shiner,yes,"common to scientific name, capitalization",Notropis percobromus,Notropis percobromus
Carmine shiner,yes,"common to scientific name, capitalization",Notropis percobromus,Notropis percobromus
Carpiodes,no,,Carpiodes,Carpiodes
Carpiodes carpio,no,,Carpiodes carpio,Carpiodes carpio
Carpiodes cyprinus,no,,Carpiodes cyprinus,Carpiodes cyprinus
Carpiodes velifer,no,,Carpiodes velifer,Carpiodes velifer
Catostomiidae,no,,Catostomiidae,Catostomiidae
Catostomus,no,,Catostomus,Catostomus
Catostomus catostomus,no,,Catostomus catostomus,Catostomus catostomus
Catostomus commersoni,yes,,Catostomus commersonii,Catostomus commersonii
Catostomus commersonii,no,,Catostomus commersonii,Catostomus commersonii
central mudminnow,yes,"common to scientific name, capitalization",Umbra limi,Umbra limi
Central Mudminnow,yes,"common to scientific name, capitalization",Umbra limi,Umbra limi
Central stoneroller,yes,"common to scientific name, capitalization",Campostoma anomalum,Campostoma anomalum
central stoneroller,yes,"common to scientific name, capitalization",Campostoma anomalum,Campostoma anomalum
Centrarchidae,no,,Centrarchidae,Centrarchidae
Centrarchus macropterus,no,,Centrarchus macropterus,Centrarchus macropterus
Chaenobryttus gulosus,yes,,Lepomis gulosus,Lepomis gulosus
Chain pickerel,yes,common to scientific name,Esox niger,Esox niger
Channel catfish,yes,"common to scientific name, capitalization",Ictalurus punctatus,Ictalurus punctatus
channel catfish,yes,"common to scientific name, capitalization",Ictalurus punctatus,Ictalurus punctatus
channel shiner,yes,common to scientific name,Notropis wickliffi,Notropis wickliffi
Checkered sculpin,yes,common to scientific name,Cottus,Cottus
chestnut lamprey,yes,common to scientific name,Ichthyomyzon castaneus,Ichthyomyzon castaneus
chinook salmon,yes,common to scientific name,Oncorhynchus tshawytscha,Oncorhynchus tshawytscha
Chrosomus,no,,Chrosomus,Chrosomus
Chrosomus eos,no,change in nomenclature,Chrosomus eos,Chrosomus eos
Chrosomus hybrid,no,,Chrosomus hybrid,Chrosomus hybrid
Chrosomus neogaeus,no,change in nomenclature,Chrosomus neogaeus,Chrosomus neogaeus
Clinostomus elongatus,no,,Clinostomus elongatus,Clinostomus elongatus
Clinostomus funduloides,no,,Clinostomus funduloides,Clinostomus funduloides
Clupeidae,no,,Clupeidae,Clupeidae
Clupiidae,no,,Clupiidae,Clupiidae
coho salmon,yes,common to scientific name,Oncorhynchus kisutch,Oncorhynchus kisutch
Comely shiner,yes,common to scientific name,Notropis amoenus,Notropis amoenus
Common carp,yes,"common to scientific name, capitalization",Cyprinus carpio,Cyprinus carpio
common carp,yes,"common to scientific name, capitalization",Cyprinus carpio,Cyprinus carpio
Common shiner,yes,"common to scientific name, capitalization",Luxilus cornutus,Luxilus cornutus
Common Shiner,yes,"common to scientific name, capitalization",Luxilus cornutus,Luxilus cornutus
Coregonus artedi,no,,Coregonus artedi,Coregonus artedi
Coregonus clupeaformis,no,,Coregonus clupeaformis,Coregonus clupeaformis
Coregonus hoyi,no,,Coregonus hoyi,Coregonus hoyi
Coregonus kiyi,no,,Coregonus kiyi,Coregonus kiyi
Coregonus zenithicus,no,,Coregonus zenithicus,Coregonus zenithicus
Cottidae,no,,Cottidae,Cottidae
Cottus,no,,Cottus,Cottus
Cottus bairdi,yes,,Cottus bairdii,Cottus bairdii
Cottus bairdii,no,,Cottus bairdii,Cottus bairdii
Cottus cognatus,no,,Cottus cognatus,Cottus cognatus
Cottus girardi,no,,Cottus girardi,Cottus girardi
Cottus ricei,no,,Cottus ricei,Cottus ricei
Cottus sp.,yes,,Cottus,Cottus
Couesius plumbeus,no,,Couesius plumbeus,Couesius plumbeus
Creek chub,yes,"common to scientific name, capitalization",Semotilus atromaculatus,Semotilus atromaculatus
Creek Chub,yes,"common to scientific name, capitalization",Semotilus atromaculatus,Semotilus atromaculatus
Creek chubsucker,yes,common to scientific name,Erimyzon oblongus,Erimyzon oblongus
crystal darter,yes,common to scientific name,Crystallaria asprella,Crystallaria asprella
Crystallaria asprella,no,,Crystallaria asprella,Crystallaria asprella
Ctenopharyngodon idella,no,,Ctenopharyngodon idella,Ctenopharyngodon idella
Culaea inconstans,no,,Culaea inconstans,Culaea inconstans
Cutlips minnow,yes,common to scientific name,Exoglossum maxillingua,Exoglossum maxillingua
Cycleptus elongatus,no,,Cycleptus elongatus,Cycleptus elongatus
Cyprinella analostana,no,,Cyprinella analostana,Cyprinella analostana
Cyprinella lutrensis,no,,Cyprinella lutrensis,Cyprinella lutrensis
Cyprinella spiloptera,no,,Cyprinella spiloptera,Cyprinella spiloptera
Etheostoma olmstedi,no,,Etheostoma olmstedi,Etheostoma olmstedi
Etheostoma vitreum,no,,Etheostoma vitreum,Etheostoma vitreum
Etheostoma zonale,no,,Etheostoma zonale,Etheostoma zonale
Exoglossum maxillingua,no,,Exoglossum maxillingua,Exoglossum maxillingua
Fallfish,yes,common to scientific name,Semotilus corporalis,Semotilus corporalis
Fam: herrings,yes,common to scientific name,Clupeidae,Clupeidae
Fam: lamprey,yes,common to scientific name,Petromyzontidae,Petromyzontidae
Fam: minnows,yes,common to scientific name,Cyprinidae,Cyprinidae
Fam: trout,yes,common to scientific name,Salmonidae,Salmonidae
Fantail darter,yes,"common to scientific name, capitalization",Etheostoma flabellare,Etheostoma flabellare
fantail darter,yes,"common to scientific name, capitalization",Etheostoma flabellare,Etheostoma flabellare
Fathead minnow,yes,"common to scientific name, capitalization",Pimephales promelas,Pimephales promelas
Fathead Minnow,yes,"common to scientific name, capitalization",Pimephales promelas,Pimephales promelas
finescale dace,yes,"common to scientific name, capitalization",Chrosomus neogaeus,Chrosomus neogaeus
Finescale Dace,yes,"common to scientific name, capitalization",Chrosomus neogaeus,Chrosomus neogaeus
flathead catfish,yes,common to scientific name,Pylodictis olivaris,Pylodictis olivaris
Flier,yes,common to scientific name,Centrarchus macropterus,Centrarchus macropterus
freshwater drum,yes,common to scientific name,Aplodinotus grunniens,Aplodinotus grunniens
Fundulidae,no,,Fundulidae,Fundulidae
Fundulus,no,,Fundulus,Fundulus
Fundulus diaphanus,no,,Fundulus diaphanus,Fundulus diaphanus
Fundulus dispar,no,,Fundulus dispar,Fundulus dispar
Fundulus heteroclitus,no,,Fundulus heteroclitus,Fundulus heteroclitus
Fundulus majalis,no,,Fundulus majalis,Fundulus majalis
Fundulus notatus,no,,Fundulus notatus,Fundulus notatus
Fundulus sciadicus,no,,Fundulus sciadicus,Fundulus sciadicus
Gadidae,no,,Gadidae,Gadidae
Gambusia holbrooki,no,,Gambusia holbrooki,Gambusia holbrooki
Gasterosteidae,no,,Gasterosteidae,Gasterosteidae
Gasterosteus aculeatus,no,,Gasterosteus aculeatus,Gasterosteus aculeatus
Gen: buffalos,yes,"common to scientific name, extra space",Ictiobus,Ictiobus
Gen: bullheads,yes,common to scientific name,Ameiurus,Ameiurus
Gen: carpsuckers,yes,common to scientific name,Carpiodes,Carpiodes
Gen: Catostomus,yes,naming scheme,Catostomus,Catostomus
Gen: Chrosomus,yes,naming scheme,Chrosomus,Chrosomus
Gen: common sunfishes,yes,common to scientific name,Lepomis,Lepomis
Gen: Etheostoma,yes,naming scheme,Etheostoma,Etheostoma
Gen: lamprey,yes,common to scientific name,Ichthyomyzon,Ichthyomyzon
Gen: Notropis,yes,naming scheme,Notropis,Notropis
Gen: Percina,yes,naming scheme,Percina,Percina
Gen: Pomoxis,yes,naming scheme,Pomoxis,Pomoxis
Gen: redhorses,yes,common to scientific name,Moxostoma,Moxostoma
Gen: sculpins,yes,common to scientific name,Cottus,Cottus
Gen: stonerollers,yes,common to scientific name,Campostoma,Campostoma
gilt darter,yes,common to scientific name,Percina evides,Percina evides
Gizzard shad,yes,"common to scientific name, capitalization",Dorosoma cepedianum,Dorosoma cepedianum
gizzard shad,yes,"common to scientific name, capitalization",Dorosoma cepedianum,Dorosoma cepedianum
Glassy darter,yes,common to scientific name,Etheostoma vitreum,Etheostoma vitreum
Gobiidae,no,,Gobiidae,Gobiidae
Golden redhorse,yes,"common to scientific name, capitalization",Moxostoma erythrurum,Moxostoma erythrurum
golden redhorse,yes,"common to scientific name, capitalization",Moxostoma erythrurum,Moxostoma erythrurum
Golden shiner,yes,"common to scientific name, capitalization",Notemigonus crysoleucas,Notemigonus crysoleucas
golden shiner,yes,"common to scientific name, capitalization",Notemigonus crysoleucas,Notemigonus crysoleucas
goldeye,yes,common to scientific name,Hiodon alosoides,Hiodon alosoides
Goldfish,yes,"common to scientific name, capitalization",Carassius auratus,Carassius auratus
goldfish,yes,"common to scientific name, capitalization",Carassius auratus,Carassius auratus
grass carp,yes,common to scientific name,Ctenopharyngodon idella,Ctenopharyngodon idella
gravel chub,yes,common to scientific name,Erimystax x-punctatus,Erimystax x-punctatus
greater redhorse,yes,common to scientific name,Moxostoma valenciennesi,Moxostoma valenciennesi
Green sunfish,yes,"common to scientific name, capitalization",Lepomis cyanellus,Lepomis cyanellus
green sunfish,yes,"common to scientific name, capitalization",Lepomis cyanellus,Lepomis cyanellus
Greenside darter,yes,common to scientific name,Etheostoma blennioides,Etheostoma blennioides
Gymnocephalus cernuus,no,,Gymnocephalus cernuus,Gymnocephalus cernuus
highfin carpsucker,yes,common to scientific name,Carpiodes velifer,Carpiodes velifer
Hiodon alosoides,no,,Hiodon alosoides,Hiodon alosoides
Hiodon tergisus,no,,Hiodon tergisus,Hiodon tergisus
Hiodontidae,no,,Hiodontidae,Hiodontidae
hornyhead chub,yes,"common to scientific name, capitalization",Nocomis biguttatus,Nocomis biguttatus
Hornyhead Chub,yes,"common to scientific name, capitalization",Nocomis biguttatus,Nocomis biguttatus
Hybognathus hankinsoni,no,,Hybognathus hankinsoni,Hybognathus hankinsoni
Hybognathus nuchalis,no,,Hybognathus nuchalis,Hybognathus nuchalis
Hybognathus regius,no,,Hybognathus regius,Hybognathus regius
Hybopsis amnis,no,,Hybopsis amnis,Hybopsis amnis
Hybopsis dorsalis,yes,change in nomenclature,Notropis dorsalis,Notropis dorsalis
hybrid Chrosomus,yes,naming scheme,Chrosomus hybrid,Chrosomus hybrid
hybrid minnow,yes,common to scientific name,Cyprinidae hybrid,Cyprinidae hybrid
hybrid sunfish,yes,common to scientific name,Lepomis hybrid,Lepomis hybrid
Hypentelium nigricans,no,,Hypentelium nigricans,Hypentelium nigricans
Hypophthalmichthys molitrix,no,,Hypophthalmichthys molitrix,Hypophthalmichthys molitrix
Hypophthalmichthys nobilis,no,,Hypophthalmichthys nobilis,Hypophthalmichthys nobilis
Ichthyomyzon,no,,Ichthyomyzon,Ichthyomyzon
Ichthyomyzon castaneus,no,,Ichthyomyzon castaneus,Ichthyomyzon castaneus
Ichthyomyzon fossor,no,,Ichthyomyzon fossor,Ichthyomyzon fossor
Ichthyomyzon gagei,no,,Ichthyomyzon gagei,Ichthyomyzon gagei
Ichthyomyzon unicuspis,no,,Ichthyomyzon unicuspis,Ichthyomyzon unicuspis
Ictaluridae,no,,Ictaluridae,Ictaluridae
Ictalurus furcatus,no,,Ictalurus furcatus,Ictalurus furcatus
Ictalurus punctatus,no,,Ictalurus punctatus,Ictalurus punctatus
Ictiobinae,no,,Ictiobinae,Ictiobinae
Ictiobus,no,,Ictiobus,Ictiobus
Ictiobus bubalus,no,,Ictiobus bubalus,Ictiobus bubalus
Ictiobus cyprinellus,no,,Ictiobus cyprinellus,Ictiobus cyprinellus
Ictiobus niger,no,,Ictiobus niger,Ictiobus niger
Inland silverside,yes,common to scientific name,Menidia beryllina,Menidia beryllina
Iowa darter,yes,common to scientific name,Etheostoma exile,Etheostoma exile
Ironcolor shiner,yes,common to scientific name,Notropis chalybaeus,Notropis chalybaeus
Johnny darter,yes,"common to scientific name, capitalization",Etheostoma nigrum,Etheostoma nigrum
Johnny Darter,yes,"common to scientific name, capitalization",Etheostoma nigrum,Etheostoma nigrum
Labidesthes sicculus,no,,Labidesthes sicculus,Labidesthes sicculus
lake chub,yes,common to scientific name,Couesius plumbeus,Couesius plumbeus
lake herring,yes,common to scientific name,Coregonus artedi,Coregonus artedi
lake sturgeon,yes,common to scientific name,Acipenser fulvescens,Acipenser fulvescens
lake whitefish,yes,common to scientific name,Coregonus clupeaformis,Coregonus clupeaformis
Lampetra,no,,Lampetra,Lampetra
Lampetra aepyptera,no,,Lampetra aepyptera,Lampetra aepyptera
Lampetra appendix,yes,,Lethenteron appendix,Lethenteron appendix
Lamprey (larvae),yes,common to scientific name,Petromyzontidae,Petromyzontidae
lamprey ammocoete,yes,common to scientific name,Petromyzontidae larvae,Petromyzontidae larvae
Largemouth bass,yes,"common to scientific name, capitalization",Micropterus salmoides,Micropterus salmoides
largemouth bass,yes,"common to scientific name, capitalization",Micropterus salmoides,Micropterus salmoides
largescale stoneroller,yes,common to scientific name,Campostoma oligolepis,Campostoma oligolepis
Least brook lamprey,yes,common to scientific name,Lampetra aepyptera,Lampetra aepyptera
least darter,yes,common to scientific name,Etheostoma microperca,Etheostoma microperca
Leiostomus xanthurus,no,,Leiostomus xanthurus,Leiostomus xanthurus
Lepisosteidae,no,,Lepisosteidae,Lepisosteidae
Lepisosteus osseus,no,,Lepisosteus osseus,Lepisosteus osseus
Lepisosteus platostomus,no,,Lepisosteus platostomus,Lepisosteus platostomus
Lepomis,no,,Lepomis,Lepomis
Lepomis auritus,no,,Lepomis auritus,Lepomis auritus
Lepomis cyanellus,no,,Lepomis cyanellus,Lepomis cyanellus
Lepomis gibbosus,no,,Lepomis gibbosus,Lepomis gibbosus
Lepomis gulosus,no,,Lepomis gulosus,Lepomis gulosus
Lepomis humilis,no,,Lepomis humilis,Lepomis humilis
Lepomis hybrid,no,,Lepomis hybrid,Lepomis hybrid
Lepomis macrochirus,no,,Lepomis macrochirus,Lepomis macrochirus
Lepomis megalotis,no,,Lepomis megalotis,Lepomis megalotis
Lethenteron appendix,no,,Lethenteron appendix,Lethenteron appendix
Logperch,yes,"common to scientific name, capitalization",Percina caprodes,Percina caprodes
logperch,yes,"common to scientific name, capitalization",Percina caprodes,Percina caprodes
Longnose dace,yes,"common to scientific name, capitalization",Rhinichthys cataractae,Rhinichthys cataractae
longnose dace,yes,"common to scientific name, capitalization",Rhinichthys cataractae,Rhinichthys cataractae
Longnose gar,yes,common to scientific name,Lepisosteus osseus,Lepisosteus osseus
longnose gar,yes,common to scientific name,Lepisosteus osseus,Lepisosteus osseus
longnose sucker,yes,common to scientific name,Catostomus catostomus,Catostomus catostomus
Lota lota,no,,Lota lota,Lota lota
Lucania parva,no,,Lucania parva,Lucania parva
Luxilus chrysocephalus,no,,Luxilus chrysocephalus,Luxilus chrysocephalus
Luxilus cornutus,no,,Luxilus cornutus,Luxilus cornutus
Lythrurus umbratilis,no,,Lythrurus umbratilis,Lythrurus umbratilis
Macrhybopsis hyostoma,no,,Macrhybopsis hyostoma,Macrhybopsis hyostoma
Macrhybopsis storeriana,no,,Macrhybopsis storeriana,Macrhybopsis storeriana
Margariscus margarita,no,,Margariscus margarita,Margariscus margarita
Margariscus nachtriebi,no,,Margariscus nachtriebi,Margariscus nachtriebi
Margined madtom,yes,common to scientific name,Noturus insignis,Noturus insignis
Menidia beryllina,no,,Menidia beryllina,Menidia beryllina
Micropterus,no,,Micropterus,Micropterus
Micropterus dolomieu,no,,Micropterus dolomieu,Micropterus dolomieu
Micropterus salmoides,no,,Micropterus salmoides,Micropterus salmoides
mimic shiner,yes,common to scientific name,Notropis volucellus,Notropis volucellus
Minytrema melanops,no,,Minytrema melanops,Minytrema melanops
Mississippi silvery minnow,yes,common to scientific name,Hybognathus nuchalis,Hybognathus nuchalis
mooneye,yes,common to scientific name,Hiodon tergisus,Hiodon tergisus
Morone americana,no,,Morone americana,Morone americana
Morone chrysops,no,,Morone chrysops,Morone chrysops
Morone mississippiensis,no,,Morone mississippiensis,Morone mississippiensis
Morone saxatilis,no,,Morone saxatilis,Morone saxatilis
Moronidae,no,,Moronidae,Moronidae
Mottled sculpin,yes,"common to scientific name, capitalization",Cottus bairdii,Cottus bairdii
mottled sculpin,yes,"common to scientific name, capitalization",Cottus bairdii,Cottus bairdii
Moxostoma,no,,Moxostoma,Moxostoma
Moxostoma anisurum,no,,Moxostoma anisurum,Moxostoma anisurum
Moxostoma carinatum,no,,Moxostoma carinatum,Moxostoma carinatum
Moxostoma duquesnei,no,,Moxostoma duquesnei,Moxostoma duquesnei
Moxostoma erythrurum,no,,Moxostoma erythrurum,Moxostoma erythrurum
Moxostoma macrolepidotum,no,,Moxostoma macrolepidotum,Moxostoma macrolepidotum
Moxostoma valenciennesi,no,,Moxostoma valenciennesi,Moxostoma valenciennesi
mud darter,yes,common to scientific name,Etheostoma asprigene,Etheostoma asprigene
Mud sunfish,yes,common to scientific name,Acantharchus pomotis,Acantharchus pomotis
Mummichog,yes,common to scientific name,Fundulus heteroclitus,Fundulus heteroclitus
muskellunge,yes,common to scientific name,Esox masquinongy,Esox masquinongy
Myoxocephalus thompsonii,no,,Myoxocephalus thompsonii,Myoxocephalus thompsonii
Neogobius melanostomus,no,,Neogobius melanostomus,Neogobius melanostomus
ninespine stickleback,yes,common to scientific name,Pungitius pungitius,Pungitius pungitius
Nocomis biguttatus,no,,Nocomis biguttatus,Nocomis biguttatus
Nocomis micropogon,no,,Nocomis micropogon,Nocomis micropogon
northern brook lamprey,yes,common to scientific name,Ichthyomyzon fossor,Ichthyomyzon fossor
Northern hogsucker,yes,"common to scientific name, capitalization",Hypentelium nigricans,Hypentelium nigricans
northern hogsucker,yes,"common to scientific name, capitalization",Hypentelium nigricans,Hypentelium nigricans
northern pearl dace,yes,common to scientific name,Margariscus margarita,Margariscus margarita
Northern pike,yes,"common to scientific name, capitalization",Esox lucius,Esox lucius
Northern Pike,yes,"common to scientific name, capitalization",Esox lucius,Esox lucius
northern redbelly dace,yes,"common to scientific name, capitalization",Chrosomus eos,Chrosomus eos
Northern Redbelly Dace,yes,"common to scientific name, capitalization",Chrosomus eos,Chrosomus eos
Northern redbelly dace,yes,"common to scientific name, capitalization",Chrosomus eos,Chrosomus eos
northern sunfish,yes,common to scientific name,Lepomis megalotis,Lepomis megalotis
Notemigonus crysoleucas,no,,Notemigonus crysoleucas,Notemigonus crysoleucas
Notropis,no,,Notropis,Notropis
Notropis amoenus,no,,Notropis amoenus,Notropis amoenus
Notropis anogenus,no,,Notropis anogenus,Notropis anogenus
Notropis atherinoides,no,,Notropis atherinoides,Notropis atherinoides
Notropis blennius,no,,Notropis blennius,Notropis blennius
Notropis buccatus,no,,Notropis buccatus,Notropis buccatus
Notropis buchanani,no,,Notropis buchanani,Notropis buchanani
Notropis chalybaeus,no,,Notropis chalybaeus,Notropis chalybaeus
Notropis dorsalis,no,,Notropis dorsalis,Notropis dorsalis
Notropis heterodon,no,,Notropis heterodon,Notropis heterodon
Notropis heterolepis,no,,Notropis heterolepis,Notropis heterolepis
Notropis hudsonius,no,,Notropis hudsonius,Notropis hudsonius
Notropis nubilus,no,,Notropis nubilus,Notropis nubilus
Notropis percobromus,no,,Notropis percobromus,Notropis percobromus
Notropis procne,no,,Notropis procne,Notropis procne
Notropis rubellus,no,,Notropis rubellus,Notropis rubellus
Notropis stramineus,no,,Notropis stramineus,Notropis stramineus
Notropis texanus,no,,Notropis texanus,Notropis texanus
Notropis topeka,no,,Notropis topeka,Notropis topeka
Notropis volucellus,no,,Notropis volucellus,Notropis volucellus
Notropis wickliffi,no,,Notropis wickliffi,Notropis wickliffi
Noturus,no,,Noturus,Noturus
Noturus exilis,no,,Noturus exilis,Noturus exilis
Noturus flavus,no,,Noturus flavus,Noturus flavus
Noturus gyrinus,no,,Noturus gyrinus,Noturus gyrinus
Noturus insignis,no,,Noturus insignis,Noturus insignis
Oncorhynchus gorbuscha,no,,Oncorhynchus gorbuscha,Oncorhynchus gorbuscha
Oncorhynchus kisutch,no,,Oncorhynchus kisutch,Oncorhynchus kisutch
Oncorhynchus mykiss,no,,Oncorhynchus mykiss,Oncorhynchus mykiss
Oncorhynchus tshawytscha,no,,Oncorhynchus tshawytscha,Oncorhynchus tshawytscha
Opsopoeodus emiliae,no,,Opsopoeodus emiliae,Opsopoeodus emiliae
orangespotted sunfish,yes,common to scientific name,Lepomis humilis,Lepomis humilis
Osmeridae,no,,Osmeridae,Osmeridae
Osmerus mordax,no,,Osmerus mordax,Osmerus mordax
Osteichthyes,no,,Osteichthyes,Osteichthyes
Ozark minnow,yes,common to scientific name,Notropis nubilus,Notropis nubilus
Perca flavescens,no,,Perca flavescens,Perca flavescens
Percidae,no,,Percidae,Percidae
Percina,no,,Percina,Percina
Percina caprodes,no,,Percina caprodes,Percina caprodes
Percina evides,no,,Percina evides,Percina evides
Percina maculata,no,,Percina maculata,Percina maculata
Percina peltata,no,,Percina peltata,Percina peltata
Percina phoxocephala,no,,Percina phoxocephala,Percina phoxocephala
Percina shumardi,no,,Percina shumardi,Percina shumardi
Percopsidae,no,,Percopsidae,Percopsidae
Percopsis omiscomaycus,no,,Percopsis omiscomaycus,Percopsis omiscomaycus
Petromyzon marinus,no,,Petromyzon marinus,Petromyzon marinus
Petromyzontidae,no,,Petromyzontidae,Petromyzontidae
Petromyzontidae larvae,no,,Petromyzontidae larvae,Petromyzontidae larvae
Phenacobius mirabilis,no,,Phenacobius mirabilis,Phenacobius mirabilis
Phoxinus,no,,Phoxinus,Phoxinus
Phoxinus eos,yes,,Chrosomus eos,Chrosomus eos
Phoxinus erythrogaster,yes,,Chrosomus erythrogaster,Chrosomus erythrogaster
Phoxinus neogaeus,yes,,Chrosomus neogaeus,Chrosomus neogaeus
Pimephales notatus,no,,Pimephales notatus,Pimephales notatus
Pimephales promelas,no,,Pimephales promelas,Pimephales promelas
Pimephales vigilax,no,,Pimephales vigilax,Pimephales vigilax
pink salmon,yes,common to scientific name,Oncorhynchus gorbuscha,Oncorhynchus gorbuscha
Pirate perch,yes,"common to scientific name, capitalization",Aphredoderus sayanus,Aphredoderus sayanus
pirate perch,yes,"common to scientific name, capitalization",Aphredoderus sayanus,Aphredoderus sayanus
plains topminnow,yes,common to scientific name,Fundulus sciadicus,Fundulus sciadicus
Platygobio gracilis,no,,Platygobio gracilis,Platygobio gracilis
Polydontidae,no,,Polydontidae,Polydontidae
Polyodon spathula,no,,Polyodon spathula,Polyodon spathula
Pomoxis,no,,Pomoxis,Pomoxis
Pomoxis annularis,no,,Pomoxis annularis,Pomoxis annularis
Pomoxis nigromaculatus,no,,Pomoxis nigromaculatus,Pomoxis nigromaculatus
Potomic sculpin,yes,common to scientific name,Cottus girardi,Cottus girardi
Prosopium cylindraceum,no,,Prosopium cylindraceum,Prosopium cylindraceum
Proterorhinus marmoratus,no,,Proterorhinus marmoratus,Proterorhinus marmoratus
pugnose minnow,yes,common to scientific name,Opsopoeodus emiliae,Opsopoeodus emiliae
pugnose shiner,yes,common to scientific name,Notropis anogenus,Notropis anogenus
Pumpkinseed,yes,"common to scientific name, capitalization",Lepomis gibbosus,Lepomis gibbosus
pumpkinseed,yes,"common to scientific name, capitalization",Lepomis gibbosus,Lepomis gibbosus
Pungitius pungitius,no,,Pungitius pungitius,Pungitius pungitius
Pylodictis olivaris,no,,Pylodictis olivaris,Pylodictis olivaris
quillback,yes,common to scientific name,Carpiodes cyprinus,Carpiodes cyprinus
rainbow darter,yes,common to scientific name,Etheostoma caeruleum,Etheostoma caeruleum
rainbow smelt,yes,common to scientific name,Osmerus mordax,Osmerus mordax
Rainbow trout,yes,"common to scientific name, capitalization",Oncorhynchus mykiss,Oncorhynchus mykiss
rainbow trout,yes,"common to scientific name, capitalization",Oncorhynchus mykiss,Oncorhynchus mykiss
Rainwater killifish,yes,common to scientific name,Lucania parva,Lucania parva
red shiner,yes,common to scientific name,Cyprinella lutrensis,Cyprinella lutrensis
Redbreast sunfish,yes,common to scientific name,Lepomis auritus,Lepomis auritus
Redfin pickerel,yes,common to scientific name,Esox americanus americanus,Esox americanus americanus
redfin shiner,yes,common to scientific name,Lythrurus umbratilis,Lythrurus umbratilis
redside dace,yes,common to scientific name,Clinostomus elongatus,Clinostomus elongatus
Rhinichthys,no,,Rhinichthys,Rhinichthys
Rhinichthys atratulus,no,,Rhinichthys atratulus,Rhinichthys atratulus
Rhinichthys cataractae,no,,Rhinichthys cataractae,Rhinichthys cataractae
Rhinichthys obtusus,no,,Rhinichthys obtusus,Rhinichthys obtusus
Rhinichthys obtusus (dup),yes,naming scheme,Rhinichthys obtusus,Rhinichthys obtusus
river carpsucker,yes,common to scientific name,Carpiodes carpio,Carpiodes carpio
River chub,yes,common to scientific name,Nocomis micropogon,Nocomis micropogon
river darter,yes,common to scientific name,Percina shumardi,Percina shumardi
river redhorse,yes,"common to scientific name, capitalization",Moxostoma carinatum,Moxostoma carinatum
River Redhorse,yes,"common to scientific name, capitalization",Moxostoma carinatum,Moxostoma carinatum
river shiner,yes,common to scientific name,Notropis blennius,Notropis blennius
Rock bass,yes,"common to scientific name, capitalization",Ambloplites rupestris,Ambloplites rupestris
Rock Bass,yes,"common to scientific name, capitalization",Ambloplites rupestris,Ambloplites rupestris
Rosyface shiner,yes,common to scientific name,Notropis rubellus,Notropis rubellus
Rosyside dace,yes,common to scientific name,Clinostomus funduloides,Clinostomus funduloides
ruffe,yes,common to scientific name,Gymnocephalus cernuus,Gymnocephalus cernuus
Salmo salar,no,,Salmo salar,Salmo salar
Salmo trutta,no,,Salmo trutta,Salmo trutta
Salmonidae,no,,Salmonidae,Salmonidae
Salmonidae hybrid,no,,Salmonidae hybrid,Salmonidae hybrid
Salmoninae,no,,Salmoninae,Salmoninae
Salvelinus fontinalis,no,,Salvelinus fontinalis,Salvelinus fontinalis
Salvelinus hybrid,no,,Salvelinus hybrid,Salvelinus hybrid
Salvelinus namaycush,no,,Salvelinus namaycush,Salvelinus namaycush
sand shiner,yes,common to scientific name,Notropis stramineus,Notropis stramineus
Sander,no,,Sander,Sander
Sander canadensis,no,,Sander canadensis,Sander canadensis
Sander hybrid,no,,Sander hybrid,Sander hybrid
Sander vitreus,no,,Sander vitreus,Sander vitreus
Satinfin shiner,yes,common to scientific name,Cyprinella analostana,Cyprinella analostana
sauger,yes,common to scientific name,Sander canadensis,Sander canadensis
Scaphirhynchus platorynchus,no,,Scaphirhynchus platorynchus,Scaphirhynchus platorynchus
Sciaenidae,no,,Sciaenidae,Sciaenidae
sea lamprey,yes,common to scientific name,Petromyzon marinus,Petromyzon marinus
Semotilus atromaculatus,no,,Semotilus atromaculatus,Semotilus atromaculatus
Semotilus corporalis,no,,Semotilus corporalis,Semotilus corporalis
Shield darter,yes,common to scientific name,Percina peltata,Percina peltata
shoal chub,yes,common to scientific name,Macrhybopsis hyostoma,Macrhybopsis hyostoma
Shorthead redhorse,yes,"common to scientific name, capitalization",Moxostoma macrolepidotum,Moxostoma macrolepidotum
shorthead redhorse,yes,"common to scientific name, capitalization",Moxostoma macrolepidotum,Moxostoma macrolepidotum
shortnose gar,yes,common to scientific name,Lepisosteus platostomus,Lepisosteus platostomus
shovelnose sturgeon,yes,common to scientific name,Scaphirhynchus platorynchus,Scaphirhynchus platorynchus
silver chub,yes,common to scientific name,Macrhybopsis storeriana,Macrhybopsis storeriana
silver lamprey,yes,common to scientific name,Ichthyomyzon unicuspis,Ichthyomyzon unicuspis
silver redhorse,yes,common to scientific name,Moxostoma anisurum,Moxostoma anisurum
Silverjaw minnow,yes,common to scientific name,Notropis buccatus,Notropis buccatus
slenderhead darter,yes,common to scientific name,Percina phoxocephala,Percina phoxocephala
Slimy Sculpin,yes,"common to scientific name, capitalization",Cottus cognatus,Cottus cognatus
slimy sculpin,yes,"common to scientific name, capitalization",Cottus cognatus,Cottus cognatus
Smallmouth bass,yes,"common to scientific name, capitalization",Micropterus dolomieu,Micropterus dolomieu
smallmouth bass,yes,"common to scientific name, capitalization",Micropterus dolomieu,Micropterus dolomieu
smallmouth buffalo,yes,common to scientific name,Ictiobus bubalus,Ictiobus bubalus
southern brook lamprey,yes,common to scientific name,Ichthyomyzon gagei,Ichthyomyzon gagei
southern redbelly dace,yes,common to scientific name,Chrosomus erythrogaster,Chrosomus erythrogaster
splake,yes,common to scientific name,Salvelinus hybrid,Salvelinus hybrid
Spot,yes,common to scientific name,Leiostomus xanthurus,Leiostomus xanthurus
Spotfin shiner,yes,"common to scientific name, capitalization",Cyprinella spiloptera,Cyprinella spiloptera
spotfin shiner,yes,"common to scientific name, capitalization",Cyprinella spiloptera,Cyprinella spiloptera
Spottail shiner,yes,"common to scientific name, capitalization",Notropis hudsonius,Notropis hudsonius
spottail shiner,yes,"common to scientific name, capitalization",Notropis hudsonius,Notropis hudsonius
spotted sucker,yes,common to scientific name,Minytrema melanops,Minytrema melanops
Stonecat,yes,"common to scientific name, capitalization",Noturus flavus,Noturus flavus
stonecat,yes,"common to scientific name, capitalization",Noturus flavus,Noturus flavus
Striped bass,yes,common to scientific name,Morone saxatilis,Morone saxatilis
Striped killifish,yes,common to scientific name,Fundulus majalis,Fundulus majalis
Striped shiner,yes,common to scientific name,Luxilus chrysocephalus,Luxilus chrysocephalus
SubFam: buffalo/carpsuckers,yes,common to scientific name,Ictiobinae,Ictiobinae
SubFam: salmonids,yes,common to scientific name,Salmoninae,Salmoninae
suckermouth minnow,yes,common to scientific name,Phenacobius mirabilis,Phenacobius mirabilis
Swallowtail shiner,yes,common to scientific name,Notropis procne,Notropis procne
Swamp darter,yes,common to scientific name,Etheostoma fusiforme,Etheostoma fusiforme
Tadpole madtom,yes,"common to scientific name, capitalization",Noturus gyrinus,Noturus gyrinus
tadpole madtom,yes,"common to scientific name, capitalization",Noturus gyrinus,Noturus gyrinus
Tesselated darter,yes,common to scientific name,Etheostoma olmstedi,Etheostoma olmstedi
threespine stickleback,yes,common to scientific name,Gasterosteus aculeatus,Gasterosteus aculeatus
tiger musky,yes,common to scientific name,Esox hybrid,Esox hybrid
tiger trout,yes,common to scientific name,Salmonidae hybrid,Salmonidae hybrid
Topeka shiner,yes,common to scientific name,Notropis topeka,Notropis topeka
trout-perch,yes,common to scientific name,Percopsis omiscomaycus,Percopsis omiscomaycus
Umbra limi,no,,Umbra limi,Umbra limi
Umbra pygmaea,no,,Umbra pygmaea,Umbra pygmaea
Umbridae,no,,Umbridae,Umbridae
walleye,yes,common to scientific name,Sander vitreus,Sander vitreus
Warmouth,yes,"common to scientific name, capitalization",Lepomis gulosus,Lepomis gulosus
warmouth,yes,"common to scientific name, capitalization",Lepomis gulosus,Lepomis gulosus
watercolumn fish,yes,common to scientific name,Osteichthyes,Osteichthyes
weed shiner,yes,common to scientific name,Notropis texanus,Notropis texanus
western blacknose dace,yes,common to scientific name,Rhinichthys obtusus,Rhinichthys obtusus
western sand darter,yes,common to scientific name,Ammocrypta clara,Ammocrypta clara
white bass,yes,common to scientific name,Morone chrysops,Morone chrysops
White catfish,yes,common to scientific name,Ameiurus catus,Ameiurus catus
White crappie,yes,"common to scientific name, capitalization",Pomoxis annularis,Pomoxis annularis
white crappie,yes,"common to scientific name, capitalization",Pomoxis annularis,Pomoxis annularis
White perch,yes,common to scientific name,Morone americana,Morone americana
White sucker,yes,"common to scientific name, capitalization",Catostomus commersonii,Catostomus commersonii
White Sucker,yes,"common to scientific name, capitalization",Catostomus commersonii,Catostomus commersonii
white sucker,yes,common to scientific name,Catostomus commersonii,Catostomus commersonii
Yellow bullhead,yes,"common to scientific name, capitalization",Ameiurus natalis,Ameiurus natalis
yellow bullhead,yes,"common to scientific name, capitalization",Ameiurus natalis,Ameiurus natalis
Yellow perch,yes,"common to scientific name, capitalization",Perca flavescens,Perca flavescens
Yellow Perch,yes,"common to scientific name, capitalization",Perca flavescens,Perca flavescens
Chrosomus erythrogaster,no,,Chrosomus erythrogaster,Chrosomus erythrogaster
Burbot/Eelpout,yes,common to scientific name,Lota lota,Lota lota
