orig_FinalID_IA,OTU_BCG_IA,modified_BCG,Notes,OTU_TaxaTolAnal
Acentrella,ACENTRELLA,FALSE,,ACENTRELLA
Acentrella parvula,ACENTRELLA PARVULA,FALSE,,ACENTRELLA PARVULA
Acentrella turbida,ACENTRELLA TURBIDA,FALSE,,ACENTRELLA TURBIDA
Acerpenna,ACERPENNA,FALSE,,ACERPENNA
Acerpenna macdunnoughi,ACERPENNA MACDUNNOUGHI,FALSE,,ACERPENNA MACDUNNOUGHI
Acerpenna pygmaea,ACERPENNA PYGMAEA,FALSE,,ACERPENNA PYGMAEA
Acilius,ACILIUS,FALSE,,ACILIUS
Acilius fraternus,ACILIUS FRATERNUS,FALSE,,ACILIUS FRATERNUS
Acilius mediatus,ACILIUS MEDIATUS,FALSE,,ACILIUS MEDIATUS
Acilius sylvanus,ACILIUS SYLVANUS,FALSE,,ACILIUS SYLVANUS
Acroneuria,ACRONEURIA,FALSE,,ACRONEURIA
Acroneuria abnormis,ACRONEURIA ABNORMIS,FALSE,,ACRONEURIA ABNORMIS
Acroneuria lycorias,ACRONEURIA LYCORIAS,FALSE,,ACRONEURIA LYCORIAS
Actinobdella inequiannulata,ACTINOBDELLA INEQUIANNULATA,FALSE,,ACTINOBDELLA INEQUIANNULATA
Aedes,AEDES,FALSE,,AEDES
Aeshna,AESHNA,FALSE,,AESHNA
Aeshna umbrosa,AESHNA UMBROSA,FALSE,,AESHNA UMBROSA
Aeshna/Anax,AESHNA/ANAX,FALSE,,AESHNA/ANAX
Aeshnidae,AESHNIDAE,FALSE,,AESHNIDAE
Agabinae,AGABINAE,FALSE,,AGABINAE
Agabini-Complex,AGABINI-COMPLEX,FALSE,,AGABINI
Agabus,AGABUS,FALSE,,AGABUS
Agabus ambiguus,AGABUS AMBIGUUS,FALSE,,AGABUS AMBIGUUS
Agabus disintegratus,AGABUS DISINTEGRATUS,FALSE,,AGABUS DISINTEGRATUS
Agabus/Ilybisoma/Platambus,AGABUS/ILYBISOMA/PLATAMBUS,FALSE,,AGABUS/ILYBISOMA/PLATAMBUS
Agabus/Ilybius,AGABUS/ILYBIUS,FALSE,,AGABUS/ILYBIUS
Agnetina,AGNETINA,FALSE,,AGNETINA
Agnetina capitata,AGNETINA CAPITATA,FALSE,,AGNETINA CAPITATA
Alasmidonta marginata,ALASMIDONTA MARGINATA,FALSE,,ALASMIDONTA MARGINATA
Allocapnia,ALLOCAPNIA,FALSE,,ALLOCAPNIA
Alluaudomyia,ALLUAUDOMYIA,FALSE,,ALLUAUDOMYIA
Amercaenis,AMERCAENIS,FALSE,,AMERCAENIS
Amercaenis ridens,AMERCAENIS RIDENS,FALSE,,AMERCAENIS RIDENS
Amnicola limosus,AMNICOLA LIMOSUS,FALSE,,AMNICOLA LIMOSA
Amphiagrion,AMPHIAGRION,FALSE,,AMPHIAGRION
Amphinemura,AMPHINEMURA,FALSE,,AMPHINEMURA
Amphinemura delosa,AMPHINEMURA DELOSA,FALSE,,AMPHINEMURA DELOSA
Amphinemura varshava,AMPHINEMURA VARSHAVA,FALSE,,AMPHINEMURA VARSHAVA
Amphipoda,AMPHIPODA,FALSE,,AMPHIPODA
Anabolia,ANABOLIA,FALSE,,ANABOLIA
Anacaena,ANACAENA,FALSE,,ANACAENA
Anacaena lutescens,ANACAENA LUTESCENS,FALSE,,ANACAENA LUTESCENS
Anax,ANAX,FALSE,,ANAX
Anax junius,ANAX JUNIUS,FALSE,,ANAX JUNIUS
Ancylidae,ANCYLIDAE,FALSE,,ANCYLIDAE
Ancyronyx,ANCYRONYX,FALSE,,ANCYRONYX
Ancyronyx variegatus,ANCYRONYX VARIEGATUS,FALSE,,ANCYRONYX VARIEGATUS
Annelida,ANNELIDA,FALSE,,ANNELIDA
Anodontinae,ANODONTINAE,FALSE,,ANODONTINAE
Anodontoides ferussacianus,ANODONTOIDES FERUSSACIANUS,FALSE,,ANODONTOIDES FERUSSACIANUS
Anopheles,ANOPHELES,FALSE,,ANOPHELES
Anthopotamus,ANTHOPOTAMUS,FALSE,,ANTHOPOTAMUS
Anthopotamus myops,ANTHOPOTAMUS MYOPS,FALSE,,ANTHOPOTAMUS MYOPS
Antocha,ANTOCHA,FALSE,,ANTOCHA
Apobaetis,APOBAETIS,FALSE,,APOBAETIS
Aquarius,AQUARIUS,FALSE,,AQUARIUS
Aquarius remigis,AQUARIUS REMIGIS,FALSE,,AQUARIUS REMIGIS
Archilestes,ARCHILESTES,FALSE,,ARCHILESTES
Archilestes grandis,ARCHILESTES GRANDIS,FALSE,,ARCHILESTES GRANDIS
Argia,ARGIA,FALSE,,ARGIA
Argia apicalis,ARGIA APICALIS,FALSE,,ARGIA APICALIS
Argia moesta,ARGIA MOESTA,FALSE,,ARGIA MOESTA
Arhynchobdellida,ARHYNCHOBDELLIDA,FALSE,,ARHYNCHOBDELLIDA
Arigomphus,ARIGOMPHUS,FALSE,,ARIGOMPHUS
Arigomphus cornutus,ARIGOMPHUS CORNUTUS,FALSE,,ARIGOMPHUS CORNUTUS
Asellidae,ASELLIDAE,FALSE,,ASELLIDAE
Atherix,ATHERIX,FALSE,,ATHERIX
Atherix variegatus,ATHERIX VARIEGATUS,FALSE,,ATHERIX VARIEGATUS
Atrichopogon,ATRICHOPOGON,FALSE,,ATRICHOPOGON
Attaneuria,ATTANEURIA,FALSE,,ATTANEURIA
Attaneuria ruralis,ATTANEURIA RURALIS,FALSE,,ATTANEURIA RURALIS
Baetidae,BAETIDAE,FALSE,,BAETIDAE
Baetis,BAETIS,FALSE,,BAETIS
Baetis brunneicolor,BAETIS BRUNNEICOLOR,FALSE,,BAETIS BRUNNEICOLOR
Baetis flavistriga,BAETIS FLAVISTRIGA,FALSE,,BAETIS FLAVISTRIGA
Baetis intercalaris,BAETIS INTERCALARIS,FALSE,,BAETIS INTERCALARIS
Baetis pluto,BAETIS PLUTO,FALSE,,BAETIS PLUTO
Baetis tricaudatus,BAETIS TRICAUDATUS,FALSE,ORWA uses 'Baetis tricaudatus complex',BAETIS TRICAUDATUS COMPLEX
Baetisca,BAETISCA,FALSE,,BAETISCA
Baetisca lacustris,BAETISCA LACUSTRIS,FALSE,,BAETISCA LACUSTRIS
Baetisca laurentina,BAETISCA LAURENTINA,FALSE,,BAETISCA LAURENTINA
Baetisca obesa,BAETISCA OBESA,FALSE,,BAETISCA OBESA
Baetiscidae,BAETISCIDAE,FALSE,,BAETISCIDAE
Basiaeschna janata,BASIAESCHNA JANATA,FALSE,,BASIAESCHNA JANATA
Belostoma,BELOSTOMA,FALSE,,BELOSTOMA
Belostoma flumineum,BELOSTOMA FLUMINEUM,FALSE,,BELOSTOMA FLUMINEUM
Belostomatidae,BELOSTOMATIDAE,FALSE,,BELOSTOMATIDAE
Berosus,BEROSUS,FALSE,,BEROSUS
Berosus aculeatus,BEROSUS ACULEATUS,FALSE,,BEROSUS ACULEATUS
Berosus fraternus,BEROSUS FRATERNUS,FALSE,,BEROSUS FRATERNUS
Berosus infuscatus,BEROSUS INFUSCATUS,FALSE,,BEROSUS INFUSCATUS
Berosus pantherinus,BEROSUS PANTHERINUS,FALSE,,BEROSUS PANTHERINUS
Berosus peregrinus,BEROSUS PEREGRINUS,FALSE,,BEROSUS PEREGRINUS
Berosus sayi,BEROSUS SAYI,FALSE,,BEROSUS SAYI
Bezzia,BEZZIA,FALSE,,BEZZIA
Bezzia/Palpomyia,BEZZIA/PALPOMYIA,FALSE,,BEZZIA/PALPOMYIA
Bittacomorpha,BITTACOMORPHA,FALSE,,BITTACOMORPHA
Bittacomorpha clavipes,BITTACOMORPHA CLAVIPES,FALSE,,BITTACOMORPHA CLAVIPES
Bivalvia,BIVALVIA,FALSE,,BIVALVIA
Boyeria,BOYERIA,FALSE,,BOYERIA
Boyeria vinosa,BOYERIA VINOSA,FALSE,,BOYERIA VINOSA
Brachycentridae,BRACHYCENTRIDAE,FALSE,,BRACHYCENTRIDAE
Brachycentrus,BRACHYCENTRUS,FALSE,,BRACHYCENTRUS
Brachycentrus americanus,BRACHYCENTRUS AMERICANUS,FALSE,,BRACHYCENTRUS AMERICANUS
Brachycentrus lateralis,BRACHYCENTRUS LATERALIS,FALSE,,BRACHYCENTRUS LATERALIS
Brachycentrus numerosus,BRACHYCENTRUS NUMEROSUS,FALSE,,BRACHYCENTRUS NUMEROSUS
Brachycentrus occidentalis,BRACHYCENTRUS OCCIDENTALIS,FALSE,,BRACHYCENTRUS OCCIDENTALIS
Brachycercus,BRACHYCERCUS,FALSE,,BRACHYCERCUS
Brachycercus flavus,BRACHYCERCUS FLAVUS,FALSE,,SPARBARUS FLAVUS
Branchiobdellida,BRANCHIOBDELLIDA,FALSE,,BRANCHIOBDELLIDA
Branchiura sowerbyi,BRANCHIURA SOWERBYI,FALSE,,BRANCHIURA SOWERBYI
Buenoa,BUENOA,FALSE,,BUENOA
Caecidotea,CAECIDOTEA,FALSE,,CAECIDOTEA
Caecidotea intermedia,CAECIDOTEA INTERMEDIA,FALSE,,CAECIDOTEA INTERMEDIA
Caecidotea kendeighi,CAECIDOTEA KENDEIGHI,FALSE,,CAECIDOTEA KENDEIGHI
Caenidae,CAENIDAE,FALSE,,CAENIDAE
Caenis,CAENIS,FALSE,,CAENIS
Caenis amica,CAENIS DIMUNTA GROUP,TRUE,"DIMUNTA GROUP per Sean Sullivan, ToddH (11/29)",CAENIS AMICA
Caenis anceps,CAENIS HILARIS GROUP,TRUE,"HILARIS GROUP per Sean Sullivan, ToddH (11/29)",CAENIS ANCEPS
Caenis diminuta,CAENIS DIMUNTA GROUP,TRUE,"DIMUNTA GROUP per Sean Sullivan, ToddH (11/29)",CAENIS DIMINUTA
CAENIS DIMUNTA GROUP,CAENIS DIMUNTA GROUP,FALSE,,
Caenis hilaris,CAENIS HILARIS GROUP,TRUE,"HILARIS GROUP per Sean Sullivan, ToddH (11/29)",CAENIS HILARIS
CAENIS HILARIS GROUP,CAENIS HILARIS GROUP,FALSE,,
Caenis latipennis,CAENIS DIMUNTA GROUP,TRUE,"DIMUNTA GROUP per Sean Sullivan, ToddH (11/29)",CAENIS LATIPENNIS
Caenis punctata,CAENIS DIMUNTA GROUP,TRUE,"DIMUNTA GROUP per Sean Sullivan, ToddH (11/29)",CAENIS PUNCTATA
Caenis tardata,CAENIS TARDATA,FALSE,,CAENIS TARDATA
Callibaetis,CALLIBAETIS,FALSE,,CALLIBAETIS
Callibaetis ferrugineus,CALLIBAETIS FERRUGINEUS,FALSE,,CALLIBAETIS FERRUGINEUS
Callibaetis floridanus,CALLIBAETIS FLORIDANUS,FALSE,,CALLIBAETIS FLORIDANUS
Callibaetis fluctuans,CALLIBAETIS FLUCTUANS,FALSE,,CALLIBAETIS FLUCTUANS
Callibaetis pictus,CALLIBAETIS PICTUS,FALSE,,CALLIBAETIS PICTUS
Caloparyphus,CALOPARYPHUS,FALSE,,CALOPARYPHUS
Calopterygidae,CALOPTERYGIDAE,FALSE,,CALOPTERYGIDAE
Calopteryx,CALOPTERYX,FALSE,,CALOPTERYX
Calopteryx maculata,CALOPTERYX MACULATA,FALSE,,CALOPTERYX MACULATA
Cambaridae,CAMBARIDAE,FALSE,,CAMBARIDAE
Cambarus diogenes,CAMBARUS DIOGENES,FALSE,,CAMBARUS DIOGENES
Camelobaetidius,CAMELOBAETIDIUS,FALSE,,CAMELOBAETIDIUS
Camelobaetidius waltzi,CAMELOBAETIDIUS WALTZI,FALSE,,CAMELOBAETIDIUS WALTZI
Camelobaetidius warreni,CAMELOBAETIDIUS WARRENI,FALSE,,CAMELOBAETIDIUS WARRENI
Campeloma,CAMPELOMA,FALSE,,CAMPELOMA
Capniidae,CAPNIIDAE,FALSE,,CAPNIIDAE
Carabidae,CARABIDAE,FALSE,,EXCLUDE
Celina,CELINA,FALSE,,CELINA
Centroptilum,CENTROPTILUM,FALSE,,ANAFROPTILUM/NEOCLOEON
Centroptilum album,CENTROPTILUM ALBUM,FALSE,,ANAFROPTILUM ALBUM
Centroptilum bifurcatum,CENTROPTILUM BIFURCATUM,FALSE,,ANAFROPTILUM BIFURCATUM
Centroptilum triangulifer,CENTROPTILUM TRIANGULIFER,FALSE,,NEOCLOEON TRIANGULIFER
Centroptilum victoriae,CENTROPTILUM VICTORIAE,FALSE,,ANAFROPTILUM VICTORIAE
Ceraclea,CERACLEA,FALSE,,CERACLEA
Ceraclea alces,CERACLEA ALCES,FALSE,,CERACLEA ALCES
Ceraclea ancylus,CERACLEA ANCYLUS,FALSE,,CERACLEA ANCYLUS
Ceraclea cancellata,CERACLEA CANCELLATA,FALSE,,CERACLEA CANCELLATA
Ceraclea enodis,CERACLEA ENODIS,FALSE,,CERACLEA ENODIS
Ceraclea flava,CERACLEA FLAVA,FALSE,,CERACLEA FLAVA
Ceraclea maculata,CERACLEA MACULATA,FALSE,,CERACLEA MACULATA
Ceraclea neffi,CERACLEA NEFFI,FALSE,,CERACLEA NEFFI
Ceraclea nepha,CERACLEA NEPHA,FALSE,,CERACLEA NEPHA
Ceraclea spongillovorax,CERACLEA SPONGILLOVORAX,FALSE,,CERACLEA SPONGILLOVORAX
Ceraclea tarsipunctata,CERACLEA TARSIPUNCTATA,FALSE,,CERACLEA TARSIPUNCTATA
Ceratopogon,CERATOPOGON,FALSE,,CERATOPOGON
Ceratopogonidae,CERATOPOGONIDAE,FALSE,,CERATOPOGONIDAE
Ceratopsyche,CERATOPSYCHE,FALSE,,CERATOPSYCHE
Ceratopsyche alhedra,CERATOPSYCHE ALHEDRA,FALSE,,CERATOPSYCHE ALHEDRA
Ceratopsyche alternans,CERATOPSYCHE ALTERNANS,FALSE,,CERATOPSYCHE ALTERNANS
Ceratopsyche bronta,CERATOPSYCHE BRONTA,FALSE,,CERATOPSYCHE BRONTA
Ceratopsyche morosa,CERATOPSYCHE MOROSA,FALSE,,CERATOPSYCHE MOROSA
Ceratopsyche slossonae,CERATOPSYCHE SLOSSONAE,FALSE,,CERATOPSYCHE SLOSSONAE
Ceratopsyche sparna,CERATOPSYCHE SPARNA,FALSE,,CERATOPSYCHE SPARNA
Cercobrachys,CERCOBRACHYS,FALSE,,CERCOBRACHYS
Cercobrachys fox,CERCOBRACHYS FOX,FALSE,,CERCOBRACHYS FOX
Cercobrachys serpentis,CERCOBRACHYS SERPENTIS,FALSE,,CERCOBRACHYS SERPENTIS
Chaoborus,CHAOBORUS,FALSE,,CHAOBORUS
Chaoborus punctipennis,CHAOBORUS PUNCTIPENNIS,FALSE,,CHAOBORUS PUNCTIPENNIS
Chauliodes,CHAULIODES,FALSE,,CHAULIODES
Chauliodes pectinicornis,CHAULIODES PECTINICORNIS,FALSE,,CHAULIODES PECTINICORNIS
Chauliodes rastricornis,CHAULIODES RASTRICORNIS,FALSE,,CHAULIODES RASTRICORNIS
Chelifera/Metachela,CHELIFERA/METACHELA,FALSE,,CHELIFERA/METACHELA
Cheumatopsyche,CHEUMATOPSYCHE,FALSE,,CHEUMATOPSYCHE
Chimarra,CHIMARRA,FALSE,,CHIMARRA
Chimarra aterrima,CHIMARRA ATERRIMA,FALSE,,CHIMARRA ATERRIMA
Chimarra obscura,CHIMARRA OBSCURA,FALSE,,CHIMARRA OBSCURA
Chironomidae,CHIRONOMIDAE,FALSE,,CHIRONOMIDAE
Chrysomelidae,CHRYSOMELIDAE,FALSE,,CHRYSOMELIDAE
Chrysops,CHRYSOPS,FALSE,,CHRYSOPS
Climacia,CLIMACIA,FALSE,,CLIMACIA
Clinocera,CLINOCERA,FALSE,,CLINOCERA
Clinohelea,CLINOHELEA,FALSE,,CLINOHELEA
Clioperla clio,CLIOPERLA CLIO,FALSE,,CLIOPERLA CLIO
Cloeon,CLOEON,FALSE,,CLOEON
Cnephia,CNEPHIA,FALSE,,CNEPHIA
Coenagrion,COENAGRION,FALSE,,COENAGRION
Coenagrion/Enallagma,COENAGRION/ENALLAGMA,FALSE,,COENAGRION/ENALLAGMA
Coenagrionidae,COENAGRIONIDAE,FALSE,,COENAGRIONIDAE
Coleoptera,COLEOPTERA,FALSE,,COLEOPTERA
Collembola,COLLEMBOLA,FALSE,,COLLEMBOLA
Colymbetes,COLYMBETES,FALSE,,COLYMBETES
Copelatus,COPELATUS,FALSE,,COPELATUS
COPELATUS CHEVROLATI,COPELATUS CHEVROLATI,FALSE,,
Copelatus chevrolati chevrolati,COPELATUS CHEVROLATI,TRUE,collapsed to species (vs using subspecies),COPELATUS CHEVROLATI
Copelatus glyphicus,COPELATUS GLYPHICUS,FALSE,,COPELATUS GLYPHICUS
Coptotomus,COPTOTOMUS,FALSE,,COPTOTOMUS
Coptotomus longulus,COPTOTOMUS LONGULUS,FALSE,,COPTOTOMUS LONGULUS
Coptotomus loticus,COPTOTOMUS LOTICUS,FALSE,,COPTOTOMUS LOTICUS
Corbicula,CORBICULA,FALSE,,CORBICULA
Corbicula fluminea,CORBICULA FLUMINEA,FALSE,,CORBICULA FLUMINEA
Cordulegaster obliqua,CORDULEGASTER OBLIQUA,FALSE,,CORDULEGASTER OBLIQUA
Corduliidae,CORDULIIDAE,FALSE,,CORDULIIDAE
Corisella,CORISELLA,FALSE,,CORISELLA
Corixidae,CORIXIDAE,FALSE,,CORIXIDAE
Corydalidae,CORYDALIDAE,FALSE,,CORYDALIDAE
Corydalus,CORYDALUS,FALSE,,CORYDALUS
Corydalus cornutus,CORYDALUS CORNUTUS,FALSE,,CORYDALUS CORNUTUS
Crambidae,CRAMBIDAE,FALSE,,CRAMBIDAE
Crambus,CRAMBUS,FALSE,,CRAMBUS
Crangonyx,CRANGONYX,FALSE,,CRANGONYX
Culex,CULEX,FALSE,,CULEX
Culicidae,CULICIDAE,FALSE,,CULICIDAE
Culiseta,CULISETA,FALSE,,CULISETA
Cura,CURA,FALSE,,CURA
Cura foremanii,CURA FOREMANII,FALSE,,CURA FOREMANII
Curculionidae,CURCULIONIDAE,FALSE,,CURCULIONIDAE
Cybister fimbriolatus,CYBISTER FIMBRIOLATUS,FALSE,,CYBISTER FIMBRIOLATUS
Cymbiodyta,CYMBIODYTA,FALSE,,CYMBIODYTA
Cymbiodyta blanchardi,CYMBIODYTA BLANCHARDI,FALSE,,CYMBIODYTA BLANCHARDI
Cymbiodyta chamberlaini,CYMBIODYTA CHAMBERLAINI,FALSE,,CYMBIODYTA CHAMBERLAINI
Cymbiodyta semistriata,CYMBIODYTA SEMISTRIATA,FALSE,,CYMBIODYTA SEMISTRIATA
Cymbiodyta toddi,CYMBIODYTA TODDI,FALSE,,CYMBIODYTA TODDI
Cymbiodyta vindicata,CYMBIODYTA VINDICATA,FALSE,,CYMBIODYTA VINDICATA
Cyphon,CYPHON,FALSE,,SCIRTIDAE
Cyrnellus fraternus,CYRNELLUS FRATERNUS,FALSE,,CYRNELLUS FRATERNUS
Decapoda,DECAPODA,FALSE,,DECAPODA
Desmopachria convexa,DESMOPACHRIA CONVEXA,FALSE,,DESMOPACHRIA CONVEXA
Dicranota,DICRANOTA,FALSE,,DICRANOTA
Dicranota iowa,DICRANOTA IOWA,FALSE,,DICRANOTA IOWA
Didymops,DIDYMOPS,FALSE,,DIDYMOPS
Didymops transversa,DIDYMOPS TRANSVERSA,FALSE,,DIDYMOPS TRANSVERSA
Dineutus,DINEUTUS,FALSE,,DINEUTUS
Dineutus assimilis,DINEUTUS ASSIMILIS,FALSE,,DINEUTUS ASSIMILIS
Dineutus discolor,DINEUTUS DISCOLOR,FALSE,,DINEUTUS DISCOLOR
Dineutus nigrior,DINEUTUS NIGRIOR,FALSE,,DINEUTUS NIGRIOR
Diphetor hageni,DIPHETOR HAGENI,FALSE,,DIPHETOR HAGENI
Diplectrona modesta,DIPLECTRONA MODESTA,FALSE,,DIPLECTRONA MODESTA
Diptera,DIPTERA,FALSE,,DIPTERA
Dixa,DIXA,FALSE,,DIXA
Dixella,DIXELLA,FALSE,,DIXELLA
Dixidae,DIXIDAE,FALSE,,DIXIDAE
Dolichopodidae,DOLICHOPODIDAE,FALSE,,DOLICHOPODIDAE
Dromogomphus,DROMOGOMPHUS,FALSE,,DROMOGOMPHUS
Dromogomphus spinosus,DROMOGOMPHUS SPINOSUS,FALSE,,DROMOGOMPHUS SPINOSUS
Dryopidae,DRYOPIDAE,FALSE,,DRYOPIDAE
Dubiraphia,DUBIRAPHIA,FALSE,,DUBIRAPHIA
Dubiraphia bivittata,DUBIRAPHIA BIVITTATA,FALSE,,DUBIRAPHIA BIVITTATA
Dubiraphia minima,DUBIRAPHIA MINIMA,FALSE,,DUBIRAPHIA MINIMA
Dubiraphia quadrinotata,DUBIRAPHIA QUADRINOTATA,FALSE,,DUBIRAPHIA QUADRINOTATA
Dubiraphia vittata,DUBIRAPHIA VITTATA,FALSE,,DUBIRAPHIA VITTATA
Dugesiidae,DUGESIIDAE,FALSE,,DUGESIIDAE
Dytiscidae,DYTISCIDAE,FALSE,,DYTISCIDAE
Dytiscus,DYTISCUS,FALSE,,DYTISCUS
Dytiscus hybridus,DYTISCUS HYBRIDUS,FALSE,,DYTISCUS HYBRIDUS
Dytiscus verticalis,DYTISCUS VERTICALIS,FALSE,,DYTISCUS VERTICALIS
Ectemnia,ECTEMNIA,FALSE,,ECTEMNIA
Ectopria,ECTOPRIA,FALSE,,ECTOPRIA
Eiseniella,EISENIELLA,FALSE,,EISENIELLA
Eiseniella tetredra,EISENIELLA TETREDRA,FALSE,,EISENIELLA TETREDRA
Elimia,ELIMIA,FALSE,,ELIMIA
Elmidae,ELMIDAE,FALSE,,ELMIDAE
Elophila,ELOPHILA,FALSE,,ELOPHILA
Empididae,EMPIDIDAE,FALSE,,EMPIDIDAE
Enallagma,ENALLAGMA,FALSE,,ENALLAGMA
Enochrus,ENOCHRUS,FALSE,,ENOCHRUS
Enochrus cinctus,ENOCHRUS CINCTUS,FALSE,,ENOCHRUS CINCTUS
Enochrus collinus,ENOCHRUS COLLINUS,FALSE,,ENOCHRUS COLLINUS
Enochrus consortus,ENOCHRUS CONSORTUS,FALSE,,ENOCHRUS CONSORTUS
Enochrus diffusus/hamiltoni,ENOCHRUS DIFFUSUS/HAMILTONI,FALSE,,ENOCHRUS DIFFUSUS/HAMILTONI
Enochrus hamiltoni,ENOCHRUS HAMILTONI,FALSE,,ENOCHRUS HAMILTONI
Enochrus ochraceus,ENOCHRUS OCHRACEUS,FALSE,,ENOCHRUS OCHRACEUS
Enochrus pygmaeus,ENOCHRUS PYGMAEUS,FALSE,,ENOCHRUS PYGMAEUS
Enochrus sayi,ENOCHRUS SAYI,FALSE,,ENOCHRUS SAYI
Ephemerella,EPHEMERELLA,FALSE,,EPHEMERELLA
Ephemerella excrucians,EPHEMERELLA EXCRUCIANS,FALSE,,EPHEMERELLA EXCRUCIANS
Ephemerella invaria,EPHEMERELLA INVARIA,FALSE,,EPHEMERELLA INVARIA
Ephemerella needhami,EPHEMERELLA NEEDHAMI,FALSE,,EPHEMERELLA NEEDHAMI
Ephemerella subvaria,EPHEMERELLA SUBVARIA,FALSE,,EPHEMERELLA SUBVARIA
Ephemerellidae,EPHEMERELLIDAE,FALSE,,EPHEMERELLIDAE
Ephemeridae,EPHEMERIDAE,FALSE,,EPHEMERIDAE
Ephemeroptera,EPHEMEROPTERA,FALSE,,EPHEMEROPTERA
Ephoron,EPHORON,FALSE,,EPHORON
Ephoron album,EPHORON ALBUM,FALSE,,EPHORON ALBUM
Ephydra,EPHYDRA,FALSE,,EPHYDRA
Ephydridae,EPHYDRIDAE,FALSE,,EPHYDRIDAE
Epitheca,EPITHECA,FALSE,,EPITHECA
Epitheca princeps,EPITHECA PRINCEPS,FALSE,,EPITHECA PRINCEPS
Erioptera,ERIOPTERA,FALSE,,ERIOPTERA
Erpobdella,ERPOBDELLA,FALSE,,ERPOBDELLA
Erpobdella bucera,ERPOBDELLA BUCERA,FALSE,,ERPOBDELLA BUCERA
Erpobdella dubia,ERPOBDELLA DUBIA,FALSE,,ERPOBDELLA DUBIA
Erpobdella fervida,ERPOBDELLA FERVIDA,FALSE,,ERPOBDELLA FERVIDA
Erpobdella melanostoma,ERPOBDELLA MELANOSTOMA,FALSE,,ERPOBDELLA MELANOSTOMA
Erpobdella microstoma,ERPOBDELLA MICROSTOMA,FALSE,,ERPOBDELLA MICROSTOMA
Erpobdella obscura,ERPOBDELLA OBSCURA,FALSE,,ERPOBDELLA OBSCURA
Erpobdella parva,ERPOBDELLA PARVA,FALSE,,ERPOBDELLA PARVA
Erpobdella punctata,ERPOBDELLA PUNCTATA,FALSE,,ERPOBDELLA PUNCTATA
Erpobdella tetragon,ERPOBDELLA TETRAGON,FALSE,,ERPOBDELLA TETRAGON
Erpobdellidae,ERPOBDELLIDAE,FALSE,,ERPOBDELLIDAE
Erythemis,ERYTHEMIS,FALSE,,ERYTHEMIS
Erythemis simplicicollis,ERYTHEMIS SIMPLICICOLLIS,FALSE,,ERYTHEMIS SIMPLICICOLLIS
Euparyphus,EUPARYPHUS,FALSE,,EUPARYPHUS
Eurylophella,EURYLOPHELLA,FALSE,,EURYLOPHELLA
Fallceon,FALLCEON,FALSE,,FALLCEON
Fallceon quilleri,FALLCEON QUILLERI,FALSE,,FALLCEON QUILLERI
Ferrissia,FERRISSIA,FALSE,,FERRISSIA
Fontigens,FONTIGENS,FALSE,,FONTIGENS
Forcipomyia,FORCIPOMYIA,FALSE,,FORCIPOMYIA
Fossaria,FOSSARIA,FALSE,,LYMNAEA
Frenesia,FRENESIA,FALSE,,FRENESIA
Frenesia missa,FRENESIA MISSA,FALSE,,FRENESIA MISSA
Gammaridae,GAMMARIDAE,FALSE,,GAMMARIDAE
Gammarus,GAMMARUS,FALSE,,GAMMARUS
Gammarus pseudolimnaeus,GAMMARUS PSEUDOLIMNAEUS,FALSE,,GAMMARUS PSEUDOLIMNAEUS
Gastropoda,GASTROPODA,FALSE,,GASTROPODA
Gerridae,GERRIDAE,FALSE,,GERRIDAE
Gerris,GERRIS,FALSE,,GERRIS
Gerris buenoi,GERRIS BUENOI,FALSE,,GERRIS BUENOI
Gerris marginatus,GERRIS MARGINATUS,FALSE,,GERRIS MARGINATUS
Girardia,GIRARDIA,FALSE,,GIRARDIA
Girardia tigrina,GIRARDIA TIGRINA,FALSE,,GIRARDIA TIGRINA
Glossiphonia,GLOSSIPHONIA,FALSE,,GLOSSIPHONIA
Glossiphonia complanata,GLOSSIPHONIA COMPLANATA,FALSE,,GLOSSIPHONIA COMPLANATA
Glossiphoniidae,GLOSSIPHONIIDAE,FALSE,,GLOSSIPHONIIDAE
Glossosoma,GLOSSOSOMA,FALSE,,GLOSSOSOMA
Glossosoma intermedia,GLOSSOSOMA INTERMEDIA,FALSE,,GLOSSOSOMA INTERMEDIA
Glossosomatidae,GLOSSOSOMATIDAE,FALSE,,GLOSSOSOMATIDAE
Gomphidae,GOMPHIDAE,FALSE,,GOMPHIDAE
Gomphus,GOMPHUS,FALSE,,GOMPHIDAE
Gomphus exilis,GOMPHUS EXILIS,FALSE,,PHANOGOMPHUS EXILIS
Gomphus externus,GOMPHUS EXTERNUS,FALSE,,GOMPHURUS EXTERNUS
Gomphus fraternus,GOMPHUS FRATERNUS,FALSE,,GOMPHURUS FRATERNUS
Gomphus graslinellus,GOMPHUS GRASLINELLUS,FALSE,,PHANOGOMPHUS GRASLINELLUS
Gomphus militaris,GOMPHUS MILITARIS,FALSE,,PHANOGOMPHUS MILITARIS
Gomphus vastus,GOMPHUS VASTUS,FALSE,,GOMPHURUS VASTUS
Gonomyia,GONOMYIA,FALSE,,GONOMYIA
Gordiidae,GORDIIDAE,FALSE,,GORDIIDAE
Gordioidea,GORDIOIDEA,FALSE,,GORDIOIDEA
Gordius,GORDIUS,FALSE,,GORDIUS
Graphoderus perplexus,GRAPHODERUS PERPLEXUS,FALSE,,GRAPHODERUS PERPLEXUS
Gyraulus,GYRAULUS,FALSE,,GYRAULUS
Gyraulus parvus,GYRAULUS PARVUS,FALSE,,GYRAULUS PARVUS
Gyrinidae,GYRINIDAE,FALSE,,GYRINIDAE
Gyrinus,GYRINUS,FALSE,,GYRINUS
Gyrinus aeneolus,GYRINUS AENEOLUS,FALSE,,GYRINUS AENEOLUS
Gyrinus analis,GYRINUS ANALIS,FALSE,,GYRINUS ANALIS
Gyrinus bifarius,GYRINUS BIFARIUS,FALSE,,GYRINUS BIFARIUS
Gyrinus latilimbus,GYRINUS LATILIMBUS,FALSE,,GYRINUS LATILIMBUS
Gyrinus lecontei,GYRINUS LECONTEI,FALSE,,GYRINUS LECONTEI
Gyrinus maculiventris,GYRINUS MACULIVENTRIS,FALSE,,GYRINUS MACULIVENTRIS
Gyrinus marginellus,GYRINUS MARGINELLUS,FALSE,,GYRINUS MARGINELLUS
Gyrinus ventralis,GYRINUS VENTRALIS,FALSE,,GYRINUS VENTRALIS
Haemopis grandis,HAEMOPIS GRANDIS,FALSE,,HAEMOPIS GRANDIS
Haemopis marmorata,HAEMOPIS MARMORATA,FALSE,,HAEMOPIS MARMORATA
Haliplidae,HALIPLIDAE,FALSE,,HALIPLIDAE
Haliplus,HALIPLUS,FALSE,,HALIPLUS
Haliplus borealis,HALIPLUS BOREALIS,FALSE,,HALIPLUS BOREALIS
Haliplus connexus,HALIPLUS CONNEXUS,FALSE,,HALIPLUS CONNEXUS
Haliplus fasciatus,HALIPLUS FASCIATUS,FALSE,,HALIPLUS FASCIATUS
Haliplus immaculicollis,HALIPLUS IMMACULICOLLIS,FALSE,,HALIPLUS IMMACULICOLLIS
Haliplus pantherinus,HALIPLUS PANTHERINUS,FALSE,,HALIPLUS PANTHERINUS
Haliplus triopsis,HALIPLUS TRIOPSIS,FALSE,,HALIPLUS TRIOPSIS
Haplotaxida,HAPLOTAXIDA,FALSE,,HAPLOTAXIDA
Hebridae,HEBRIDAE,FALSE,,HEBRIDAE
Helichus,HELICHUS,FALSE,,HELICHUS
Helichus basalis,HELICHUS BASALIS,FALSE,,HELICHUS BASALIS
Helichus fastigiatus,HELICHUS FASTIGIATUS,FALSE,,HELICHUS FASTIGIATUS
Helichus lithophilus,HELICHUS LITHOPHILUS,FALSE,,HELICHUS LITHOPHILUS
Helichus striatus,HELICHUS STRIATUS,FALSE,,HELICHUS STRIATUS
Helicopsyche,HELICOPSYCHE,FALSE,,HELICOPSYCHE
Helicopsyche borealis,HELICOPSYCHE BOREALIS,FALSE,,HELICOPSYCHE BOREALIS
Helicopsychidae,HELICOPSYCHIDAE,FALSE,,HELICOPSYCHIDAE
Helisoma,HELISOMA,FALSE,,HELISOMA
Helisoma anceps,HELISOMA ANCEPS,FALSE,,HELISOMA ANCEPS
Helius,HELIUS,FALSE,,HELIUS
Helobdella,HELOBDELLA,FALSE,,HELOBDELLA
Helobdella fusca,HELOBDELLA FUSCA,FALSE,,HELOBDELLA FUSCA
Helobdella papillata,HELOBDELLA PAPILLATA,FALSE,,HELOBDELLA PAPILLATA
Helobdella stagnalis,HELOBDELLA STAGNALIS,FALSE,,HELOBDELLA STAGNALIS
Helobdella triserialis,HELOBDELLA TRISERIALIS,FALSE,,HELOBDELLA PAPILLATA
Helochares,HELOCHARES,FALSE,,HELOCHARES
Helochares maculicollis,HELOCHARES MACULICOLLIS,FALSE,,HELOCHARES MACULICOLLIS
Helophorus,HELOPHORUS,FALSE,,HELOPHORUS
Helophorus lacustris,HELOPHORUS LACUSTRIS,FALSE,,HELOPHORUS LACUSTRIS
Helophorus lineatus,HELOPHORUS LINEATUS,FALSE,,HELOPHORUS LINEATUS
Helophorus marginicollis,HELOPHORUS MARGINICOLLIS,FALSE,,HELOPHORUS MARGINICOLLIS
Helophorus orientalis,HELOPHORUS ORIENTALIS,FALSE,,HELOPHORUS ORIENTALIS
Hemerodromia,HEMERODROMIA,FALSE,,HEMERODROMIA
Hemiptera,HEMIPTERA,FALSE,,HEMIPTERA
Heptagenia,HEPTAGENIA,FALSE,,HEPTAGENIA
Heptagenia elegantula,HEPTAGENIA ELEGANTULA,FALSE,,HEPTAGENIA ELEGANTULA
Heptagenia flavescens,HEPTAGENIA FLAVESCENS,FALSE,,HEPTAGENIA FLAVESCENS
Heptagenia pulla,HEPTAGENIA PULLA,FALSE,,HEPTAGENIA PULLA
Heptageniidae,HEPTAGENIIDAE,FALSE,,HEPTAGENIIDAE
Hesperagrion,HESPERAGRION,FALSE,,HESPERAGRION
Hesperocorixa,HESPEROCORIXA,FALSE,,HESPEROCORIXA
Hesperocorixa obliqua,HESPEROCORIXA OBLIQUA,FALSE,,HESPEROCORIXA OBLIQUA
Hesperocorixa vulgaris,HESPEROCORIXA VULGARIS,FALSE,,HESPEROCORIXA VULGARIS
Hesperophylax,HESPEROPHYLAX,FALSE,,HESPEROPHYLAX
Hesperophylax designatus,HESPEROPHYLAX DESIGNATUS,FALSE,,HESPEROPHYLAX DESIGNATUS
Hetaerina,HETAERINA,FALSE,,HETAERINA
Hetaerina americana,HETAERINA AMERICANA,FALSE,,HETAERINA AMERICANA
Heteroceridae,HETEROCERIDAE,FALSE,,HETEROCERIDAE
Heterocloeon amplum,HETEROCLOEON AMPLUM,FALSE,,HETEROCLOEON AMPLUM
Heterosternuta,HETEROSTERNUTA,FALSE,,HETEROSTERNUTA
Heterosternuta diversicornis,HETEROSTERNUTA DIVERSICORNIS,FALSE,,HETEROSTERNUTA DIVERSICORNIS
Heterosternuta oppositus/wickhami,HETEROSTERNUTA OPPOSITUS/WICKHAMI,FALSE,,HETEROSTERNUTA OPPOSITUS/WICKHAMI
Heterosternuta pulchra,HETEROSTERNUTA PULCHRA,FALSE,,HETEROSTERNUTA PULCHRA
Heterosternuta wickhami,HETEROSTERNUTA WICKHAMI,FALSE,,HETEROSTERNUTA WICKHAMI
Hexagenia,HEXAGENIA,FALSE,,HEXAGENIA
Hexagenia atrocaudata,HEXAGENIA ATROCAUDATA,FALSE,,HEXAGENIA ATROCAUDATA
Hexagenia bilineata,HEXAGENIA BILINEATA,FALSE,,HEXAGENIA BILINEATA
Hexagenia limbata,HEXAGENIA LIMBATA,FALSE,,HEXAGENIA LIMBATA
Hexatoma,HEXATOMA,FALSE,,HEXATOMA
Hirudinea,HIRUDINEA,FALSE,,HIRUDINEA
Homoeoneuria,HOMOEONEURIA,FALSE,,HOMOEONEURIA
Homoeoneuria alleni,HOMOEONEURIA ALLENI,FALSE,,HOMOEONEURIA ALLENI
Homoeoneuria ammophila,HOMOEONEURIA AMMOPHILA,FALSE,,HOMOEONEURIA AMMOPHILA
Hyalella,HYALELLA,FALSE,,HYALELLA
Hyalella azteca,HYALELLA AZTECA,FALSE,,HYALELLA AZTECA
Hybomitra,HYBOMITRA,FALSE,,HYBOMITRA
Hydaticus,HYDATICUS,FALSE,,HYDATICUS
Hydaticus aruspex,HYDATICUS ARUSPEX,FALSE,,HYDATICUS ARUSPEX
Hydatophylax argus,HYDATOPHYLAX ARGUS,FALSE,,HYDATOPHYLAX ARGUS
Hydra,HYDRA,FALSE,,HYDRA
Hydra americana,HYDRA AMERICANA,FALSE,,HYDRA AMERICANA
Hydrachnidae,HYDRACHNIDAE,FALSE,,HYDRACHNIDAE
Hydrellia,HYDRELLIA,FALSE,,HYDRELLIA
Hydridae,HYDRIDAE,FALSE,,HYDRIDAE
Hydrobiidae,HYDROBIIDAE,FALSE,,HYDROBIIDAE
Hydrobius,HYDROBIUS,FALSE,,HYDROBIUS
Hydrobius fuscipes,HYDROBIUS FUSCIPES,FALSE,,HYDROBIUS FUSCIPES
Hydrobius melaenus,HYDROBIUS MELAENUS,FALSE,,HYDROBIUS MELAENUS
Hydrocanthus iricolor,HYDROCANTHUS IRICOLOR,FALSE,,HYDROCANTHUS IRICOLOR
Hydrochara obtusata,HYDROCHARA OBTUSATA,FALSE,,HYDROCHARA OBTUSATA
Hydrochara simula,HYDROCHARA SIMULA,FALSE,,HYDROCHARA SIMULA
Hydrochara soror,HYDROCHARA SOROR,FALSE,,HYDROCHARA SOROR
Hydrochara spangleri,HYDROCHARA SPANGLERI,FALSE,,HYDROCHARA SPANGLERI
Hydrochidae,HYDROCHIDAE,FALSE,,HYDROCHIDAE
Hydrochus,HYDROCHUS,FALSE,,HYDROCHUS
Hydrochus neosquamifer,HYDROCHUS NEOSQUAMIFER,FALSE,,HYDROCHUS NEOSQUAMIFER
Hydrochus pseudosquamifer,HYDROCHUS PSEUDOSQUAMIFER,FALSE,,HYDROCHUS PSEUDOSQUAMIFER
Hydrochus scabratus,HYDROCHUS SCABRATUS,FALSE,,HYDROCHUS SCABRATUS
Hydrochus squamifer,HYDROCHUS SQUAMIFER,FALSE,,HYDROCHUS SQUAMIFER
Hydrochus subcupreus,HYDROCHUS SUBCUPREUS,FALSE,,HYDROCHUS SUBCUPREUS
Hydrometra martini,HYDROMETRA MARTINI,FALSE,,HYDROMETRA MARTINI
Hydrophilidae,HYDROPHILIDAE,FALSE,,HYDROPHILIDAE
Hydrophilus,HYDROPHILUS,FALSE,,HYDROPHILUS
Hydrophilus triangularis,HYDROPHILUS TRIANGULARIS,FALSE,,HYDROPHILUS TRIANGULARIS
Hydroporus,HYDROPORUS,FALSE,,HYDROPORUS
Hydroporus dichrous,HYDROPORUS DICHROUS,FALSE,,HYDROPORUS DICHROUS
Hydroporus niger,HYDROPORUS NIGER,FALSE,,HYDROPORUS NIGER
Hydroporus notabilis,HYDROPORUS NOTABILIS,FALSE,,HYDROPORUS NOTABILIS
Hydropsyche,HYDROPSYCHE,FALSE,,HYDROPSYCHE
Hydropsyche aerata,HYDROPSYCHE AERATA,FALSE,,HYDROPSYCHE AERATA
Hydropsyche arinale,HYDROPSYCHE ARINALE,FALSE,,HYDROPSYCHE ARINALE
Hydropsyche betteni,HYDROPSYCHE BETTENI,FALSE,,HYDROPSYCHE BETTENI
Hydropsyche bidens,HYDROPSYCHE BIDENS,FALSE,,HYDROPSYCHE BIDENS
Hydropsyche dicantha,HYDROPSYCHE DICANTHA,FALSE,,HYDROPSYCHE DICANTHA
Hydropsyche orris,HYDROPSYCHE ORRIS,FALSE,,HYDROPSYCHE ORRIS
Hydropsyche phalerata,HYDROPSYCHE PHALERATA,FALSE,,HYDROPSYCHE PHALERATA
Hydropsyche placoda,HYDROPSYCHE PLACODA,FALSE,,HYDROPSYCHE PLACODA
Hydropsyche scalaris,HYDROPSYCHE SCALARIS,FALSE,,HYDROPSYCHE SCALARIS
Hydropsyche simulans,HYDROPSYCHE SIMULANS,FALSE,,HYDROPSYCHE SIMULANS
Hydropsychidae,HYDROPSYCHIDAE,FALSE,,HYDROPSYCHIDAE
Hydroptila,HYDROPTILA,FALSE,,HYDROPTILA
Hydroptilidae,HYDROPTILIDAE,FALSE,,HYDROPTILIDAE
Hydrovatus pustulatus,HYDROVATUS PUSTULATUS,FALSE,,HYDROVATUS PUSTULATUS
Hydrozoa,HYDROZOA,FALSE,,HYDROZOA
Hygrotus,HYGROTUS,FALSE,,HYGROTUS
Hygrotus dissimilis,HYGROTUS DISSIMILIS,FALSE,,HYGROTUS DISSIMILIS
Hygrotus laccophilinus,HYGROTUS LACCOPHILINUS,FALSE,,HYGROTUS LACCOPHILINUS
Hygrotus nubilus,HYGROTUS NUBILUS,FALSE,,HYGROTUS NUBILUS
Hygrotus sayi,HYGROTUS SAYI,FALSE,,HYGROTUS SAYI
Ilybiosoma seriatum,ILYBIOSOMA SERIATUM,FALSE,,ILYBIOSOMA SERIATUM
Ilybius,ILYBIUS,FALSE,,ILYBIUS
Ilybius biguttulus,ILYBIUS BIGUTTULUS,FALSE,,ILYBIUS BIGUTTULUS
Ilybius biguttulus/incarinatus,ILYBIUS BIGUTTULUS/INCARINATUS,FALSE,,ILYBIUS BIGUTTULUS/INCARINATUS
Ilybius fraterculus,ILYBIUS FRATERCULUS,FALSE,,ILYBIUS FRATERCULUS
Ironoquia,IRONOQUIA,FALSE,,IRONOQUIA
Ischnura,ISCHNURA,FALSE,,ISCHNURA
Ischnura posita,ISCHNURA POSITA,FALSE,,ISCHNURA POSITA
Ischnura verticalis,ISCHNURA VERTICALIS,FALSE,,ISCHNURA VERTICALIS
Isonychia,ISONYCHIA,FALSE,,ISONYCHIA
Isonychia rufa,ISONYCHIA RUFA,FALSE,,ISONYCHIA RUFA
Isonychiidae,ISONYCHIIDAE,FALSE,,ISONYCHIIDAE
Isoperla,ISOPERLA,FALSE,,ISOPERLA
Isoperla bilineata,ISOPERLA BILINEATA,FALSE,,ISOPERLA BILINEATA
Isoperla dicala,ISOPERLA DICALA,FALSE,,ISOPERLA DICALA
Isoperla marlynia,ISOPERLA MARLYNIA,FALSE,,ISOPERLA MARLYNIA
Isoperla signata,ISOPERLA SIGNATA,FALSE,,ISOPERLA SIGNATA
Isoperla slossonae,ISOPERLA SLOSSONAE,FALSE,,ISOPERLA SLOSSONAE
Isopoda,ISOPODA,FALSE,,ISOPODA
Iswaeon anoka,ISWAEON ANOKA,FALSE,,ISWAEON ANOKA
Labiobaetis,LABIOBAETIS,FALSE,,LABIOBAETIS
Labiobaetis dardanus,LABIOBAETIS DARDANUS,FALSE,,LABIOBAETIS DARDANUS
Labiobaetis ephippiatus,LABIOBAETIS EPHIPPIATUS,FALSE,,LABIOBAETIS EPHIPPIATUS
Labiobaetis frondalis,LABIOBAETIS FRONDALIS,FALSE,,LABIOBAETIS FRONDALIS
Labiobaetis longipalpus,LABIOBAETIS LONGIPALPUS,FALSE,,LABIOBAETIS LONGIPALPUS
Labiobaetis propinquus,LABIOBAETIS PROPINQUUS,FALSE,,LABIOBAETIS PROPINQUUS
Laccobius,LACCOBIUS,FALSE,,LACCOBIUS
Laccobius agilis,LACCOBIUS AGILIS,FALSE,,LACCOBIUS AGILIS
Laccobius minutoides,LACCOBIUS MINUTOIDES,FALSE,,LACCOBIUS MINUTOIDES
Laccobius reflexipenis,LACCOBIUS REFLEXIPENIS,FALSE,,LACCOBIUS REFLEXIPENIS
Laccobius spangleri,LACCOBIUS SPANGLERI,FALSE,,LACCOBIUS SPANGLERI
Laccobius truncatipennis,LACCOBIUS TRUNCATIPENNIS,FALSE,,LACCOBIUS TRUNCATIPENNIS
Laccophilus,LACCOPHILUS,FALSE,,LACCOPHILUS
Laccophilus fasciatus,LACCOPHILUS FASCIATUS,FALSE,,LACCOPHILUS FASCIATUS
Laccophilus maculosus,LACCOPHILUS MACULOSUS,FALSE,,LACCOPHILUS MACULOSUS
Laccophilus proximus,LACCOPHILUS PROXIMUS,FALSE,,LACCOPHILUS PROXIMUS
Lampsilis cardium,LAMPSILIS CARDIUM,FALSE,,LAMPSILIS CARDIUM
Lampsilis siliquoidea,LAMPSILIS SILIQUOIDEA,FALSE,,LAMPSILIS SILIQUOIDEA
Lampyridae,LAMPYRIDAE,FALSE,,EXCLUDE
Lasmigona complanata,LASMIGONA COMPLANATA,FALSE,,LASMIGONA COMPLANATA
Lepidoptera,LEPIDOPTERA,FALSE,,LEPIDOPTERA
Lepidostoma,LEPIDOSTOMA,FALSE,,LEPIDOSTOMA
Lepidostoma libum,LEPIDOSTOMA LIBUM,FALSE,,LEPIDOSTOMA LIBUM
Leptoceridae,LEPTOCERIDAE,FALSE,,LEPTOCERIDAE
Leptocerus,LEPTOCERUS,FALSE,,LEPTOCERUS
Leptodea fragilis,LEPTODEA FRAGILIS,FALSE,,LEPTODEA FRAGILIS
Leptophlebia,LEPTOPHLEBIA,FALSE,,LEPTOPHLEBIA
Leptophlebia cupida,LEPTOPHLEBIA CUPIDA,FALSE,,LEPTOPHLEBIA CUPIDA
Leptophlebia intermedia,LEPTOPHLEBIA INTERMEDIA,FALSE,,LEPTOPHLEBIA INTERMEDIA
Leptophlebiidae,LEPTOPHLEBIIDAE,FALSE,,LEPTOPHLEBIIDAE
Lestes,LESTES,FALSE,,LESTES
Lestes disjunctus/rectangularis,LESTES DISJUNCTUS/RECTANGULARIS,FALSE,,LESTES DISJUNCTUS/RECTANGULARIS
Lestidae,LESTIDAE,FALSE,,LESTIDAE
Lethocerus,LETHOCERUS,FALSE,,LETHOCERUS
Lethocerus americanus,LETHOCERUS AMERICANUS,FALSE,,LETHOCERUS AMERICANUS
Leucorrhinia,LEUCORRHINIA,FALSE,,LEUCORRHINIA
Leucrocuta,LEUCROCUTA,FALSE,"at some point may want to consider collapsing to subfamily Ecydonurinae = Nixe, Leucrocuta, Afghanurus, and Ecdyonurus",LEUCROCUTA
Leucrocuta hebe,LEUCROCUTA HEBE,FALSE,,LEUCROCUTA HEBE
Leucrocuta maculipennis,LEUCROCUTA MACULIPENNIS,FALSE,,LEUCROCUTA MACULIPENNIS
Libellula,LIBELLULA,FALSE,,LIBELLULA
Libellula luctuosa,LIBELLULA LUCTUOSA,FALSE,,LIBELLULA LUCTUOSA
Libellula pulchella,LIBELLULA PULCHELLA,FALSE,,LIBELLULA PULCHELLA
Libellulidae,LIBELLULIDAE,FALSE,,LIBELLULIDAE
Ligumia recta,LIGUMIA RECTA,FALSE,,LIGUMIA RECTA
Limnephilidae,LIMNEPHILIDAE,FALSE,,LIMNEPHILIDAE
Limnephilus,LIMNEPHILUS,FALSE,,LIMNEPHILUS
Limnophila,LIMNOPHILA,FALSE,,LIMNOPHILA
Limnophora,LIMNOPHORA,FALSE,,LIMNOPHORA
Limnoporus,LIMNOPORUS,FALSE,,LIMNOPORUS
Limnoporus dissortis,LIMNOPORUS DISSORTIS,FALSE,,LIMNOPORUS DISSORTIS
Limonia,LIMONIA,FALSE,,LIMONIA
Liodessus,LIODESSUS,FALSE,,LIODESSUS
Liodessus affinis,LIODESSUS AFFINIS,FALSE,,LIODESSUS AFFINIS
Liodessus affinis/obsurellus,LIODESSUS AFFINIS/OBSURELLUS,FALSE,,LIODESSUS AFFINIS/OBSURELLUS
Liodessus flavicollis,LIODESSUS FLAVICOLLIS,FALSE,,LIODESSUS FLAVICOLLIS
Lioporeus triangularis,LIOPOREUS TRIANGULARIS,FALSE,,LIOPOREUS TRIANGULARIS
Listronotus,LISTRONOTUS,FALSE,,LISTRONOTUS
Lixus,LIXUS,FALSE,,LIXUS
Lumbricidae,LUMBRICIDAE,FALSE,,LUMBRICIDAE
Lymnaeidae,LYMNAEIDAE,FALSE,,LYMNAEIDAE
Maccaffertium,MACCAFFERTIUM,FALSE,,MACCAFFERTIUM
Maccaffertium exiguum,MACCAFFERTIUM EXIGUUM,FALSE,,MACCAFFERTIUM EXIGUUM
Maccaffertium mediopunctatum,MACCAFFERTIUM MEDIOPUNCTATUM,FALSE,,MACCAFFERTIUM MEDIOPUNCTATUM
Maccaffertium meririvulanum,MACCAFFERTIUM MERIRIVULANUM,FALSE,,MACCAFFERTIUM MERIRIVULANUM
Maccaffertium mexicanum,MACCAFFERTIUM MEXICANUM,FALSE,,MACCAFFERTIUM MEXICANUM
Maccaffertium modestum,MACCAFFERTIUM MODESTUM,FALSE,,MACCAFFERTIUM MODESTUM
Maccaffertium pulchellum,MACCAFFERTIUM PULCHELLUM,FALSE,,MACCAFFERTIUM PULCHELLUM
Maccaffertium pulchellum/terminatum,MACCAFFERTIUM PULCHELLUM/TERMINATUM,FALSE,,MACCAFFERTIUM PULCHELLUM/TERMINATUM
Maccaffertium terminatum,MACCAFFERTIUM TERMINATUM,FALSE,,MACCAFFERTIUM TERMINATUM
Maccaffertium vicarium,MACCAFFERTIUM VICARIUM,FALSE,,MACCAFFERTIUM VICARIUM
Macromia,MACROMIA,FALSE,,MACROMIA
Macromia illinoiensis,MACROMIA ILLINOIENSIS,FALSE,,MACROMIA ILLINOIENSIS
Macromia taeniolata,MACROMIA TAENIOLATA,FALSE,,MACROMIA TAENIOLATA
Macromiidae,MACROMIIDAE,FALSE,,MACROMIIDAE
Macronychus,MACRONYCHUS,FALSE,,MACRONYCHUS
Macronychus glabratus,MACRONYCHUS GLABRATUS,FALSE,,MACRONYCHUS GLABRATUS
Macrovelia,MACROVELIA,FALSE,,MACROVELIA
Macroveliidae,MACROVELIIDAE,FALSE,,MACROVELIIDAE
Malacostraca,MALACOSTRACA,FALSE,,MALACOSTRACA
Matus,MATUS,FALSE,,MATUS
Matus bicarinatus,MATUS BICARINATUS,FALSE,,MATUS BICARINATUS
Mayatrichia,MAYATRICHIA,FALSE,,MAYATRICHIA
Mayatrichia ayama,MAYATRICHIA AYAMA,FALSE,,MAYATRICHIA AYAMA
Menetus,MENETUS,FALSE,,MENETUS
Merragata hebroides,MERRAGATA HEBROIDES,FALSE,,MERRAGATA HEBROIDES
Mesovelia,MESOVELIA,FALSE,,MESOVELIA
Mesovelia mulsanti,MESOVELIA MULSANTI,FALSE,,MESOVELIA MULSANTI
Mesoveliidae,MESOVELIIDAE,FALSE,,MESOVELIIDAE
Metriocnemus eurynotus,METRIOCNEMUS EURYNOTUS,FALSE,,METRIOCNEMUS EURYNOTUS
Metrobates,METROBATES,FALSE,,METROBATES
Metrobates hesperius,METROBATES HESPERIUS,FALSE,,METROBATES HESPERIUS
Micrasema,MICRASEMA,FALSE,,MICRASEMA
Micrasema gelidum,MICRASEMA GELIDUM,FALSE,,MICRASEMA GELIDUM
Microvelia,MICROVELIA,FALSE,,MICROVELIA
Microvelia americana,MICROVELIA AMERICANA,FALSE,,MICROVELIA AMERICANA
Miridae,MIRIDAE,FALSE,,MIRIDAE
Mollusca,MOLLUSCA,FALSE,,MOLLUSCA
Monohelea/Bezzia/Palpomyia,MONOHELEA/BEZZIA/PALPOMYIA,FALSE,,MONOHELEA/BEZZIA/PALPOMYIA
Muscidae,MUSCIDAE,FALSE,,MUSCIDAE
Musculium,MUSCULIUM,FALSE,,MUSCULIUM
Naididae,NAIDIDAE,FALSE,,NAIDIDAE
Nasiaeschna pentacantha,NASIAESCHNA PENTACANTHA,FALSE,,NASIAESCHNA PENTACANTHA
Nectopsyche,NECTOPSYCHE,FALSE,,NECTOPSYCHE
Nectopsyche albida,NECTOPSYCHE ALBIDA,FALSE,,NECTOPSYCHE ALBIDA
Nectopsyche candida,NECTOPSYCHE CANDIDA,FALSE,,NECTOPSYCHE CANDIDA
Nectopsyche diarina,NECTOPSYCHE DIARINA,FALSE,,NECTOPSYCHE DIARINA
Nectopsyche exquisita,NECTOPSYCHE EXQUISITA,FALSE,,NECTOPSYCHE EXQUISITA
Nectopsyche pavida,NECTOPSYCHE PAVIDA,FALSE,,NECTOPSYCHE PAVIDA
Nematoda,NEMATODA,FALSE,,NEMATODA
Nematomorpha,NEMATOMORPHA,FALSE,,NEMATOMORPHA
Nemotelus,NEMOTELUS,FALSE,,NEMOTELUS
Nemouridae,NEMOURIDAE,FALSE,,NEMOURIDAE
Neogerris,NEOGERRIS,FALSE,,NEOGERRIS
Neoperla,NEOPERLA,FALSE,,NEOPERLA
Neophylax,NEOPHYLAX,FALSE,,NEOPHYLAX
Neophylax concinnus,NEOPHYLAX CONCINNUS,FALSE,,NEOPHYLAX CONCINNUS
Neoplasta,NEOPLASTA,FALSE,,NEOPLASTA
Neoplea,NEOPLEA,FALSE,,NEOPLEA
Neoplea striola,NEOPLEA STRIOLA,FALSE,,NEOPLEA STRIOLA
Neoporus,NEOPORUS,FALSE,,NEOPORUS
Neoporus clypealis,NEOPORUS CLYPEALIS,FALSE,,NEOPORUS CLYPEALIS
Neoporus dimidiatus,NEOPORUS DIMIDIATUS,FALSE,,NEOPORUS DIMIDIATUS
Neoporus hybridus,NEOPORUS HYBRIDUS,FALSE,,NEOPORUS HYBRIDUS
Neoporus striatopunctatus,NEOPORUS STRIATOPUNCTATUS,FALSE,,NEOPORUS STRIATOPUNCTATUS
Neoporus superioris,NEOPORUS SUPERIORIS,FALSE,,NEOPORUS SUPERIORIS
Neoporus tennetum,NEOPORUS TENNETUM,FALSE,,NEOPORUS TENNETUM
Neoporus undulatus,NEOPORUS UNDULATUS,FALSE,,NEOPORUS UNDULATUS
Neoporus vittatus,NEOPORUS VITTATUS,FALSE,,NEOPORUS VITTATUS
Nepa,NEPA,FALSE,,NEPA
Nepa apiculata,NEPA APICULATA,FALSE,,NEPA APICULATA
Neureclipsis,NEURECLIPSIS,FALSE,,NEURECLIPSIS
Neurocordulia,NEUROCORDULIA,FALSE,,NEUROCORDULIA
Neurocordulia molesta,NEUROCORDULIA MOLESTA,FALSE,,NEUROCORDULIA MOLESTA
Neuroptera,NEUROPTERA,FALSE,,NEUROPTERA
Nigronia serricornis,NIGRONIA SERRICORNIS,FALSE,,NIGRONIA SERRICORNIS
Nilobezzia,NILOBEZZIA,FALSE,,NILOBEZZIA
Nixe,NIXE,FALSE,"at some point may want to consider collapsing to subfamily Ecydonurinae = Nixe, Leucrocuta, Afghanurus, and Ecdyonurus",NIXE
Nixe inconspicua,NIXE INCONSPICUA,FALSE,,NIXE INCONSPICUA
Nixe lucidipennis,NIXE LUCIDIPENNIS,FALSE,,NIXE LUCIDIPENNIS
Nixe perfida,NIXE PERFIDA,FALSE,,NIXE PERFIDA
Nixe/Leucrocuta,NIXE/LEUCROCUTA,FALSE,,NIXE/LEUCROCUTA
Notiphila,NOTIPHILA,FALSE,,NOTIPHILA
Notonecta,NOTONECTA,FALSE,,NOTONECTA
Notonecta irrorata,NOTONECTA IRRORATA,FALSE,,NOTONECTA IRRORATA
Notonecta undulata,NOTONECTA UNDULATA,FALSE,,NOTONECTA UNDULATA
Notonectidae,NOTONECTIDAE,FALSE,,NOTONECTIDAE
Nyctiophylax,NYCTIOPHYLAX,FALSE,,NYCTIOPHYLAX
Nymphula,NYMPHULA,FALSE,,NYMPHULA
Ochrotrichia,OCHROTRICHIA,FALSE,,OCHROTRICHIA
Odonata,ODONATA,FALSE,,ODONATA
Odontomyia,ODONTOMYIA,FALSE,,ODONTOMYIA/HEDRIODISCUS
Odontomyia/Hedriodiscus,ODONTOMYIA/HEDRIODISCUS,FALSE,,ODONTOMYIA/HEDRIODISCUS
Oecetis,OECETIS,FALSE,,OECETIS
Oecetis avara,OECETIS AVARA,FALSE,,OECETIS AVARA
Oecetis avara/disjuncta,OECETIS AVARA/DISJUNCTA,FALSE,,OECETIS AVARA/DISJUNCTA
Oecetis cinerascens,OECETIS CINERASCENS,FALSE,,OECETIS CINERASCENS
Oecetis disjuncta,OECETIS DISJUNCTA,FALSE,,OECETIS SORDIDA
Oecetis immobilis,OECETIS IMMOBILIS,FALSE,,OECETIS IMMOBILIS
Oecetis inconspicua complex,OECETIS INCONSPICUA COMPLEX,FALSE,,OECETIS INCONSPICUA COMPLEX
Oecetis nocturna,OECETIS NOCTURNA,FALSE,,OECETIS NOCTURNA
Oligochaeta,OLIGOCHAETA,FALSE,,OLIGOCHAETA CLITELLATA
Ophiogomphus,OPHIOGOMPHUS,FALSE,,OPHIOGOMPHUS
Ophiogomphus rupinsulensis,OPHIOGOMPHUS RUPINSULENSIS,FALSE,,OPHIOGOMPHUS RUPINSULENSIS
Ophiogomphus smithi,OPHIOGOMPHUS SMITHI,FALSE,,OPHIOGOMPHUS SMITHI
Ophiogomphus westfalli,OPHIOGOMPHUS WESTFALLI,FALSE,,OPHIOGOMPHUS WESTFALLI
Optioservus,OPTIOSERVUS,FALSE,,OPTIOSERVUS
Optioservus fastiditus,OPTIOSERVUS FASTIDITUS,FALSE,,OPTIOSERVUS FASTIDITUS
Orconectes,ORCONECTES,FALSE,,ORCONECTES
Orconectes immunis,ORCONECTES IMMUNIS,FALSE,,ORCONECTES IMMUNIS
Orconectes propinquus,ORCONECTES PROPINQUUS,FALSE,,ORCONECTES PROPINQUUS
Orconectes rusticus,ORCONECTES RUSTICUS,FALSE,,ORCONECTES RUSTICUS
Orconectes virilis,ORCONECTES VIRILIS,FALSE,,ORCONECTES VIRILIS
Oreodytes,OREODYTES,FALSE,,OREODYTES
Ormosia,ORMOSIA,FALSE,,ORMOSIA
Orthotrichia,ORTHOTRICHIA,FALSE,,ORTHOTRICHIA
Oxycera,OXYCERA,FALSE,,OXYCERA
Oxyethira,OXYETHIRA,FALSE,,OXYETHIRA
Pachydiplax longipennis,PACHYDIPLAX LONGIPENNIS,FALSE,,PACHYDIPLAX LONGIPENNIS
Palmacorixa,PALMACORIXA,FALSE,,PALMACORIXA
Palmacorixa buenoi,PALMACORIXA BUENOI,FALSE,,PALMACORIXA BUENOI
Palmacorixa gillettei,PALMACORIXA GILLETTEI,FALSE,,PALMACORIXA GILLETTEI
Palmacorixa nana,PALMACORIXA NANA,FALSE,,PALMACORIXA NANA
Palpomyia,PALPOMYIA,FALSE,,PALPOMYIA
Pantala,PANTALA,FALSE,,PANTALA
Pantala flavescens,PANTALA FLAVESCENS,FALSE,,PANTALA FLAVESCENS
Pantala hymenaea,PANTALA HYMENAEA,FALSE,,PANTALA HYMENAEA
Paracloeodes,PARACLOEODES,FALSE,,PARACLOEODES
Paracloeodes minutus,PARACLOEODES MINUTUS,FALSE,,PARACLOEODES MINUTUS
Paracymus,PARACYMUS,FALSE,,PARACYMUS
Paracymus despectus,PARACYMUS DESPECTUS,FALSE,,PARACYMUS DESPECTUS
Paracymus subcupreus,PARACYMUS SUBCUPREUS,FALSE,,PARACYMUS SUBCUPREUS
Paragnetina,PARAGNETINA,FALSE,,PARAGNETINA
Paragnetina media,PARAGNETINA MEDIA,FALSE,,PARAGNETINA MEDIA
Paragordius,PARAGORDIUS,FALSE,,PARAGORDIUS
Paraleptophlebia,PARALEPTOPHLEBIA,FALSE,,PARALEPTOPHLEBIA
Paraleptophlebia praepedita,PARALEPTOPHLEBIA PRAEPEDITA,FALSE,,PARALEPTOPHLEBIA PRAEPEDITA
Paraplea,PARAPLEA,FALSE,,PARAPLEA
Parapsyche apicalis,PARAPSYCHE APICALIS,FALSE,,PARAPSYCHE APICALIS
Parydra,PARYDRA,FALSE,,PARYDRA
Pedicia,PEDICIA,FALSE,,PEDICIA
Pelocoris,PELOCORIS,FALSE,,PELOCORIS
Pelocoris femoratus,PELOCORIS FEMORATUS,FALSE,,PELOCORIS FEMORATUS
Peltodytes,PELTODYTES,FALSE,,PELTODYTES
Peltodytes dunavani/pedunculatus,PELTODYTES DUNAVANI/PEDUNCULATUS,FALSE,,PELTODYTES DUNAVANI/PEDUNCULATUS
Peltodytes duodecimpuntatus,PELTODYTES DUODECIMPUNTATUS,FALSE,,PELTODYTES DUODECIMPUNTATUS
Peltodytes edentulus,PELTODYTES EDENTULUS,FALSE,,PELTODYTES EDENTULUS
Peltodytes sexmaculatus,PELTODYTES SEXMACULATUS,FALSE,,PELTODYTES SEXMACULATUS
Peltodytes tortulosus,PELTODYTES TORTULOSUS,FALSE,,PELTODYTES TORTULOSUS
Pentagenia,PENTAGENIA VITTIGERA,TRUE,VITTIGERA per Todd Hubbard email (11/27/23),PENTAGENIA
Pentagenia vittigera,PENTAGENIA VITTIGERA,FALSE,,PENTAGENIA VITTIGERA
Pericoma,PERICOMA,FALSE,,PERICOMA
Pericoma/Telmatoscopus,PERICOMA/TELMATOSCOPUS,FALSE,,PERICOMA/TELMATOSCOPUS
Perithemis,PERITHEMIS,FALSE,,PERITHEMIS
Perlesta,PERLESTA,FALSE,,PERLESTA
Perlesta ephelida,PERLESTA EPHELIDA,FALSE,,PERLESTA EPHELIDA
Perlidae,PERLIDAE,FALSE,,PERLIDAE
Perlinella,PERLINELLA,FALSE,,PERLINELLA
Perlinella drymo,PERLINELLA DRYMO,FALSE,,PERLINELLA DRYMO
Perlinella ephyre,PERLINELLA EPHYRE,FALSE,,PERLINELLA EPHYRE
Perlodidae,PERLODIDAE,FALSE,,PERLODIDAE
Petrophila,PETROPHILA,FALSE,,PETROPHILA
Philopotamidae,PHILOPOTAMIDAE,FALSE,,PHILOPOTAMIDAE
Phoridae,PHORIDAE,FALSE,,PHORIDAE
Phryganeidae,PHRYGANEIDAE,FALSE,,PHRYGANEIDAE
Physa,PHYSA,FALSE,,PHYSA
Physa acuta,PHYSA ACUTA,FALSE,,PHYSA ACUTA
Physa gyrina,PHYSA GYRINA,FALSE,,PHYSA GYRINA
Physidae,PHYSIDAE,FALSE,,PHYSIDAE
Pilaria,PILARIA,FALSE,,PILARIA
Pisidium,PISIDIUM,FALSE,,PISIDIUM
Placobdella,PLACOBDELLA,FALSE,,PLACOBDELLA
Placobdella montifera,PLACOBDELLA MONTIFERA,FALSE,,PLACOBDELLA MONTIFERA
Placobdella multilineata,PLACOBDELLA MULTILINEATA,FALSE,,PLACOBDELLA MULTILINEATA
Placobdella multilineata/papillifera,PLACOBDELLA MULTILINEATA/PAPILLIFERA,FALSE,,PLACOBDELLA MULTILINEATA/PAPILLIFERA
Placobdella nuchalis,PLACOBDELLA NUCHALIS,FALSE,,PLACOBDELLA NUCHALIS
Placobdella ornata,PLACOBDELLA ORNATA,FALSE,,PLACOBDELLA ORNATA
Placobdella papillifera,PLACOBDELLA PAPILLIFERA,FALSE,,PLACOBDELLA PAPILLIFERA
Placobdella parasitica,PLACOBDELLA PARASITICA,FALSE,,PLACOBDELLA PARASITICA
Placobdella phalera,PLACOBDELLA PHALERA,FALSE,,PLACOBDELLA PHALERA
Placobdella picta,PLACOBDELLA PICTA,FALSE,,PLACOBDELLA PICTA
Planorbella,PLANORBELLA,FALSE,,PLANORBELLA
Planorbella trivolvis,PLANORBELLA TRIVOLVIS,FALSE,,PLANORBELLA TRIVOLVIS
Planorbidae,PLANORBIDAE,FALSE,,PLANORBIDAE
Platambus,PLATAMBUS,FALSE,,PLATAMBUS
Platambus semivittatus,PLATAMBUS SEMIVITTATUS,FALSE,,PLATAMBUS SEMIVITTATUS
Plathemis,PLATHEMIS,FALSE,,PLATHEMIS
Plathemis lydia,PLATHEMIS LYDIA,FALSE,,PLATHEMIS LYDIA
Platycentropus,PLATYCENTROPUS,FALSE,,PLATYCENTROPUS
Platycentropus radiatus,PLATYCENTROPUS RADIATUS,FALSE,,PLATYCENTROPUS RADIATUS
Platyhelminthes,PLATYHELMINTHES,FALSE,,PLATYHELMINTHES
Plauditus,PLAUDITUS,FALSE,,PLAUDITUS
Plauditus cestus,PLAUDITUS CESTUS,FALSE,,PLAUDITUS CESTUS
Plauditus cingulatus,PLAUDITUS CINGULATUS,FALSE,,PLAUDITUS CINGULATUS
Plauditus dubius,PLAUDITUS DUBIUS,FALSE,,PLAUDITUS DUBIUS
Plauditus dubius/punctiventris,PLAUDITUS DUBIUS/PUNCTIVENTRIS,FALSE,,PLAUDITUS DUBIUS/PUNCTIVENTRIS
Plauditus dubius/virilis,PLAUDITUS DUBIUS/VIRILIS,FALSE,,PLAUDITUS DUBIUS/VIRILIS
Plauditus punctiventris,PLAUDITUS PUNCTIVENTRIS,FALSE,,PLAUDITUS PUNCTIVENTRIS
Plauditus punctiventris/virilis,PLAUDITUS PUNCTIVENTRIS/VIRILIS,FALSE,,PLAUDITUS PUNCTIVENTRIS/VIRILIS
Plauditus virilis,PLAUDITUS VIRILIS,FALSE,,PLAUDITUS VIRILIS
Plecoptera,PLECOPTERA,FALSE,,PLECOPTERA
Pleidae,PLEIDAE,FALSE,,PLEIDAE
Pleurocera,PLEUROCERA,FALSE,,PLEUROCERA
Pleurocera acuta,PLEUROCERA ACUTA,FALSE,,PLEUROCERA ACUTA
Pleuroceridae,PLEUROCERIDAE,FALSE,,PLEUROCERIDAE
Polycentropodidae,POLYCENTROPODIDAE,FALSE,,POLYCENTROPODIDAE
Polycentropus,POLYCENTROPUS,FALSE,,POLYCENTROPUS
Polymitarcyidae,POLYMITARCYIDAE,FALSE,,POLYMITARCYIDAE
Potamanthidae,POTAMANTHIDAE,FALSE,,POTAMANTHIDAE
Potamilus,POTAMILUS,FALSE,,POTAMILUS
Potamilus ohiensis,POTAMILUS OHIENSIS,FALSE,,POTAMILUS OHIENSIS
Potamyia,POTAMYIA,FALSE,,POTAMYIA
Potamyia flava,POTAMYIA FLAVA,FALSE,,POTAMYIA FLAVA
Probezzia,PROBEZZIA,FALSE,,PROBEZZIA
Procambarus acutus,PROCAMBARUS ACUTUS,FALSE,,PROCAMBARUS ACUTUS
Procloeon,PROCLOEON,FALSE,,PROCLOEON
Procloeon fragile,PROCLOEON FRAGILE,FALSE,,PROCLOEON FRAGILE
Procloeon rivulare,PROCLOEON RIVULARE,FALSE,,PROCLOEON RIVULARE
Procloeon rubropictum,PROCLOEON RUBROPICTUM,FALSE,,PROCLOEON RUBROPICTUM
Procloeon rufostrigatum,PROCLOEON RUFOSTRIGATUM,FALSE,,PROCLOEON RUFOSTRIGATUM
Procloeon viridoculare,PROCLOEON VIRIDOCULARE,FALSE,,PROCLOEON VIRIDOCULARE
Prodiamesa olivacea,PRODIAMESA OLIVACEA,FALSE,,PRODIAMESA OLIVACEA
Progomphus,PROGOMPHUS,FALSE,,PROGOMPHUS
Progomphus obscurus,PROGOMPHUS OBSCURUS,FALSE,,PROGOMPHUS OBSCURUS
Promenetus,PROMENETUS,FALSE,,PROMENETUS
Promenetus exacuous,PROMENETUS EXACUOUS,FALSE,,PROMENETUS EXACUOUS
Prosimulium,PROSIMULIUM,FALSE,,PROSIMULIUM
Protoptila,PROTOPTILA,FALSE,,PROTOPTILA
Pseudocentroptiloides,PSEUDOCENTROPTILOIDES,FALSE,,PSEUDOCENTROPTILOIDES
Pseudostenophylax,PSEUDOSTENOPHYLAX,FALSE,,PSEUDOSTENOPHYLAX
Pseudostenophylax uniformis,PSEUDOSTENOPHYLAX UNIFORMIS,FALSE,,PSEUDOSTENOPHYLAX UNIFORMIS
Pseudosuccinea,PSEUDOSUCCINEA,FALSE,,PSEUDOSUCCINEA
Pseudosuccinea columella,PSEUDOSUCCINEA COLUMELLA,FALSE,,PSEUDOSUCCINEA COLUMELLA
Psychodidae,PSYCHODIDAE,FALSE,,PSYCHODIDAE
Psychomyia,PSYCHOMYIA,FALSE,,PSYCHOMYIA
Psychomyia flavida,PSYCHOMYIA FLAVIDA,FALSE,,PSYCHOMYIA FLAVIDA
Psychomyiidae,PSYCHOMYIIDAE,FALSE,,PSYCHOMYIIDAE
Pteronarcyidae,PTERONARCYIDAE,FALSE,,PTERONARCYIDAE
Pteronarcys,PTERONARCYS,FALSE,,PTERONARCYS
Pteronarcys pictetii,PTERONARCYS PICTETII,FALSE,,PTERONARCYS PICTETII
Pteronarcys pictetti,PTERONARCYS PICTETII,TRUE,misspelling,PTERONARCYS PICTETII
Ptilodactylidae,PTILODACTYLIDAE,FALSE,,PTILODACTYLIDAE
Ptilostomis,PTILOSTOMIS,FALSE,,PTILOSTOMIS
Ptychoptera,PTYCHOPTERA,FALSE,,PTYCHOPTERA
Pycnopsyche,PYCNOPSYCHE,FALSE,,PYCNOPSYCHE
Pyralidae,PYRALIDAE,FALSE,,PYRALIDAE
Pyroderces,PYRODERCES,FALSE,,PYRODERCES
Quadrula pustulosa,QUADRULA PUSTULOSA,FALSE,,QUADRULA PUSTULOSA
Ranatra,RANATRA,FALSE,,RANATRA
Ranatra fusca,RANATRA FUSCA,FALSE,,RANATRA FUSCA
Ranatra nigra,RANATRA NIGRA,FALSE,,RANATRA NIGRA
Raptoheptagenia cruentata,RAPTOHEPTAGENIA CRUENTATA,FALSE,,RAPTOHEPTAGENIA CRUENTATA
Rhagovelia,RHAGOVELIA,FALSE,,RHAGOVELIA
Rhagovelia obesa,RHAGOVELIA OBESA,FALSE,,RHAGOVELIA OBESA
Rhagovelia oriander,RHAGOVELIA ORIANDER,FALSE,,RHAGOVELIA ORIANDER
Rhantus gutticollis,RHANTUS GUTTICOLLIS,FALSE,,RHANTUS GUTTICOLLIS
Rheumatobates,RHEUMATOBATES,FALSE,,RHEUMATOBATES
Rheumatobates palosi,RHEUMATOBATES PALOSI,FALSE,,RHEUMATOBATES PALOSI
Rheumatobates tenuipes,RHEUMATOBATES TENUIPES,FALSE,,RHEUMATOBATES TENUIPES
Rhithrogena,RHITHROGENA,FALSE,,RHITHROGENA
Rhithrogena jejuna,RHITHROGENA JEJUNA,FALSE,,RHITHROGENA JEJUNA
Rhithrogena manifesta,RHITHROGENA MANIFESTA,FALSE,,RHITHROGENA MANIFESTA
Rhyacophila,RHYACOPHILA,FALSE,,RHYACOPHILA
Robackia demeijerei,ROBACKIA DEMEIJEREI,FALSE,,ROBACKIA DEMEIJEREI
Saldidae,SALDIDAE,FALSE,,SALDIDAE
Sanfilippodytes pseudovilis,SANFILIPPODYTES PSEUDOVILIS,FALSE,,SANFILIPPODYTES PSEUDOVILIS
Sciomyzidae,SCIOMYZIDAE,FALSE,,SCIOMYZIDAE
Scirtes,SCIRTES,FALSE,,SCIRTIDAE
Scirtidae,SCIRTIDAE,FALSE,,SCIRTIDAE
Sepedon,SEPEDON,FALSE,,SEPEDON
Serratella,SERRATELLA,FALSE,,SERRATELLA
Sialis,SIALIS,FALSE,,SIALIS
Sigara,SIGARA,FALSE,,SIGARA
Sigara alternata,SIGARA ALTERNATA,FALSE,,SIGARA ALTERNATA
Sigara bicoloripennis,SIGARA BICOLORIPENNIS,FALSE,,SIGARA BICOLORIPENNIS
Sigara grossolineata,SIGARA GROSSOLINEATA,FALSE,,SIGARA GROSSOLINEATA
Sigara lineata,SIGARA LINEATA,FALSE,,SIGARA LINEATA
Sigara mathesoni,SIGARA MATHESONI,FALSE,,SIGARA MATHESONI
Sigara trilineata,SIGARA TRILINEATA,FALSE,,SIGARA TRILINEATA
Silvius,SILVIUS,FALSE,,SILVIUS
Simuliidae,SIMULIIDAE,FALSE,,SIMULIIDAE
Simulium,SIMULIUM,FALSE,,SIMULIUM
Simulium aureum,SIMULIUM AUREUM,FALSE,,SIMULIUM AUREUM
Simulium decorum,SIMULIUM DECORUM,FALSE,,SIMULIUM DECORUM
Simulium jenningsi/luggeri,SIMULIUM JENNINGSI/LUGGERI,FALSE,,SIMULIUM JENNINGSI/LUGGERI
Simulium meridionale,SIMULIUM MERIDIONALE,FALSE,,SIMULIUM MERIDIONALE
Simulium tuberosum,SIMULIUM TUBEROSUM,FALSE,,SIMULIUM TUBEROSUM
Simulium vittatum,SIMULIUM VITTATUM,FALSE,,SIMULIUM VITTATUM
Siphlonurus marshalli,SIPHLONURUS MARSHALLI,FALSE,,SIPHLONURUS MARSHALLI
Siphloplecton interlineatum,SIPHLOPLECTON INTERLINEATUM,FALSE,,SIPHLOPLECTON INTERLINEATUM
Sisyra,SISYRA,FALSE,,SISYRA
Sisyridae,SISYRIDAE,FALSE,,SISYRIDAE
Somatochlora,SOMATOCHLORA,FALSE,,SOMATOCHLORA
Somatochlora ensigera,SOMATOCHLORA ENSIGERA,FALSE,,SOMATOCHLORA ENSIGERA
Somatochlora linearis,SOMATOCHLORA LINEARIS,FALSE,,SOMATOCHLORA LINEARIS
Somatogyrus depressus,SOMATOGYRUS DEPRESSUS,FALSE,,SOMATOGYRUS DEPRESSUS
Sparbarus,SPARBARUS,FALSE,,SPARBARUS
Sparbarus lacustris,SPARBARUS LACUSTRIS,FALSE,,SPARBARUS LACUSTRIS
Sparbarus nasutus,SPARBARUS NASUTUS,FALSE,,SPARBARUS NASUTUS
Sperchopsis,SPERCHOPSIS,FALSE,,SPERCHOPSIS
Sperchopsis tessellata,SPERCHOPSIS TESSELLATA,FALSE,,SPERCHOPSIS TESSELLATA
Sphaeriidae,SPHAERIIDAE,FALSE,,SPHAERIIDAE
Stactobiella,STACTOBIELLA,FALSE,,STACTOBIELLA
Stagnicola,STAGNICOLA,FALSE,,STAGNICOLA
Staphylinidae,STAPHYLINIDAE,FALSE,,EXCLUDE
Stenacron,STENACRON,FALSE,,STENACRON
Stenacron interpunctatum,STENACRON INTERPUNCTATUM,FALSE,,STENACRON INTERPUNCTATUM
Stenelmis,STENELMIS,FALSE,,STENELMIS
Stenelmis cheryl,STENELMIS CHERYL,FALSE,,STENELMIS CHERYL
Stenelmis crenata,STENELMIS CRENATA,FALSE,,STENELMIS CRENATA
Stenelmis decorata,STENELMIS DECORATA,FALSE,,STENELMIS DECORATA
Stenelmis grossa,STENELMIS GROSSA,FALSE,,STENELMIS GROSSA
Stenelmis musgravei,STENELMIS MUSGRAVEI,FALSE,,STENELMIS MUSGRAVEI
Stenelmis sexlineata,STENELMIS SEXLINEATA,FALSE,,STENELMIS SEXLINEATA
Stenonema,STENONEMA FEMORATUM,TRUE,should all be STENONEMA FEMORATUM from 2005 onward; pre 2005 were likely immature MACCAFFERTIUM,MACCAFFERTIUM
Stenonema femoratum,STENONEMA FEMORATUM,FALSE,,STENONEMA FEMORATUM
Stictotarsus griseostriatus,STICTOTARSUS GRISEOSTRIATUS,FALSE,,BOREONECTES GRISEOSTRIATUS
Stratiomyidae,STRATIOMYIDAE,FALSE,,STRATIOMYIDAE
Stratiomys,STRATIOMYS,FALSE,,STRATIOMYS
Stygobromus,STYGOBROMUS,FALSE,,STYGOBROMUS
Stylogomphus,STYLOGOMPHUS,FALSE,,STYLOGOMPHUS
Stylurus,STYLURUS,FALSE,,STYLURUS
Stylurus amnicola,STYLURUS AMNICOLA,FALSE,,STYLURUS AMNICOLA
Stylurus notatus,STYLURUS NOTATUS,FALSE,,STYLURUS NOTATUS
Stylurus plagiatus,STYLURUS PLAGIATUS,FALSE,,STYLURUS PLAGIATUS
Stylurus spiniceps,STYLURUS SPINICEPS,FALSE,,STYLURUS SPINICEPS
Succinea,SUCCINEA,FALSE,,SUCCINEA
Sympetrum,SYMPETRUM,FALSE,,SYMPETRUM
Sympetrum internum,SYMPETRUM INTERNUM,FALSE,,SYMPETRUM INTERNUM
Sympetrum vicinum,SYMPETRUM VICINUM,FALSE,,SYMPETRUM VICINUM
Syrphidae,SYRPHIDAE,FALSE,,SYRPHIDAE
Tabanidae,TABANIDAE,FALSE,,TABANIDAE
Tabanus,TABANUS,FALSE,,TABANUS
Tabanus/Atylotus,TABANUS/ATYLOTUS,FALSE,,TABANUS/ATYLOTUS
Tabanus/Whitneyomia/Atylotus,TABANUS/WHITNEYOMIA/ATYLOTUS,FALSE,,TABANUS/WHITNEYOMIA/ATYLOTUS
Taeniopterygidae,TAENIOPTERYGIDAE,FALSE,,TAENIOPTERYGIDAE
Taeniopteryx,TAENIOPTERYX,FALSE,,TAENIOPTERYX
Teloganopsis deficiens,TELOGANOPSIS DEFICIENS,FALSE,,TELOGANOPSIS DEFICIENS
Thermonectus basilaris,THERMONECTUS BASILARIS,FALSE,,THERMONECTUS BASILARIS
Thermonectus nigrofasciatus,THERMONECTUS NIGROFASCIATUS,FALSE,,THERMONECTUS NIGROFASCIATUS
Theromyzon,THEROMYZON,FALSE,,THEROMYZON
Tipula,TIPULA,FALSE,,TIPULA
Tipulidae,TIPULIDAE,FALSE,,TIPULIDAE
Tortopus primus,TORTOPUS PRIMUS,FALSE,,TORTOPUS PRIMUS
Toxolasma,TOXOLASMA,FALSE,,TOXOLASMA
Toxolasma parvum,TOXOLASMA PARVUM,FALSE,,TOXOLASMA PARVUM
Tramea,TRAMEA,FALSE,,TRAMEA
Trepobates,TREPOBATES,FALSE,,TREPOBATES
Trepobates pictus,TREPOBATES PICTUS,FALSE,,TREPOBATES PICTUS
Trepobates subnitidus,TREPOBATES SUBNITIDUS,FALSE,,TREPOBATES SUBNITIDUS
Triaenodes,TRIAENODES,FALSE,,TRIAENODES
Triaenodes marginatus,TRIAENODES MARGINATUS,FALSE,,TRIAENODES MARGINATUS
Triaenodes melaca,TRIAENODES MELACA,FALSE,,TRIAENODES MELACA
Trichoclinocera/Clinocera,TRICHOCLINOCERA/CLINOCERA,FALSE,,TRICHOCLINOCERA/CLINOCERA
Trichocorixa,TRICHOCORIXA,FALSE,,TRICHOCORIXA
Trichocorixa borealis,TRICHOCORIXA BOREALIS,FALSE,,TRICHOCORIXA BOREALIS
Trichocorixa calva,TRICHOCORIXA CALVA,FALSE,,TRICHOCORIXA CALVA
Trichocorixa kanza,TRICHOCORIXA KANZA,FALSE,,TRICHOCORIXA KANZA
Trichocorixa sexcincta,TRICHOCORIXA SEXCINCTA,FALSE,,TRICHOCORIXA SEXCINCTA
Trichoptera,TRICHOPTERA,FALSE,,TRICHOPTERA
Tricladida,TRICLADIDA,FALSE,,TRICLADIDA
Tricorythodes,TRICORYTHODES,FALSE,,TRICORYTHODES
Trombidiformes,TROMBIDIFORMES,FALSE,,TROMBIDIFORMES
Tropisternus,TROPISTERNUS,FALSE,,TROPISTERNUS
Tropisternus affinis,TROPISTERNUS AFFINIS,FALSE,,TROPISTERNUS AFFINIS
Tropisternus blatchleyi,TROPISTERNUS BLATCHLEYI,FALSE,,TROPISTERNUS BLATCHLEYI
Tropisternus collaris,TROPISTERNUS COLLARIS,FALSE,,TROPISTERNUS COLLARIS
Tropisternus columbianus,TROPISTERNUS COLUMBIANUS,FALSE,,TROPISTERNUS COLUMBIANUS
Tropisternus glaber,TROPISTERNUS GLABER,FALSE,,TROPISTERNUS GLABER
Tropisternus lateralis,TROPISTERNUS LATERALIS,FALSE,,TROPISTERNUS LATERALIS
Tropisternus mixtus,TROPISTERNUS MIXTUS,FALSE,,TROPISTERNUS MIXTUS
Tropisternus natator,TROPISTERNUS NATATOR,FALSE,,TROPISTERNUS NATATOR
Truncilla donaciformis,TRUNCILLA DONACIFORMIS,FALSE,,TRUNCILLA DONACIFORMIS
Tubificidae,TUBIFICIDAE,FALSE,,TUBIFICIDAE
Turbellaria,TURBELLARIA,FALSE,,TURBELLARIA
Unionidae,UNIONIDAE,FALSE,,UNIONIDAE
Uvarus,UVARUS,FALSE,,UVARUS
Uvarus granarius,UVARUS GRANARIUS,FALSE,,UVARUS GRANARIUS
Uvarus lacustris,UVARUS LACUSTRIS,FALSE,,UVARUS LACUSTRIS
Valvata,VALVATA,FALSE,,VALVATA
Valvata tricarinata,VALVATA TRICARINATA,FALSE,,VALVATA TRICARINATA
Veliidae,VELIIDAE,FALSE,,VELIIDAE
Veneroida,VENEROIDA,FALSE,,VENEROIDA
Viviparidae,VIVIPARIDAE,FALSE,,VIVIPARIDAE
Wormaldia moesta,WORMALDIA MOESTA,FALSE,,WORMALDIA MOESTA
